pet_name,pet_species,pet_breed,pet_age_group,pet_color,pet_temperaments,adopter_living,adopter_activity,adopter_experience,adopter_has_kids,adopter_has_pets,adopter_hours_alone,adopter_desired_tags,living_apartment,living_yard,living_no_yard,activity_relaxed,activity_moderate,activity_high,exp_first_time,exp_experienced,has_kids,has_other_pets,hours_0_3,hours_4_7,hours_8_plus,special_care_cap,is_dog,is_cat,age_kitten_puppy,age_young,age_adult,age_senior,pet_special_need,tag_similarity,color_matched,adopter_tag_friendly,adopter_tag_calm,adopter_tag_energetic,adopter_tag_shy,adopter_tag_playful,adopter_tag_independent,adopter_tag_affectionate,adopter_tag_protective,pet_tag_friendly,pet_tag_calm,pet_tag_energetic,pet_tag_shy,pet_tag_playful,pet_tag_independent,pet_tag_affectionate,pet_tag_protective,is_compatible
*Ethan,dog,Pit Bull Mix,young,White,Friendly; Energetic; Playful,house_no_yard,relaxed,first_time,1,1,8_plus,Affectionate; Independent; Friendly,0,0,1,1,0,0,1,0,1,1,0,0,1,0,1,0,0,1,0,0,0,0.333333,0,1,0,0,0,0,1,1,0,1,0,1,0,1,0,0,0,1
Nala,dog,Labrador Retriever Mix,kitten_puppy,Brown,Friendly; Energetic; Playful; Affectionate,house_with_yard,moderate,experienced,0,0,4_7,Protective,0,1,0,0,1,0,0,1,0,0,0,1,0,0,1,0,1,0,0,0,0,0.0,1,0,0,0,0,0,0,0,1,1,0,1,0,1,0,1,0,1
Max,dog,German Shepherd/Labrador Retriever,young,Black,Friendly; Energetic; Playful; Affectionate; Protective,house_with_yard,high,experienced,0,1,0_3,Protective; Energetic; Independent,0,1,0,0,0,1,0,1,0,1,1,0,0,0,1,0,0,1,0,0,0,0.516398,0,0,0,1,0,0,1,0,1,1,0,1,0,1,0,1,1,1
Zoe,dog,Belgian Malinois Mix,kitten_puppy,White,Friendly; Energetic; Playful,house_with_yard,relaxed,experienced,0,1,8_plus,Playful,0,1,0,1,0,0,0,1,0,1,0,0,1,0,1,0,1,0,0,0,0,0.57735,0,0,0,0,0,1,0,0,0,1,0,1,0,1,0,0,0,1
Michaelangel,cat,Domestic Shorthair Mix,kitten_puppy,Gray,Energetic; Playful; Affectionate,house_with_yard,moderate,experienced,0,1,0_3,Playful; Energetic,0,1,0,0,1,0,0,1,0,1,1,0,0,1,0,1,1,0,0,0,0,0.816497,0,0,0,1,0,1,0,0,0,0,0,1,0,1,0,1,0,1
Olympia,cat,Domestic Shorthair Mix,kitten_puppy,White,Energetic; Playful; Affectionate,apartment,relaxed,experienced,0,1,0_3,Calm,1,0,0,1,0,0,0,1,0,1,1,0,0,0,0,1,1,0,0,0,0,0.0,0,0,1,0,0,0,0,0,0,0,0,1,0,1,0,1,0,1
Bella,dog,Labrador Retriever Mix,kitten_puppy,Black,Friendly; Energetic; Playful; Affectionate,apartment,high,first_time,0,1,8_plus,Playful; Protective,1,0,0,0,0,1,1,0,0,1,0,0,1,0,1,0,1,0,0,0,0,0.353553,0,0,0,0,0,1,0,0,1,1,0,1,0,1,0,1,0,0
Magnolia,dog,Labrador Retriever Mix,kitten_puppy,Brown,Friendly; Energetic; Playful; Affectionate,house_with_yard,relaxed,experienced,0,1,0_3,Shy; Calm,0,1,0,1,0,0,0,1,0,1,1,0,0,0,1,0,1,0,0,0,0,0.0,1,0,1,0,1,0,0,0,0,1,0,1,0,1,0,1,0,1
Izabella,cat,Domestic Shorthair Mix,young,White,Calm; Independent; Affectionate,house_no_yard,relaxed,first_time,0,1,8_plus,Friendly; Affectionate; Independent,0,0,1,1,0,0,1,0,0,1,0,0,1,0,0,1,0,1,0,0,0,0.666667,0,1,0,0,0,0,1,1,0,0,1,0,0,0,1,1,0,1
Nala,dog,Labrador Retriever Mix,kitten_puppy,White,Friendly; Energetic; Playful; Affectionate,house_no_yard,relaxed,experienced,0,1,0_3,Calm; Friendly; Protective,0,0,1,1,0,0,0,1,0,1,1,0,0,0,1,0,1,0,0,0,0,0.288675,0,1,1,0,0,0,0,0,1,1,0,1,0,1,0,1,0,1
Daisy,dog,Staffordshire Mix,young,White,Friendly; Energetic; Playful,house_no_yard,moderate,experienced,1,1,0_3,Playful; Protective,0,0,1,0,1,0,0,1,1,1,1,0,0,0,1,0,0,1,0,0,0,0.408248,0,0,0,0,0,1,0,0,1,1,0,1,0,1,0,0,0,1
Frida,cat,Domestic Longhair Mix,kitten_puppy,Black,Energetic; Playful; Affectionate,apartment,relaxed,first_time,1,0,0_3,Shy; Calm,1,0,0,1,0,0,1,0,1,0,1,0,0,1,0,1,1,0,0,0,0,0.0,0,0,1,0,1,0,0,0,0,0,0,1,0,1,0,1,0,1
*Gus,cat,Domestic Shorthair Mix,adult,Tabby,Calm; Independent; Affectionate,house_no_yard,high,experienced,0,1,0_3,Independent; Protective,0,0,1,0,0,1,0,1,0,1,1,0,0,0,0,1,0,0,1,0,0,0.408248,0,0,0,0,0,0,1,0,1,0,1,0,0,0,1,1,0,1
*Nathaniel,dog,Pit Bull Mix,adult,White,Friendly; Energetic; Affectionate,apartment,high,first_time,1,0,8_plus,Friendly,1,0,0,0,0,1,1,0,1,0,0,0,1,0,1,0,0,0,1,0,0,0.57735,0,1,0,0,0,0,0,0,0,1,0,1,0,0,0,1,0,1
*Mirinda,dog,Boxer Mix,young,White,Friendly; Energetic; Playful,house_with_yard,high,experienced,0,0,0_3,Affectionate,0,1,0,0,0,1,0,1,0,0,1,0,0,0,1,0,0,1,0,0,0,0.0,1,0,0,0,0,0,0,1,0,1,0,1,0,1,0,0,0,1
*Georgia,cat,Domestic Shorthair Mix,kitten_puppy,White,Energetic; Playful; Affectionate,house_no_yard,moderate,experienced,0,1,8_plus,Protective; Calm; Playful,0,0,1,0,1,0,0,1,0,1,0,0,1,0,0,1,1,0,0,0,0,0.333333,0,0,1,0,0,1,0,0,1,0,0,1,0,1,0,1,0,0
*Backlash,cat,Siamese Mix,kitten_puppy,Gray,Energetic; Playful; Affectionate,house_no_yard,moderate,experienced,0,0,0_3,Affectionate; Playful,0,0,1,0,1,0,0,1,0,0,1,0,0,0,0,1,1,0,0,0,0,0.816497,0,0,0,0,0,1,0,1,0,0,0,1,0,1,0,1,0,1
Goldie Lox,dog,Labrador Retriever Mix,kitten_puppy,White,Friendly; Energetic; Playful; Affectionate,apartment,moderate,first_time,0,1,0_3,Protective,1,0,0,0,1,0,1,0,0,1,1,0,0,1,1,0,1,0,0,0,0,0.0,0,0,0,0,0,0,0,0,1,1,0,1,0,1,0,1,0,0
*Helene,cat,Domestic Medium Hair Mix,kitten_puppy,White,Energetic; Playful; Affectionate,apartment,high,first_time,0,1,4_7,Affectionate,1,0,0,0,0,1,1,0,0,1,0,1,0,0,0,1,1,0,0,0,0,0.57735,0,0,0,0,0,0,0,1,0,0,0,1,0,1,0,1,0,1
*Hank,dog,Australian Cattle Dog Mix,kitten_puppy,White,Friendly; Energetic; Playful,house_with_yard,moderate,first_time,1,0,0_3,Independent,0,1,0,0,1,0,1,0,1,0,1,0,0,0,1,0,1,0,0,0,0,0.0,0,0,0,0,0,0,1,0,0,1,0,1,0,1,0,0,0,1
Miles,dog,Border Collie Mix,young,Black,Friendly; Energetic; Playful,house_no_yard,high,experienced,0,0,4_7,Independent; Shy,0,0,1,0,0,1,0,1,0,0,0,1,0,1,1,0,0,1,0,0,0,0.0,0,0,0,0,1,0,1,0,0,1,0,1,0,1,0,0,0,0
*Coral,cat,Domestic Shorthair Mix,kitten_puppy,Orange,Energetic; Playful; Affectionate,house_no_yard,relaxed,first_time,0,0,8_plus,Energetic,0,0,1,1,0,0,1,0,0,0,0,0,1,0,0,1,1,0,0,0,0,0.57735,1,0,0,1,0,0,0,0,0,0,0,1,0,1,0,1,0,0
*Sir Parker,dog,Australian Shepherd/Border Collie,young,White,Friendly; Energetic; Playful; Protective,house_no_yard,relaxed,first_time,1,0,0_3,Calm,0,0,1,1,0,0,1,0,1,0,1,0,0,0,1,0,0,1,0,0,0,0.0,0,0,1,0,0,0,0,0,0,1,0,1,0,1,0,0,1,0
Shelter Rescue,cat,Domestic Shorthair Mix,kitten_puppy,Orange,Energetic; Playful; Affectionate,house_no_yard,moderate,first_time,0,1,8_plus,Friendly; Playful,0,0,1,0,1,0,1,0,0,1,0,0,1,0,0,1,1,0,0,0,0,0.408248,1,1,0,0,0,1,0,0,0,0,0,1,0,1,0,1,0,0
Penelope,dog,Chihuahua Shorthair Mix,adult,Tricolor,Friendly; Calm; Affectionate,house_with_yard,moderate,first_time,1,0,4_7,Independent; Playful,0,1,0,0,1,0,1,0,1,0,0,1,0,0,1,0,0,0,1,0,0,0.0,1,0,0,0,0,1,1,0,0,1,1,0,0,0,0,1,0,1
Shelter Rescue,dog,Dachshund Wirehair Mix,kitten_puppy,Brown,Friendly; Calm; Energetic; Playful; Affectionate,house_with_yard,high,first_time,1,0,4_7,Independent; Friendly; Energetic,0,1,0,0,0,1,1,0,1,0,0,1,0,0,1,0,1,0,0,0,0,0.516398,1,1,0,1,0,0,1,0,0,1,1,1,0,1,0,1,0,1
Chonchi,cat,Domestic Shorthair Mix,adult,Orange,Calm; Independent; Affectionate,house_with_yard,high,first_time,0,1,4_7,Affectionate,0,1,0,0,0,1,1,0,0,1,0,1,0,0,0,1,0,0,1,0,0,0.57735,0,0,0,0,0,0,0,1,0,0,1,0,0,0,1,1,0,1
*Snickers,dog,Australian Cattle Dog/German Shorthair Pointer,kitten_puppy,White,Friendly; Energetic; Playful,apartment,relaxed,first_time,0,0,4_7,Independent,1,0,0,1,0,0,1,0,0,0,0,1,0,0,1,0,1,0,0,0,0,0.0,0,0,0,0,0,0,1,0,0,1,0,1,0,1,0,0,0,0
Rita,dog,Brittany/Labrador Retriever,kitten_puppy,Orange,Friendly; Energetic; Playful; Affectionate,house_with_yard,high,experienced,0,1,8_plus,Playful,0,1,0,0,0,1,0,1,0,1,0,0,1,0,1,0,1,0,0,0,0,0.5,0,0,0,0,0,1,0,0,0,1,0,1,0,1,0,1,0,1
*Azul,dog,Pit Bull Mix,young,White,Friendly; Energetic; Playful,house_with_yard,moderate,experienced,0,1,0_3,Friendly; Affectionate; Calm,0,1,0,0,1,0,0,1,0,1,1,0,0,1,1,0,0,1,0,0,0,0.333333,0,1,1,0,0,0,0,1,0,1,0,1,0,1,0,0,0,1
Shelter Rescue,cat,Domestic Shorthair Mix,kitten_puppy,Black,Energetic; Playful; Affectionate,house_no_yard,relaxed,experienced,0,0,0_3,Friendly; Energetic,0,0,1,1,0,0,0,1,0,0,1,0,0,0,0,1,1,0,0,0,0,0.408248,0,1,0,1,0,0,0,0,0,0,0,1,0,1,0,1,0,1
*Liz,cat,Domestic Shorthair Mix,kitten_puppy,Gray,Energetic; Playful; Affectionate,apartment,high,experienced,0,0,8_plus,Friendly,1,0,0,0,0,1,0,1,0,0,0,0,1,0,0,1,1,0,0,0,0,0.0,1,1,0,0,0,0,0,0,0,0,0,1,0,1,0,1,0,1
Stella,dog,Border Collie/Great Pyrenees,kitten_puppy,White,Friendly; Energetic; Playful,apartment,relaxed,first_time,0,0,8_plus,Independent; Playful; Friendly,1,0,0,1,0,0,1,0,0,0,0,0,1,1,1,0,1,0,0,0,0,0.666667,0,1,0,0,0,1,1,0,0,1,0,1,0,1,0,0,0,0
Rosie,dog,Pit Bull Mix,adult,Brown,Friendly; Energetic; Affectionate,apartment,high,first_time,1,0,0_3,Affectionate,1,0,0,0,0,1,1,0,1,0,1,0,0,0,1,0,0,0,1,0,0,0.57735,0,0,0,0,0,0,0,1,0,1,0,1,0,0,0,1,0,1
*Sierra,cat,Domestic Shorthair Mix,kitten_puppy,Tricolor,Energetic; Playful; Affectionate,house_no_yard,high,first_time,1,0,4_7,Energetic; Independent; Playful,0,0,1,0,0,1,1,0,1,0,0,1,0,0,0,1,1,0,0,0,0,0.666667,0,0,0,1,0,1,1,0,0,0,0,1,0,1,0,1,0,1
*Capri,dog,Australian Cattle Dog Mix,kitten_puppy,Gray,Friendly; Energetic; Playful,house_no_yard,relaxed,experienced,1,1,0_3,Playful,0,0,1,1,0,0,0,1,1,1,1,0,0,0,1,0,1,0,0,0,0,0.57735,0,0,0,0,0,1,0,0,0,1,0,1,0,1,0,0,0,1
Princess,dog,Chihuahua Shorthair Mix,young,White,Friendly; Calm; Energetic; Playful; Affectionate,house_no_yard,high,experienced,0,0,8_plus,Energetic; Shy; Playful,0,0,1,0,0,1,0,1,0,0,0,0,1,0,1,0,0,1,0,0,0,0.516398,0,0,0,1,1,1,0,0,0,1,1,1,0,1,0,1,0,1
Maya,dog,Australian Shepherd/Border Collie,young,White,Friendly; Energetic; Playful; Protective,apartment,high,first_time,0,0,0_3,Friendly; Affectionate; Playful,1,0,0,0,0,1,1,0,0,0,1,0,0,1,1,0,0,1,0,0,0,0.57735,0,1,0,0,0,1,0,1,0,1,0,1,0,1,0,0,1,0
*Polly,cat,Domestic Shorthair Mix,young,White,Calm; Independent; Affectionate,apartment,relaxed,first_time,1,1,0_3,Friendly,1,0,0,1,0,0,1,0,1,1,1,0,0,0,0,1,0,1,0,0,0,0.0,0,1,0,0,0,0,0,0,0,0,1,0,0,0,1,1,0,1
*Paris,cat,Domestic Shorthair Mix,kitten_puppy,White,Energetic; Playful; Affectionate,house_no_yard,moderate,first_time,1,1,8_plus,Energetic,0,0,1,0,1,0,1,0,1,1,0,0,1,0,0,1,1,0,0,0,0,0.57735,0,0,0,1,0,0,0,0,0,0,0,1,0,1,0,1,0,0
*Medelia,cat,Domestic Medium Hair Mix,kitten_puppy,White,Energetic; Playful; Affectionate,house_with_yard,relaxed,experienced,0,1,4_7,Shy,0,1,0,1,0,0,0,1,0,1,0,1,0,0,0,1,1,0,0,0,0,0.0,0,0,0,0,1,0,0,0,0,0,0,1,0,1,0,1,0,1
Lexi,dog,Staffordshire/Blue Lacy,young,White,Friendly; Energetic; Playful,house_no_yard,relaxed,first_time,1,0,8_plus,Friendly; Playful,0,0,1,1,0,0,1,0,1,0,0,0,1,0,1,0,0,1,0,0,0,0.816497,0,1,0,0,0,1,0,0,0,1,0,1,0,1,0,0,0,1
Salem,dog,Rat Terrier Mix,young,Tricolor,Friendly; Energetic; Playful,house_no_yard,relaxed,first_time,0,1,0_3,Calm,0,0,1,1,0,0,1,0,0,1,1,0,0,1,1,0,0,1,0,0,0,0.0,0,0,1,0,0,0,0,0,0,1,0,1,0,1,0,0,0,0
*Homer,dog,Beagle Mix,young,White,Friendly; Energetic; Playful; Affectionate,apartment,moderate,first_time,1,0,0_3,Calm; Friendly,1,0,0,0,1,0,1,0,1,0,1,0,0,0,1,0,0,1,0,0,0,0.353553,0,1,1,0,0,0,0,0,0,1,0,1,0,1,0,1,0,1
Vail,dog,Chihuahua Shorthair Mix,kitten_puppy,Black,Friendly; Calm; Energetic; Playful; Affectionate,apartment,moderate,first_time,1,1,8_plus,Independent; Playful,1,0,0,0,1,0,1,0,1,1,0,0,1,1,1,0,1,0,0,0,0,0.316228,0,0,0,0,0,1,1,0,0,1,1,1,0,1,0,1,0,1
Coffee,dog,Dachshund Mix,adult,Brown,Friendly; Calm; Affectionate,house_with_yard,relaxed,experienced,0,1,4_7,Calm,0,1,0,1,0,0,0,1,0,1,0,1,0,0,1,0,0,0,1,0,0,0.57735,1,0,1,0,0,0,0,0,0,1,1,0,0,0,0,1,0,1
*Echo,cat,Domestic Shorthair Mix,kitten_puppy,Black,Energetic; Playful; Affectionate,apartment,relaxed,first_time,1,1,4_7,Playful; Shy; Protective,1,0,0,1,0,0,1,0,1,1,0,1,0,0,0,1,1,0,0,0,0,0.333333,0,0,0,0,1,1,0,0,1,0,0,1,0,1,0,1,0,1
*Orville,cat,Domestic Shorthair Mix,kitten_puppy,Black,Energetic; Playful; Affectionate,house_no_yard,relaxed,experienced,1,1,0_3,Calm; Playful; Shy,0,0,1,1,0,0,0,1,1,1,1,0,0,0,0,1,1,0,0,0,0,0.333333,1,0,1,0,1,1,0,0,0,0,0,1,0,1,0,1,0,1
Shelter Rescue,dog,Cardigan Welsh Corgi Mix,kitten_puppy,Black,Friendly; Energetic; Playful,house_with_yard,relaxed,first_time,0,0,8_plus,Calm,0,1,0,1,0,0,1,0,0,0,0,0,1,1,1,0,1,0,0,0,0,0.0,0,0,1,0,0,0,0,0,0,1,0,1,0,1,0,0,0,0
*Caramello,dog,Labrador Retriever Mix,young,Brown,Friendly; Energetic; Playful; Affectionate,apartment,relaxed,experienced,1,0,4_7,Independent; Energetic; Calm,1,0,0,1,0,0,0,1,1,0,0,1,0,0,1,0,0,1,0,0,0,0.288675,0,0,1,1,0,0,1,0,0,1,0,1,0,1,0,1,0,0
Alaska,dog,Siberian Husky Mix,young,Black,Friendly; Energetic; Playful,house_no_yard,high,experienced,0,0,8_plus,Protective,0,0,1,0,0,1,0,1,0,0,0,0,1,0,1,0,0,1,0,0,0,0.0,0,0,0,0,0,0,0,0,1,1,0,1,0,1,0,0,0,0
*Desiree,dog,Australian Cattle Dog Mix,kitten_puppy,Black,Friendly; Energetic; Playful,house_no_yard,high,first_time,1,1,4_7,Friendly; Energetic,0,0,1,0,0,1,1,0,1,1,0,1,0,1,1,0,1,0,0,0,0,0.816497,0,1,0,1,0,0,0,0,0,1,0,1,0,1,0,0,0,1
*Tucker,dog,Boxer,adult,White,Friendly; Energetic; Affectionate,house_no_yard,high,first_time,1,0,4_7,Independent; Protective,0,0,1,0,0,1,1,0,1,0,0,1,0,0,1,0,0,0,1,0,0,0.0,0,0,0,0,0,0,1,0,1,1,0,1,0,0,0,1,0,1
*Pinkie Pie,cat,Domestic Medium Hair Mix,kitten_puppy,Tricolor,Energetic; Playful; Affectionate,house_with_yard,relaxed,experienced,1,0,0_3,Calm; Friendly,0,1,0,1,0,0,0,1,1,0,1,0,0,1,0,1,1,0,0,0,0,0.0,1,1,1,0,0,0,0,0,0,0,0,1,0,1,0,1,0,1
Jodie,dog,Australian Shepherd/Parson Russell Terrier,adult,Tricolor,Friendly; Energetic; Affectionate; Protective,house_no_yard,relaxed,first_time,0,0,4_7,Independent,0,0,1,1,0,0,1,0,0,0,0,1,0,0,1,0,0,0,1,0,0,0.0,0,0,0,0,0,0,1,0,0,1,0,1,0,0,0,1,1,0
Shelter Rescue,cat,Siamese Mix,kitten_puppy,Brown,Energetic; Playful; Affectionate,house_with_yard,high,first_time,1,0,4_7,Independent; Energetic,0,1,0,0,0,1,1,0,1,0,0,1,0,0,0,1,1,0,0,0,0,0.408248,0,0,0,1,0,0,1,0,0,0,0,1,0,1,0,1,0,1
Lucy,dog,Dachshund Mix,kitten_puppy,Orange,Friendly; Calm; Energetic; Playful; Affectionate,apartment,moderate,experienced,1,0,0_3,Shy; Affectionate; Calm,1,0,0,0,1,0,0,1,1,0,1,0,0,0,1,0,1,0,0,0,0,0.516398,0,0,1,0,1,0,0,1,0,1,1,1,0,1,0,1,0,1
Rose,cat,Domestic Shorthair Mix,kitten_puppy,Tabby,Energetic; Playful; Affectionate,apartment,relaxed,first_time,0,0,8_plus,Protective; Energetic,1,0,0,1,0,0,1,0,0,0,0,0,1,1,0,1,1,0,0,0,0,0.408248,0,0,0,1,0,0,0,0,1,0,0,1,0,1,0,1,0,0
*Quinn,dog,Labrador Retriever Mix,kitten_puppy,Brown,Friendly; Energetic; Playful; Affectionate,house_no_yard,high,first_time,1,1,8_plus,Protective; Shy,0,0,1,0,0,1,1,0,1,1,0,0,1,0,1,0,1,0,0,0,0,0.0,0,0,0,0,1,0,0,0,1,1,0,1,0,1,0,1,0,1
Leonard,cat,Siamese Mix,adult,Brown,Calm; Playful; Independent; Affectionate,apartment,moderate,first_time,0,0,4_7,Protective,1,0,0,0,1,0,1,0,0,0,0,1,0,0,0,1,0,0,1,0,0,0.0,0,0,0,0,0,0,0,0,1,0,1,0,0,1,1,1,0,1
Lucy,dog,Australian Cattle Dog Mix,kitten_puppy,Black,Friendly; Energetic; Playful,apartment,moderate,first_time,0,1,8_plus,Energetic; Affectionate; Independent,1,0,0,0,1,0,1,0,0,1,0,0,1,0,1,0,1,0,0,0,0,0.333333,0,0,0,1,0,0,1,1,0,1,0,1,0,1,0,0,0,0
*Huey,dog,Labrador Retriever Mix,young,Black,Friendly; Energetic; Playful; Affectionate,house_no_yard,relaxed,experienced,1,0,4_7,Friendly; Playful; Affectionate,0,0,1,1,0,0,0,1,1,0,0,1,0,0,1,0,0,1,0,0,0,0.866025,0,1,0,0,0,1,0,1,0,1,0,1,0,1,0,1,0,1
*Rangel,dog,Rottweiler/German Shepherd,young,Black,Friendly; Energetic; Playful; Protective,house_no_yard,high,first_time,0,1,0_3,Friendly; Protective,0,0,1,0,0,1,1,0,0,1,1,0,0,1,1,0,0,1,0,0,0,0.707107,0,1,0,0,0,0,0,0,1,1,0,1,0,1,0,0,1,1
Bugotti,dog,Rottweiler/Pit Bull,young,Brown,Friendly; Energetic; Playful,house_with_yard,relaxed,experienced,0,1,0_3,Friendly; Protective,0,1,0,1,0,0,0,1,0,1,1,0,0,0,1,0,0,1,0,0,0,0.408248,0,1,0,0,0,0,0,0,1,1,0,1,0,1,0,0,0,1
*L'Oreal,cat,Domestic Longhair Mix,kitten_puppy,Black,Energetic; Playful; Affectionate,house_no_yard,relaxed,experienced,0,0,4_7,Calm,0,0,1,1,0,0,0,1,0,0,0,1,0,0,0,1,1,0,0,0,0,0.0,0,0,1,0,0,0,0,0,0,0,0,1,0,1,0,1,0,0
Astro,dog,Kuvasz Mix,young,White,Friendly; Energetic; Playful,house_with_yard,moderate,experienced,0,0,4_7,Calm,0,1,0,0,1,0,0,1,0,0,0,1,0,0,1,0,0,1,0,0,0,0.0,0,0,1,0,0,0,0,0,0,1,0,1,0,1,0,0,0,0
Jinx,cat,Siamese,kitten_puppy,Brown,Energetic; Playful; Affectionate,house_with_yard,high,first_time,0,1,4_7,Protective; Independent,0,1,0,0,0,1,1,0,0,1,0,1,0,0,0,1,1,0,0,0,0,0.0,0,0,0,0,0,0,1,0,1,0,0,1,0,1,0,1,0,1
Domino,dog,Labrador Retriever/Border Collie,kitten_puppy,Black,Friendly; Energetic; Playful; Affectionate,apartment,moderate,experienced,1,0,0_3,Friendly; Calm,1,0,0,0,1,0,0,1,1,0,1,0,0,0,1,0,1,0,0,0,0,0.353553,0,1,1,0,0,0,0,0,0,1,0,1,0,1,0,1,0,0
Max,dog,Border Terrier/Yorkshire Terrier,adult,White,Friendly; Energetic; Affectionate,house_with_yard,moderate,experienced,0,1,4_7,Calm; Independent,0,1,0,0,1,0,0,1,0,1,0,1,0,1,1,0,0,0,1,0,0,0.0,0,0,1,0,0,0,1,0,0,1,0,1,0,0,0,1,0,1
Shelter Rescue,dog,Border Terrier Mix,young,Brown,Friendly; Energetic; Playful,apartment,relaxed,first_time,1,0,4_7,Friendly; Calm; Shy,1,0,0,1,0,0,1,0,1,0,0,1,0,0,1,0,0,1,0,0,0,0.333333,1,1,1,0,1,0,0,0,0,1,0,1,0,1,0,0,0,0
Shelter Rescue,dog,Labrador Retriever Mix,kitten_puppy,White,Friendly; Energetic; Playful; Affectionate,house_with_yard,high,first_time,1,1,8_plus,Calm; Affectionate,0,1,0,0,0,1,1,0,1,1,0,0,1,0,1,0,1,0,0,0,0,0.353553,0,0,1,0,0,0,0,1,0,1,0,1,0,1,0,1,0,1
Lazey,dog,Pharaoh Hound Mix,kitten_puppy,Brown,Friendly; Energetic; Playful,house_with_yard,moderate,experienced,1,1,0_3,Calm; Friendly; Energetic,0,1,0,0,1,0,0,1,1,1,1,0,0,0,1,0,1,0,0,0,0,0.666667,0,1,1,1,0,0,0,0,0,1,0,1,0,1,0,0,0,1
Ash,dog,Pit Bull Mix,young,White,Friendly; Energetic; Playful,apartment,relaxed,first_time,0,1,8_plus,Friendly; Independent,1,0,0,1,0,0,1,0,0,1,0,0,1,0,1,0,0,1,0,0,0,0.408248,1,1,0,0,0,0,1,0,0,1,0,1,0,1,0,0,0,1
*Nelson,dog,Pit Bull Mix,young,Brown,Friendly; Energetic; Playful,house_with_yard,moderate,experienced,0,0,8_plus,Playful; Protective,0,1,0,0,1,0,0,1,0,0,0,0,1,0,1,0,0,1,0,0,0,0.408248,0,0,0,0,0,1,0,0,1,1,0,1,0,1,0,0,0,1
Shelter Rescue,cat,Domestic Shorthair Mix,kitten_puppy,Black,Energetic; Playful; Affectionate,apartment,high,experienced,1,0,0_3,Shy; Calm,1,0,0,0,0,1,0,1,1,0,1,0,0,0,0,1,1,0,0,0,0,0.0,0,0,1,0,1,0,0,0,0,0,0,1,0,1,0,1,0,1
Shelter Rescue,dog,Pomeranian Mix,adult,Brown,Friendly; Affectionate,apartment,relaxed,experienced,1,0,0_3,Protective; Calm; Shy,1,0,0,1,0,0,0,1,1,0,1,0,0,0,1,0,0,0,1,0,0,0.0,0,0,1,0,1,0,0,0,1,1,0,0,0,0,0,1,0,1
Shelter Rescue,dog,Boxer Mix,kitten_puppy,Black,Friendly; Energetic; Playful,apartment,relaxed,experienced,0,0,0_3,Shy; Playful,1,0,0,1,0,0,0,1,0,0,1,0,0,1,1,0,1,0,0,0,0,0.408248,0,0,0,0,1,1,0,0,0,1,0,1,0,1,0,0,0,0
Shelter Rescue,cat,Domestic Shorthair Mix,kitten_puppy,Black,Energetic; Playful; Affectionate,house_no_yard,high,experienced,1,0,0_3,Independent,0,0,1,0,0,1,0,1,1,0,1,0,0,0,0,1,1,0,0,0,0,0.0,0,0,0,0,0,0,1,0,0,0,0,1,0,1,0,1,0,1
*Sabine,dog,Chihuahua Shorthair Mix,kitten_puppy,Orange,Friendly; Calm; Energetic; Playful; Affectionate,house_with_yard,moderate,first_time,0,1,0_3,Protective; Calm,0,1,0,0,1,0,1,0,0,1,1,0,0,0,1,0,1,0,0,0,0,0.316228,0,0,1,0,0,0,0,0,1,1,1,1,0,1,0,1,0,1
Kent,cat,Domestic Shorthair Mix,kitten_puppy,Orange,Energetic; Playful; Affectionate,apartment,moderate,first_time,0,1,4_7,Affectionate,1,0,0,0,1,0,1,0,0,1,0,1,0,0,0,1,1,0,0,0,0,0.57735,0,0,0,0,0,0,0,1,0,0,0,1,0,1,0,1,0,1
*Chompers,dog,Pit Bull Mix,kitten_puppy,White,Friendly; Energetic; Playful,house_no_yard,high,experienced,0,0,4_7,Affectionate; Independent; Calm,0,0,1,0,0,1,0,1,0,0,0,1,0,0,1,0,1,0,0,0,0,0.0,1,0,1,0,0,0,1,1,0,1,0,1,0,1,0,0,0,1
*Harry,dog,Labrador Retriever/Doberman Pinsch,kitten_puppy,Black,Friendly; Energetic; Playful; Affectionate,house_no_yard,moderate,experienced,0,0,4_7,Shy,0,0,1,0,1,0,0,1,0,0,0,1,0,1,1,0,1,0,0,0,0,0.0,1,0,0,0,1,0,0,0,0,1,0,1,0,1,0,1,0,0
*Polly,dog,Chihuahua Shorthair/Manchester Terrier,adult,Black,Friendly; Calm; Energetic; Affectionate,house_with_yard,relaxed,first_time,0,1,8_plus,Affectionate; Calm,0,1,0,1,0,0,1,0,0,1,0,0,1,0,1,0,0,0,1,0,0,0.707107,0,0,1,0,0,0,0,1,0,1,1,1,0,0,0,1,0,1
Cleo,cat,Domestic Longhair Mix,young,Tabby,Calm; Independent; Affectionate,apartment,moderate,first_time,0,0,4_7,Affectionate,1,0,0,0,1,0,1,0,0,0,0,1,0,0,0,1,0,1,0,0,0,0.57735,1,0,0,0,0,0,0,1,0,0,1,0,0,0,1,1,0,1
*Blitz,cat,Domestic Shorthair Mix,kitten_puppy,Black,Energetic; Playful; Affectionate,apartment,high,first_time,0,0,4_7,Energetic,1,0,0,0,0,1,1,0,0,0,0,1,0,0,0,1,1,0,0,0,0,0.57735,0,0,0,1,0,0,0,0,0,0,0,1,0,1,0,1,0,1
Pecan,dog,German Shepherd Mix,kitten_puppy,Black,Friendly; Energetic; Playful; Protective,house_no_yard,moderate,experienced,1,0,4_7,Playful; Shy; Independent,0,0,1,0,1,0,0,1,1,0,0,1,0,0,1,0,1,0,0,0,0,0.288675,0,0,0,0,1,1,1,0,0,1,0,1,0,1,0,0,1,0
Shelter Rescue,dog,Chihuahua Shorthair Mix,kitten_puppy,Black,Friendly; Calm; Energetic; Playful; Affectionate,house_with_yard,relaxed,first_time,0,0,8_plus,Friendly; Shy,0,1,0,1,0,0,1,0,0,0,0,0,1,0,1,0,1,0,0,0,0,0.316228,1,1,0,0,1,0,0,0,0,1,1,1,0,1,0,1,0,1
*Bashful,dog,Pembroke Welsh Corgi/Chinese Sharpei,young,Black,Friendly; Energetic; Playful,apartment,moderate,experienced,0,0,0_3,Affectionate; Shy; Friendly,1,0,0,0,1,0,0,1,0,0,1,0,0,0,1,0,0,1,0,0,0,0.333333,1,1,0,0,1,0,0,1,0,1,0,1,0,1,0,0,0,0
Shelter Rescue,dog,Chihuahua Shorthair/Dachshund,kitten_puppy,White,Friendly; Calm; Energetic; Playful; Affectionate,house_with_yard,high,experienced,0,1,0_3,Friendly,0,1,0,0,0,1,0,1,0,1,1,0,0,0,1,0,1,0,0,0,0,0.447214,0,1,0,0,0,0,0,0,0,1,1,1,0,1,0,1,0,1
Puddin',cat,Domestic Shorthair Mix,kitten_puppy,White,Energetic; Playful; Affectionate,house_with_yard,high,first_time,0,1,4_7,Independent; Calm; Affectionate,0,1,0,0,0,1,1,0,0,1,0,1,0,0,0,1,1,0,0,0,0,0.333333,1,0,1,0,0,0,1,1,0,0,0,1,0,1,0,1,0,1
*Alfredo,cat,Domestic Shorthair Mix,kitten_puppy,Orange,Energetic; Playful; Affectionate,house_with_yard,high,first_time,1,0,0_3,Affectionate; Playful; Independent,0,1,0,0,0,1,1,0,1,0,1,0,0,0,0,1,1,0,0,0,0,0.666667,0,0,0,0,0,1,1,1,0,0,0,1,0,1,0,1,0,1
Buddy,dog,Pit Bull Mix,kitten_puppy,Black,Friendly; Energetic; Playful,house_no_yard,moderate,first_time,1,0,0_3,Independent,0,0,1,0,1,0,1,0,1,0,1,0,0,0,1,0,1,0,0,0,0,0.0,0,0,0,0,0,0,1,0,0,1,0,1,0,1,0,0,0,1
Shelter Rescue,cat,Domestic Shorthair Mix,kitten_puppy,Tabby,Energetic; Playful; Affectionate,house_with_yard,relaxed,experienced,1,0,4_7,Shy; Protective; Independent,0,1,0,1,0,0,0,1,1,0,0,1,0,0,0,1,1,0,0,0,0,0.0,0,0,0,0,1,0,1,0,1,0,0,1,0,1,0,1,0,1
*Lo Mein,cat,Domestic Shorthair Mix,kitten_puppy,White,Energetic; Playful; Affectionate,apartment,high,experienced,0,1,8_plus,Playful,1,0,0,0,0,1,0,1,0,1,0,0,1,1,0,1,1,0,0,0,0,0.57735,0,0,0,0,0,1,0,0,0,0,0,1,0,1,0,1,0,1
Shelter Rescue,dog,Cairn Terrier Mix,young,Brown,Friendly; Energetic; Playful,house_with_yard,relaxed,first_time,1,0,8_plus,Affectionate,0,1,0,1,0,0,1,0,1,0,0,0,1,1,1,0,0,1,0,0,0,0.0,0,0,0,0,0,0,0,1,0,1,0,1,0,1,0,0,0,1
*Emily,cat,Domestic Shorthair Mix,kitten_puppy,Tricolor,Energetic; Playful; Affectionate,house_with_yard,high,first_time,1,1,8_plus,Playful; Calm,0,1,0,0,0,1,1,0,1,1,0,0,1,0,0,1,1,0,0,0,0,0.408248,0,0,1,0,0,1,0,0,0,0,0,1,0,1,0,1,0,1
Shelter Rescue,cat,Snowshoe Mix,kitten_puppy,White,Energetic; Playful; Affectionate,house_no_yard,relaxed,first_time,0,1,8_plus,Energetic,0,0,1,1,0,0,1,0,0,1,0,0,1,0,0,1,1,0,0,0,0,0.57735,0,0,0,1,0,0,0,0,0,0,0,1,0,1,0,1,0,0
*Wilson,dog,Chihuahua Shorthair Mix,kitten_puppy,White,Friendly; Calm; Energetic; Playful; Affectionate,house_with_yard,moderate,first_time,0,1,8_plus,Independent; Playful,0,1,0,0,1,0,1,0,0,1,0,0,1,1,1,0,1,0,0,0,0,0.316228,0,0,0,0,0,1,1,0,0,1,1,1,0,1,0,1,0,1
*Chedder,cat,Domestic Longhair Mix,kitten_puppy,Orange,Energetic; Playful; Affectionate,apartment,moderate,first_time,0,1,8_plus,Energetic,1,0,0,0,1,0,1,0,0,1,0,0,1,0,0,1,1,0,0,0,0,0.57735,0,0,0,1,0,0,0,0,0,0,0,1,0,1,0,1,0,1
Shadow,dog,Flat Coat Retriever Mix,young,Black,Friendly; Energetic; Playful; Affectionate,house_no_yard,relaxed,experienced,0,1,4_7,Shy,0,0,1,1,0,0,0,1,0,1,0,1,0,0,1,0,0,1,0,0,0,0.0,0,0,0,0,1,0,0,0,0,1,0,1,0,1,0,1,0,0
Shelter Rescue,dog,Norfolk Terrier Mix,kitten_puppy,Brown,Friendly; Energetic; Playful,apartment,relaxed,first_time,0,0,8_plus,Independent; Affectionate,1,0,0,1,0,0,1,0,0,0,0,0,1,1,1,0,1,0,0,0,0,0.0,0,0,0,0,0,0,1,1,0,1,0,1,0,1,0,0,0,0
Mojo,dog,Pit Bull/Labrador Retriever,young,White,Friendly; Energetic; Playful; Affectionate,apartment,high,experienced,1,1,4_7,Playful; Affectionate,1,0,0,0,0,1,0,1,1,1,0,1,0,0,1,0,0,1,0,0,0,0.707107,0,0,0,0,0,1,0,1,0,1,0,1,0,1,0,1,0,1
*Mistletoe,cat,Domestic Shorthair Mix,kitten_puppy,Tabby,Energetic; Playful; Affectionate,apartment,moderate,first_time,0,1,4_7,Playful; Independent,1,0,0,0,1,0,1,0,0,1,0,1,0,0,0,1,1,0,0,0,0,0.408248,0,0,0,0,0,1,1,0,0,0,0,1,0,1,0,1,0,1
Bingley,cat,Domestic Shorthair Mix,young,Orange,Calm; Independent; Affectionate,house_no_yard,moderate,first_time,0,1,0_3,Calm; Playful,0,0,1,0,1,0,1,0,0,1,1,0,0,1,0,1,0,1,0,0,0,0.408248,0,0,1,0,0,1,0,0,0,0,1,0,0,0,1,1,0,1
Daisy,dog,American Bulldog,adult,White,Friendly; Energetic; Affectionate,house_no_yard,relaxed,experienced,1,1,0_3,Affectionate; Playful,0,0,1,1,0,0,0,1,1,1,1,0,0,0,1,0,0,0,1,0,0,0.408248,1,0,0,0,0,1,0,1,0,1,0,1,0,0,0,1,0,1
Shelter Rescue,cat,Domestic Shorthair Mix,kitten_puppy,Tabby,Energetic; Playful; Affectionate,house_with_yard,relaxed,experienced,0,1,0_3,Friendly,0,1,0,1,0,0,0,1,0,1,1,0,0,1,0,1,1,0,0,0,0,0.0,1,1,0,0,0,0,0,0,0,0,0,1,0,1,0,1,0,1
Kota,dog,Labrador Retriever Mix,kitten_puppy,Black,Friendly; Energetic; Playful; Affectionate,house_with_yard,high,first_time,0,1,8_plus,Calm,0,1,0,0,0,1,1,0,0,1,0,0,1,1,1,0,1,0,0,0,0,0.0,0,0,1,0,0,0,0,0,0,1,0,1,0,1,0,1,0,1
*Murphy,dog,Labrador Retriever Mix,young,Black,Friendly; Energetic; Playful; Affectionate,apartment,moderate,experienced,1,1,8_plus,Playful; Protective,1,0,0,0,1,0,0,1,1,1,0,0,1,1,1,0,0,1,0,0,0,0.353553,0,0,0,0,0,1,0,0,1,1,0,1,0,1,0,1,0,0
*Briana,dog,Pit Bull Mix,young,Black,Friendly; Energetic; Playful,house_with_yard,high,first_time,0,1,0_3,Calm; Affectionate,0,1,0,0,0,1,1,0,0,1,1,0,0,0,1,0,0,1,0,0,0,0.0,0,0,1,0,0,0,0,1,0,1,0,1,0,1,0,0,0,1
*Kai,dog,Pit Bull Mix,young,Brown,Friendly; Energetic; Playful,house_no_yard,moderate,experienced,0,1,4_7,Playful; Protective,0,0,1,0,1,0,0,1,0,1,0,1,0,0,1,0,0,1,0,0,0,0.408248,0,0,0,0,0,1,0,0,1,1,0,1,0,1,0,0,0,0
*Boss,dog,Pembroke Welsh Corgi,adult,Tricolor,Friendly; Affectionate,apartment,moderate,experienced,0,1,8_plus,Playful; Energetic,1,0,0,0,1,0,0,1,0,1,0,0,1,0,1,0,0,0,1,0,0,0.0,0,0,0,1,0,1,0,0,0,1,0,0,0,0,0,1,0,0
*Heidi,dog,Pit Bull Mix,young,White,Friendly; Energetic; Playful,house_no_yard,moderate,experienced,1,1,8_plus,Shy; Independent; Calm,0,0,1,0,1,0,0,1,1,1,0,0,1,0,1,0,0,1,0,0,0,0.0,0,0,1,0,1,0,1,0,0,1,0,1,0,1,0,0,0,0
Roxie,dog,Pit Bull/Pointer,young,White,Friendly; Energetic; Playful,house_with_yard,moderate,experienced,0,1,8_plus,Independent; Friendly; Calm,0,1,0,0,1,0,0,1,0,1,0,0,1,0,1,0,0,1,0,0,0,0.333333,0,1,1,0,0,0,1,0,0,1,0,1,0,1,0,0,0,1
Maya,dog,Pit Bull Mix,adult,White,Friendly; Energetic; Affectionate,house_with_yard,moderate,first_time,0,1,0_3,Calm,0,1,0,0,1,0,1,0,0,1,1,0,0,1,1,0,0,0,1,0,0,0.0,1,0,1,0,0,0,0,0,0,1,0,1,0,0,0,1,0,1
Fancy,dog,Labrador Retriever Mix,young,Black,Friendly; Energetic; Playful; Affectionate,house_no_yard,relaxed,experienced,1,0,0_3,Friendly,0,0,1,1,0,0,0,1,1,0,1,0,0,0,1,0,0,1,0,0,0,0.5,0,1,0,0,0,0,0,0,0,1,0,1,0,1,0,1,0,1
Brandy,dog,Great Dane,adult,White,Friendly; Affectionate,house_with_yard,relaxed,first_time,0,0,8_plus,Protective; Friendly; Calm,0,1,0,1,0,0,1,0,0,0,0,0,1,1,1,0,0,0,1,0,0,0.408248,0,1,1,0,0,0,0,0,1,1,0,0,0,0,0,1,0,0
Smokey,cat,Domestic Shorthair Mix,adult,Gray,Calm; Independent; Affectionate,house_with_yard,high,first_time,0,1,4_7,Protective,0,1,0,0,0,1,1,0,0,1,0,1,0,0,0,1,0,0,1,0,0,0.0,0,0,0,0,0,0,0,0,1,0,1,0,0,0,1,1,0,0
Rose,cat,Domestic Shorthair Mix,kitten_puppy,Tabby,Energetic; Playful; Affectionate,house_no_yard,relaxed,first_time,0,0,4_7,Affectionate; Shy,0,0,1,1,0,0,1,0,0,0,0,1,0,0,0,1,1,0,0,0,0,0.408248,1,0,0,0,1,0,0,1,0,0,0,1,0,1,0,1,0,1
Shelter Rescue,cat,Domestic Shorthair Mix,kitten_puppy,Gray,Energetic; Playful; Affectionate,house_no_yard,moderate,first_time,0,0,0_3,Playful; Energetic,0,0,1,0,1,0,1,0,0,0,1,0,0,0,0,1,1,0,0,0,0,0.816497,0,0,0,1,0,1,0,0,0,0,0,1,0,1,0,1,0,1
Shelter Rescue,dog,Chihuahua Shorthair Mix,adult,Black,Friendly; Calm; Affectionate,apartment,moderate,first_time,0,0,0_3,Friendly; Energetic,1,0,0,0,1,0,1,0,0,0,1,0,0,1,1,0,0,0,1,0,0,0.408248,1,1,0,1,0,0,0,0,0,1,1,0,0,0,0,1,0,1
Shelter Rescue,dog,Pit Bull,kitten_puppy,Black,Friendly; Energetic; Playful,house_no_yard,moderate,experienced,0,0,8_plus,Playful; Energetic,0,0,1,0,1,0,0,1,0,0,0,0,1,0,1,0,1,0,0,0,0,0.816497,0,0,0,1,0,1,0,0,0,1,0,1,0,1,0,0,0,0
*Milicent,cat,Domestic Medium Hair Mix,kitten_puppy,White,Energetic; Playful; Affectionate,house_with_yard,moderate,first_time,1,0,4_7,Protective; Independent; Playful,0,1,0,0,1,0,1,0,1,0,0,1,0,1,0,1,1,0,0,0,0,0.333333,0,0,0,0,0,1,1,0,1,0,0,1,0,1,0,1,0,1
Lil Man,dog,Chihuahua Shorthair Mix,kitten_puppy,Black,Friendly; Calm; Energetic; Playful; Affectionate,house_with_yard,moderate,experienced,0,0,0_3,Calm; Affectionate; Friendly,0,1,0,0,1,0,0,1,0,0,1,0,0,0,1,0,1,0,0,0,0,0.774597,0,1,1,0,0,0,0,1,0,1,1,1,0,1,0,1,0,1
*Benny,dog,American Bulldog,adult,White,Friendly; Energetic; Affectionate,house_no_yard,moderate,experienced,1,0,0_3,Shy; Friendly,0,0,1,0,1,0,0,1,1,0,1,0,0,0,1,0,0,0,1,0,0,0.408248,0,1,0,0,1,0,0,0,0,1,0,1,0,0,0,1,0,1
*Luke,cat,Domestic Shorthair Mix,kitten_puppy,Black,Energetic; Playful; Affectionate,apartment,high,experienced,0,1,4_7,Energetic,1,0,0,0,0,1,0,1,0,1,0,1,0,0,0,1,1,0,0,0,0,0.57735,0,0,0,1,0,0,0,0,0,0,0,1,0,1,0,1,0,1
*Casey,dog,German Shepherd Mix,kitten_puppy,Black,Friendly; Energetic; Playful; Protective,house_no_yard,relaxed,experienced,0,0,4_7,Playful; Friendly,0,0,1,1,0,0,0,1,0,0,0,1,0,0,1,0,1,0,0,0,0,0.707107,0,1,0,0,0,1,0,0,0,1,0,1,0,1,0,0,1,0
*Squirt,cat,Manx Mix,kitten_puppy,Orange,Energetic; Playful; Affectionate,house_no_yard,relaxed,experienced,1,1,8_plus,Playful; Independent,0,0,1,1,0,0,0,1,1,1,0,0,1,0,0,1,1,0,0,0,0,0.408248,0,0,0,0,0,1,1,0,0,0,0,1,0,1,0,1,0,0
Meeko,dog,Siberian Husky Mix,adult,White,Friendly; Energetic; Affectionate,house_with_yard,relaxed,first_time,0,1,8_plus,Affectionate,0,1,0,1,0,0,1,0,0,1,0,0,1,0,1,0,0,0,1,0,0,0.57735,0,0,0,0,0,0,0,1,0,1,0,1,0,0,0,1,0,1
Hera,cat,Domestic Shorthair Mix,kitten_puppy,Tricolor,Energetic; Playful; Affectionate,house_with_yard,high,first_time,0,1,0_3,Shy; Affectionate; Playful,0,1,0,0,0,1,1,0,0,1,1,0,0,0,0,1,1,0,0,0,0,0.666667,0,0,0,0,1,1,0,1,0,0,0,1,0,1,0,1,0,1
Claire,cat,Domestic Shorthair Mix,kitten_puppy,Black,Energetic; Playful; Affectionate,house_with_yard,relaxed,first_time,0,1,0_3,Calm,0,1,0,1,0,0,1,0,0,1,1,0,0,0,0,1,1,0,0,0,0,0.0,0,0,1,0,0,0,0,0,0,0,0,1,0,1,0,1,0,1
Stella,dog,Pit Bull Mix,young,White,Friendly; Energetic; Playful,house_no_yard,high,experienced,0,0,4_7,Independent; Affectionate; Energetic,0,0,1,0,0,1,0,1,0,0,0,1,0,1,1,0,0,1,0,0,0,0.333333,0,0,0,1,0,0,1,1,0,1,0,1,0,1,0,0,0,1
*Maxwell,cat,Domestic Shorthair Mix,kitten_puppy,Black,Energetic; Playful; Affectionate,house_with_yard,relaxed,first_time,0,0,8_plus,Independent,0,1,0,1,0,0,1,0,0,0,0,0,1,0,0,1,1,0,0,0,0,0.0,1,0,0,0,0,0,1,0,0,0,0,1,0,1,0,1,0,0
*Brodie,dog,Border Terrier Mix,young,Brown,Friendly; Energetic; Playful,apartment,high,first_time,0,1,8_plus,Friendly; Energetic; Calm,1,0,0,0,0,1,1,0,0,1,0,0,1,0,1,0,0,1,0,0,0,0.666667,1,1,1,1,0,0,0,0,0,1,0,1,0,1,0,0,0,1
Tessa,dog,Labrador Retriever/Dachshund,adult,Black,Friendly; Calm; Playful; Affectionate,house_no_yard,moderate,first_time,0,1,4_7,Affectionate; Playful; Shy,0,0,1,0,1,0,1,0,0,1,0,1,0,1,1,0,0,0,1,0,0,0.57735,0,0,0,0,1,1,0,1,0,1,1,0,0,1,0,1,0,1
Shelter Rescue,cat,Domestic Shorthair Mix,kitten_puppy,Gray,Energetic; Playful; Affectionate,house_with_yard,relaxed,experienced,1,1,8_plus,Calm,0,1,0,1,0,0,0,1,1,1,0,0,1,1,0,1,1,0,0,0,0,0.0,1,0,1,0,0,0,0,0,0,0,0,1,0,1,0,1,0,1
Flash,dog,Labrador Retriever Mix,kitten_puppy,Brown,Friendly; Energetic; Playful; Affectionate,house_with_yard,moderate,experienced,0,1,8_plus,Calm,0,1,0,0,1,0,0,1,0,1,0,0,1,1,1,0,1,0,0,0,0,0.0,0,0,1,0,0,0,0,0,0,1,0,1,0,1,0,1,0,0
*Ariel,dog,Pit Bull Mix,young,White,Friendly; Energetic; Playful,house_no_yard,moderate,first_time,1,1,8_plus,Shy,0,0,1,0,1,0,1,0,1,1,0,0,1,1,1,0,0,1,0,0,0,0.0,0,0,0,0,1,0,0,0,0,1,0,1,0,1,0,0,0,1
*Jackson,dog,Flat Coat Retriever Mix,young,Black,Friendly; Energetic; Playful; Affectionate,house_with_yard,moderate,first_time,0,0,4_7,Calm; Energetic; Protective,0,1,0,0,1,0,1,0,0,0,0,1,0,0,1,0,0,1,0,0,0,0.288675,0,0,1,1,0,0,0,0,1,1,0,1,0,1,0,1,0,1
Logan,dog,Labrador Retriever Mix,young,White,Friendly; Energetic; Playful; Affectionate,house_with_yard,moderate,first_time,1,1,4_7,Energetic; Independent; Protective,0,1,0,0,1,0,1,0,1,1,0,1,0,0,1,0,0,1,0,0,0,0.288675,0,0,0,1,0,0,1,0,1,1,0,1,0,1,0,1,0,1
*Rudy,dog,Affenpinscher Mix,young,Black,Friendly; Energetic; Playful,apartment,relaxed,experienced,0,0,8_plus,Affectionate; Protective,1,0,0,1,0,0,0,1,0,0,0,0,1,0,1,0,0,1,0,0,0,0.0,0,0,0,0,0,0,0,1,1,1,0,1,0,1,0,0,0,0
Rosie,dog,Beagle,kitten_puppy,Tricolor,Friendly; Energetic; Playful; Affectionate,house_no_yard,high,first_time,1,0,8_plus,Friendly; Protective; Energetic,0,0,1,0,0,1,1,0,1,0,0,0,1,0,1,0,1,0,0,0,0,0.57735,0,1,0,1,0,0,0,0,1,1,0,1,0,1,0,1,0,1
Biggie,dog,Pit Bull/Australian Cattle Dog,young,White,Friendly; Energetic; Playful,house_with_yard,relaxed,experienced,0,0,8_plus,Independent; Energetic; Friendly,0,1,0,1,0,0,0,1,0,0,0,0,1,1,1,0,0,1,0,0,0,0.666667,0,1,0,1,0,0,1,0,0,1,0,1,0,1,0,0,0,1
*Frasier,dog,Miniature Pinscher Mix,kitten_puppy,Tricolor,Friendly; Energetic; Playful,house_with_yard,relaxed,experienced,0,1,4_7,Energetic; Protective; Shy,0,1,0,1,0,0,0,1,0,1,0,1,0,0,1,0,1,0,0,0,0,0.333333,0,0,0,1,1,0,0,0,1,1,0,1,0,1,0,0,0,1
Caicos,dog,Bearded Collie Mix,kitten_puppy,White,Friendly; Energetic; Playful,house_with_yard,relaxed,experienced,0,1,8_plus,Affectionate; Energetic,0,1,0,1,0,0,0,1,0,1,0,0,1,0,1,0,1,0,0,0,0,0.408248,0,0,0,1,0,0,0,1,0,1,0,1,0,1,0,0,0,0
*Malcolm,dog,Labrador Retriever Mix,young,Black,Friendly; Energetic; Playful; Affectionate,house_with_yard,moderate,first_time,1,1,0_3,Playful; Friendly,0,1,0,0,1,0,1,0,1,1,1,0,0,0,1,0,0,1,0,0,0,0.707107,0,1,0,0,0,1,0,0,0,1,0,1,0,1,0,1,0,1
*Rookie,dog,Staffordshire Mix,young,White,Friendly; Energetic; Playful,house_with_yard,high,experienced,0,0,0_3,Shy; Energetic,0,1,0,0,0,1,0,1,0,0,1,0,0,0,1,0,0,1,0,0,0,0.408248,1,0,0,1,1,0,0,0,0,1,0,1,0,1,0,0,0,1
Wolf,cat,Domestic Medium Hair Mix,kitten_puppy,Gray,Energetic; Playful; Affectionate,house_no_yard,high,experienced,1,0,0_3,Friendly,0,0,1,0,0,1,0,1,1,0,1,0,0,0,0,1,1,0,0,0,0,0.0,1,1,0,0,0,0,0,0,0,0,0,1,0,1,0,1,0,1
*Geronimo,cat,Domestic Shorthair Mix,kitten_puppy,Black,Energetic; Playful; Affectionate,apartment,high,first_time,1,1,4_7,Protective; Energetic,1,0,0,0,0,1,1,0,1,1,0,1,0,0,0,1,1,0,0,0,0,0.408248,1,0,0,1,0,0,0,0,1,0,0,1,0,1,0,1,0,1
*Farley,dog,English Bulldog/Beagle,senior,Black,Friendly; Calm; Energetic; Playful; Independent; Affectionate,house_no_yard,relaxed,experienced,0,0,8_plus,Affectionate; Calm,0,0,1,1,0,0,0,1,0,0,0,0,1,0,1,0,0,0,0,1,0,0.57735,0,0,1,0,0,0,0,1,0,1,1,1,0,1,1,1,0,1
*Thyme,cat,Domestic Shorthair Mix,kitten_puppy,Black,Energetic; Playful; Affectionate,house_with_yard,moderate,first_time,0,0,8_plus,Protective; Playful; Affectionate,0,1,0,0,1,0,1,0,0,0,0,0,1,0,0,1,1,0,0,0,0,0.666667,1,0,0,0,0,1,0,1,1,0,0,1,0,1,0,1,0,1
*Axtell,cat,Domestic Shorthair Mix,kitten_puppy,White,Energetic; Playful; Affectionate,house_with_yard,moderate,experienced,0,1,0_3,Shy; Affectionate; Playful,0,1,0,0,1,0,0,1,0,1,1,0,0,0,0,1,1,0,0,0,0,0.666667,0,0,0,0,1,1,0,1,0,0,0,1,0,1,0,1,0,1
Morton,dog,Dachshund Mix,young,Orange,Friendly; Calm; Energetic; Playful; Affectionate,house_no_yard,moderate,first_time,0,1,4_7,Protective,0,0,1,0,1,0,1,0,0,1,0,1,0,1,1,0,0,1,0,0,0,0.0,1,0,0,0,0,0,0,0,1,1,1,1,0,1,0,1,0,1
Molly,cat,Domestic Shorthair Mix,kitten_puppy,White,Energetic; Playful; Affectionate,house_no_yard,relaxed,first_time,1,1,4_7,Energetic,0,0,1,1,0,0,1,0,1,1,0,1,0,0,0,1,1,0,0,0,0,0.57735,0,0,0,1,0,0,0,0,0,0,0,1,0,1,0,1,0,1
*Nell,dog,Chihuahua Shorthair Mix,kitten_puppy,Brown,Friendly; Calm; Energetic; Playful; Affectionate,house_no_yard,relaxed,first_time,0,1,4_7,Friendly; Shy,0,0,1,1,0,0,1,0,0,1,0,1,0,0,1,0,1,0,0,0,0,0.316228,1,1,0,0,1,0,0,0,0,1,1,1,0,1,0,1,0,1
Shelter Rescue,dog,Pit Bull,kitten_puppy,Black,Friendly; Energetic; Playful,apartment,moderate,experienced,1,0,4_7,Friendly; Calm,1,0,0,0,1,0,0,1,1,0,0,1,0,0,1,0,1,0,0,0,0,0.408248,0,1,1,0,0,0,0,0,0,1,0,1,0,1,0,0,0,0
Riot,dog,Cane Corso Mix,adult,Black,Friendly; Affectionate,house_with_yard,relaxed,first_time,0,0,4_7,Energetic; Playful,0,1,0,1,0,0,1,0,0,0,0,1,0,0,1,0,0,0,1,0,0,0.0,0,0,0,1,0,1,0,0,0,1,0,0,0,0,0,1,0,0
*Cammy,dog,Yorkshire Terrier Mix,adult,Brown,Friendly; Energetic; Affectionate,apartment,high,experienced,0,1,4_7,Shy; Energetic; Calm,1,0,0,0,0,1,0,1,0,1,0,1,0,0,1,0,0,0,1,0,0,0.333333,0,0,1,1,1,0,0,0,0,1,0,1,0,0,0,1,0,0
Wyatt,dog,Doberman Pinsch,adult,Black,Friendly; Affectionate,apartment,moderate,experienced,0,1,0_3,Friendly; Affectionate,1,0,0,0,1,0,0,1,0,1,1,0,0,1,1,0,0,0,1,0,0,1.0,0,1,0,0,0,0,0,1,0,1,0,0,0,0,0,1,0,1
Diesle,dog,Pit Bull Mix,kitten_puppy,White,Friendly; Energetic; Playful,house_no_yard,high,first_time,0,1,4_7,Protective; Shy; Affectionate,0,0,1,0,0,1,1,0,0,1,0,1,0,0,1,0,1,0,0,0,0,0.0,0,0,0,0,1,0,0,1,1,1,0,1,0,1,0,0,0,1
Ronin,dog,Chow Chow Mix,adult,Orange,Friendly; Affectionate,apartment,moderate,experienced,0,1,0_3,Energetic,1,0,0,0,1,0,0,1,0,1,1,0,0,0,1,0,0,0,1,0,0,0.0,0,0,0,1,0,0,0,0,0,1,0,0,0,0,0,1,0,1
Ellie,cat,Domestic Shorthair Mix,senior,Orange,Calm; Independent,house_with_yard,high,first_time,1,0,0_3,Energetic; Shy,0,1,0,0,0,1,1,0,1,0,1,0,0,0,0,1,0,0,0,1,0,0.0,0,0,0,1,1,0,0,0,0,0,1,0,0,0,1,0,0,0
Shelter Rescue,cat,Domestic Shorthair Mix,kitten_puppy,White,Energetic; Playful; Affectionate,house_no_yard,moderate,experienced,0,0,8_plus,Energetic; Calm,0,0,1,0,1,0,0,1,0,0,0,0,1,0,0,1,1,0,0,0,0,0.408248,0,0,1,1,0,0,0,0,0,0,0,1,0,1,0,1,0,0
*Sammy,dog,Labrador Retriever Mix,kitten_puppy,Black,Friendly; Energetic; Playful; Affectionate,house_with_yard,relaxed,first_time,0,0,0_3,Friendly; Energetic; Independent,0,1,0,1,0,0,1,0,0,0,1,0,0,0,1,0,1,0,0,0,0,0.57735,0,1,0,1,0,0,1,0,0,1,0,1,0,1,0,1,0,1
Syra,dog,American Bulldog Mix,young,Black,Friendly; Energetic; Playful,house_with_yard,moderate,experienced,1,1,0_3,Calm; Energetic,0,1,0,0,1,0,0,1,1,1,1,0,0,0,1,0,0,1,0,0,0,0.408248,0,0,1,1,0,0,0,0,0,1,0,1,0,1,0,0,0,1
Mittens,cat,Domestic Medium Hair Mix,kitten_puppy,Tricolor,Energetic; Playful; Affectionate,apartment,moderate,experienced,0,0,4_7,Protective,1,0,0,0,1,0,0,1,0,0,0,1,0,0,0,1,1,0,0,0,0,0.0,0,0,0,0,0,0,0,0,1,0,0,1,0,1,0,1,0,0
Shelter Rescue,dog,Labrador Retriever Mix,kitten_puppy,Black,Friendly; Energetic; Playful; Affectionate,apartment,high,experienced,1,0,0_3,Shy,1,0,0,0,0,1,0,1,1,0,1,0,0,0,1,0,1,0,0,0,0,0.0,1,0,0,0,1,0,0,0,0,1,0,1,0,1,0,1,0,1
Shelter Rescue,dog,Chihuahua Shorthair Mix,young,Brown,Friendly; Calm; Energetic; Playful; Affectionate,house_no_yard,relaxed,first_time,0,0,8_plus,Friendly; Calm; Playful,0,0,1,1,0,0,1,0,0,0,0,0,1,0,1,0,0,1,0,0,0,0.774597,0,1,1,0,0,1,0,0,0,1,1,1,0,1,0,1,0,1
*Hamilton,cat,Domestic Medium Hair Mix,kitten_puppy,Gray,Energetic; Playful; Affectionate,apartment,relaxed,experienced,1,0,4_7,Shy,1,0,0,1,0,0,0,1,1,0,0,1,0,0,0,1,1,0,0,0,0,0.0,1,0,0,0,1,0,0,0,0,0,0,1,0,1,0,1,0,1
Moose,cat,Domestic Shorthair Mix,kitten_puppy,Black,Energetic; Playful; Affectionate,apartment,moderate,experienced,1,1,4_7,Friendly; Affectionate,1,0,0,0,1,0,0,1,1,1,0,1,0,0,0,1,1,0,0,0,0,0.408248,0,1,0,0,0,0,0,1,0,0,0,1,0,1,0,1,0,1
Layla,dog,German Shepherd Mix,young,Black,Friendly; Energetic; Playful; Protective,apartment,relaxed,experienced,1,1,4_7,Playful,1,0,0,1,0,0,0,1,1,1,0,1,0,0,1,0,0,1,0,0,0,0.5,0,0,0,0,0,1,0,0,0,1,0,1,0,1,0,0,1,0
Champs,dog,Miniature Poodle/Maltese,young,White,Friendly; Calm; Energetic; Playful; Affectionate,house_with_yard,relaxed,experienced,1,0,0_3,Independent; Protective,0,1,0,1,0,0,0,1,1,0,1,0,0,0,1,0,0,1,0,0,0,0.0,1,0,0,0,0,0,1,0,1,1,1,1,0,1,0,1,0,1
Shelter Rescue,dog,Chihuahua Shorthair Mix,young,White,Friendly; Calm; Energetic; Playful; Affectionate,house_no_yard,relaxed,experienced,1,0,0_3,Friendly; Playful,0,0,1,1,0,0,0,1,1,0,1,0,0,0,1,0,0,1,0,0,0,0.632456,0,1,0,0,0,1,0,0,0,1,1,1,0,1,0,1,0,1
Donner,dog,Labrador Retriever Mix,adult,Brown,Friendly; Playful; Affectionate,house_no_yard,relaxed,experienced,0,1,4_7,Independent; Playful; Protective,0,0,1,1,0,0,0,1,0,1,0,1,0,0,1,0,0,0,1,0,0,0.333333,0,0,0,0,0,1,1,0,1,1,0,0,0,1,0,1,0,0
Bobo,dog,Chihuahua Shorthair Mix,kitten_puppy,Brown,Friendly; Calm; Energetic; Playful; Affectionate,apartment,relaxed,first_time,0,0,8_plus,Independent; Protective; Calm,1,0,0,1,0,0,1,0,0,0,0,0,1,0,1,0,1,0,0,0,0,0.258199,0,0,1,0,0,0,1,0,1,1,1,1,0,1,0,1,0,1
Brownie,cat,Domestic Shorthair Mix,kitten_puppy,Tricolor,Energetic; Playful; Affectionate,apartment,relaxed,first_time,1,0,4_7,Protective; Shy,1,0,0,1,0,0,1,0,1,0,0,1,0,0,0,1,1,0,0,0,0,0.0,0,0,0,0,1,0,0,0,1,0,0,1,0,1,0,1,0,1
Jethro,cat,Domestic Shorthair Mix,young,White,Calm; Independent; Affectionate,apartment,relaxed,experienced,0,1,4_7,Shy; Protective,1,0,0,1,0,0,0,1,0,1,0,1,0,0,0,1,0,1,0,0,0,0.0,0,0,0,0,1,0,0,0,1,0,1,0,0,0,1,1,0,1
*Peppercorn,dog,Labrador Retriever Mix,young,Black,Friendly; Energetic; Playful; Affectionate,house_no_yard,high,first_time,0,1,4_7,Affectionate; Shy,0,0,1,0,0,1,1,0,0,1,0,1,0,0,1,0,0,1,0,0,0,0.353553,0,0,0,0,1,0,0,1,0,1,0,1,0,1,0,1,0,1
*Israel,dog,Labrador Retriever Mix,adult,Black,Friendly; Playful; Affectionate,house_with_yard,high,first_time,0,0,0_3,Independent; Calm; Friendly,0,1,0,0,0,1,1,0,0,0,1,0,0,0,1,0,0,0,1,0,0,0.333333,0,1,1,0,0,0,1,0,0,1,0,0,0,1,0,1,0,1
Shelter Rescue,cat,Domestic Medium Hair Mix,kitten_puppy,Black,Energetic; Playful; Affectionate,house_with_yard,high,experienced,0,1,4_7,Affectionate; Playful; Calm,0,1,0,0,0,1,0,1,0,1,0,1,0,0,0,1,1,0,0,0,0,0.666667,0,0,1,0,0,1,0,1,0,0,0,1,0,1,0,1,0,1
*Lily,cat,Domestic Shorthair Mix,kitten_puppy,Orange,Energetic; Playful; Affectionate,house_with_yard,relaxed,experienced,1,1,8_plus,Playful,0,1,0,1,0,0,0,1,1,1,0,0,1,1,0,1,1,0,0,0,0,0.57735,0,0,0,0,0,1,0,0,0,0,0,1,0,1,0,1,0,1
Shelter Rescue,cat,Domestic Shorthair Mix,kitten_puppy,Black,Energetic; Playful; Affectionate,apartment,high,experienced,1,1,4_7,Calm; Friendly,1,0,0,0,0,1,0,1,1,1,0,1,0,0,0,1,1,0,0,0,0,0.0,0,1,1,0,0,0,0,0,0,0,0,1,0,1,0,1,0,1
*Paddy,cat,Domestic Shorthair Mix,kitten_puppy,Black,Energetic; Playful; Affectionate,house_with_yard,relaxed,first_time,0,1,8_plus,Calm; Shy,0,1,0,1,0,0,1,0,0,1,0,0,1,0,0,1,1,0,0,0,0,0.0,0,0,1,0,1,0,0,0,0,0,0,1,0,1,0,1,0,0
*Cindylou,dog,Chihuahua Shorthair Mix,young,Black,Friendly; Calm; Energetic; Playful; Affectionate,apartment,high,experienced,1,0,0_3,Friendly,1,0,0,0,0,1,0,1,1,0,1,0,0,1,1,0,0,1,0,0,0,0.447214,0,1,0,0,0,0,0,0,0,1,1,1,0,1,0,1,0,1
*Eric,cat,Domestic Shorthair Mix,kitten_puppy,Black,Energetic; Playful; Affectionate,house_with_yard,high,first_time,0,0,0_3,Playful; Calm,0,1,0,0,0,1,1,0,0,0,1,0,0,0,0,1,1,0,0,0,0,0.408248,0,0,1,0,0,1,0,0,0,0,0,1,0,1,0,1,0,1
Shelter Rescue,cat,Domestic Shorthair Mix,senior,Tricolor,Calm; Independent,apartment,relaxed,experienced,0,0,4_7,Energetic; Playful; Protective,1,0,0,1,0,0,0,1,0,0,0,1,0,0,0,1,0,0,0,1,0,0.0,0,0,0,1,0,1,0,0,1,0,1,0,0,0,1,0,0,1
*Valent,dog,Cairn Terrier Mix,young,Black,Friendly; Energetic; Playful,apartment,relaxed,experienced,0,0,4_7,Protective; Playful,1,0,0,1,0,0,0,1,0,0,0,1,0,0,1,0,0,1,0,0,0,0.408248,0,0,0,0,0,1,0,0,1,1,0,1,0,1,0,0,0,0
Duchess,dog,Chihuahua Longhair Mix,young,Black,Friendly; Calm; Energetic; Playful; Affectionate,house_no_yard,high,first_time,0,0,4_7,Affectionate,0,0,1,0,0,1,1,0,0,0,0,1,0,0,1,0,0,1,0,0,0,0.447214,1,0,0,0,0,0,0,1,0,1,1,1,0,1,0,1,0,1
Poppy,dog,Labrador Retriever Mix,young,Black,Friendly; Energetic; Playful; Affectionate,house_no_yard,relaxed,first_time,1,0,0_3,Protective; Energetic; Shy,0,0,1,1,0,0,1,0,1,0,1,0,0,0,1,0,0,1,0,0,0,0.288675,0,0,0,1,1,0,0,0,1,1,0,1,0,1,0,1,0,1
Vanilla,cat,Domestic Shorthair Mix,kitten_puppy,White,Energetic; Playful; Affectionate,house_with_yard,moderate,first_time,0,1,0_3,Shy; Energetic,0,1,0,0,1,0,1,0,0,1,1,0,0,0,0,1,1,0,0,0,0,0.408248,0,0,0,1,1,0,0,0,0,0,0,1,0,1,0,1,0,1
*Sinclair,cat,Domestic Shorthair Mix,kitten_puppy,Orange,Energetic; Playful; Affectionate,apartment,moderate,experienced,0,0,0_3,Friendly; Affectionate; Playful,1,0,0,0,1,0,0,1,0,0,1,0,0,0,0,1,1,0,0,0,0,0.666667,0,1,0,0,0,1,0,1,0,0,0,1,0,1,0,1,0,1
Mellie,dog,Labrador Retriever/Boxer,adult,Black,Friendly; Energetic; Playful; Affectionate,house_no_yard,high,first_time,0,0,4_7,Energetic; Friendly,0,0,1,0,0,1,1,0,0,0,0,1,0,0,1,0,0,0,1,0,0,0.707107,0,1,0,1,0,0,0,0,0,1,0,1,0,1,0,1,0,1
Apollo,dog,Alaskan Husky Mix,adult,Brown,Friendly; Energetic; Affectionate,apartment,relaxed,experienced,1,1,8_plus,Independent; Playful,1,0,0,1,0,0,0,1,1,1,0,0,1,0,1,0,0,0,1,0,0,0.0,1,0,0,0,0,1,1,0,0,1,0,1,0,0,0,1,0,0
Matilda,dog,Boxer Mix,young,Black,Friendly; Energetic; Playful,house_no_yard,high,first_time,0,0,0_3,Calm; Energetic,0,0,1,0,0,1,1,0,0,0,1,0,0,1,1,0,0,1,0,0,0,0.408248,1,0,1,1,0,0,0,0,0,1,0,1,0,1,0,0,0,1
Lulu,dog,Beagle/Basset Hound,adult,Tricolor,Friendly; Energetic; Playful; Affectionate,house_no_yard,relaxed,first_time,0,1,4_7,Friendly; Affectionate,0,0,1,1,0,0,1,0,0,1,0,1,0,0,1,0,0,0,1,0,0,0.707107,0,1,0,0,0,0,0,1,0,1,0,1,0,1,0,1,0,1
Daphne,dog,Boxer,adult,Tricolor,Friendly; Energetic; Affectionate,house_no_yard,moderate,first_time,0,0,0_3,Protective; Calm; Friendly,0,0,1,0,1,0,1,0,0,0,1,0,0,0,1,0,0,0,1,0,0,0.333333,1,1,1,0,0,0,0,0,1,1,0,1,0,0,0,1,0,1
*Robbie,cat,Domestic Shorthair Mix,kitten_puppy,Black,Energetic; Playful; Affectionate,house_no_yard,moderate,first_time,1,0,8_plus,Playful,0,0,1,0,1,0,1,0,1,0,0,0,1,0,0,1,1,0,0,0,0,0.57735,0,0,0,0,0,1,0,0,0,0,0,1,0,1,0,1,0,0
Shelter Rescue,dog,Dachshund Mix,adult,White,Friendly; Calm; Affectionate,house_no_yard,relaxed,first_time,0,0,4_7,Independent,0,0,1,1,0,0,1,0,0,0,0,1,0,0,1,0,0,0,1,0,0,0.0,0,0,0,0,0,0,1,0,0,1,1,0,0,0,0,1,0,1
Prada,dog,Pit Bull Mix,young,White,Friendly; Energetic; Playful,house_with_yard,high,experienced,0,0,8_plus,Friendly,0,1,0,0,0,1,0,1,0,0,0,0,1,0,1,0,0,1,0,0,0,0.57735,0,1,0,0,0,0,0,0,0,1,0,1,0,1,0,0,0,1
*Pete,cat,Domestic Shorthair Mix,kitten_puppy,Orange,Energetic; Playful; Affectionate,apartment,moderate,experienced,1,0,4_7,Shy; Protective,1,0,0,0,1,0,0,1,1,0,0,1,0,0,0,1,1,0,0,0,0,0.0,0,0,0,0,1,0,0,0,1,0,0,1,0,1,0,1,0,1
Mia,dog,Chihuahua Shorthair/Cairn Terrier,young,Brown,Friendly; Calm; Energetic; Playful; Affectionate,house_no_yard,high,first_time,0,1,4_7,Energetic; Calm; Protective,0,0,1,0,0,1,1,0,0,1,0,1,0,0,1,0,0,1,0,0,0,0.516398,1,0,1,1,0,0,0,0,1,1,1,1,0,1,0,1,0,1
Shelter Rescue,cat,Domestic Shorthair Mix,kitten_puppy,Black,Energetic; Playful; Affectionate,house_no_yard,high,experienced,1,1,0_3,Shy; Affectionate; Calm,0,0,1,0,0,1,0,1,1,1,1,0,0,0,0,1,1,0,0,0,0,0.333333,0,0,1,0,1,0,0,1,0,0,0,1,0,1,0,1,0,1
*Creamsicle,cat,Domestic Shorthair Mix,young,White,Calm; Independent; Affectionate,house_with_yard,relaxed,first_time,1,0,8_plus,Friendly; Playful,0,1,0,1,0,0,1,0,1,0,0,0,1,0,0,1,0,1,0,0,0,0.0,0,1,0,0,0,1,0,0,0,0,1,0,0,0,1,1,0,1
*Sheeba,dog,Collie Rough/Chinese Sharpei,adult,Black,Friendly; Energetic; Affectionate,house_with_yard,relaxed,experienced,0,0,8_plus,Shy,0,1,0,1,0,0,0,1,0,0,0,0,1,0,1,0,0,0,1,0,0,0.0,0,0,0,0,1,0,0,0,0,1,0,1,0,0,0,1,0,0
Miller,cat,Domestic Shorthair Mix,kitten_puppy,Black,Energetic; Playful; Affectionate,house_no_yard,moderate,first_time,1,0,8_plus,Independent; Calm; Playful,0,0,1,0,1,0,1,0,1,0,0,0,1,0,0,1,1,0,0,0,0,0.333333,0,0,1,0,0,1,1,0,0,0,0,1,0,1,0,1,0,0
Shelter Rescue,dog,Pekingese Mix,young,Tricolor,Friendly; Energetic; Playful,house_with_yard,moderate,first_time,0,0,4_7,Shy,0,1,0,0,1,0,1,0,0,0,0,1,0,0,1,0,0,1,0,0,0,0.0,0,0,0,0,1,0,0,0,0,1,0,1,0,1,0,0,0,1
Shelter Rescue,cat,Domestic Shorthair Mix,kitten_puppy,White,Energetic; Playful; Affectionate,house_with_yard,relaxed,experienced,0,1,4_7,Independent; Energetic,0,1,0,1,0,0,0,1,0,1,0,1,0,0,0,1,1,0,0,0,0,0.408248,0,0,0,1,0,0,1,0,0,0,0,1,0,1,0,1,0,1
Emma,dog,Chihuahua Shorthair Mix,young,Orange,Friendly; Calm; Energetic; Playful; Affectionate,house_no_yard,high,experienced,1,1,0_3,Calm,0,0,1,0,0,1,0,1,1,1,1,0,0,0,1,0,0,1,0,0,0,0.447214,0,0,1,0,0,0,0,0,0,1,1,1,0,1,0,1,0,1
*King Bacon,dog,Pit Bull Mix,kitten_puppy,White,Friendly; Energetic; Playful,apartment,high,first_time,0,1,0_3,Playful; Protective,1,0,0,0,0,1,1,0,0,1,1,0,0,0,1,0,1,0,0,0,0,0.408248,1,0,0,0,0,1,0,0,1,1,0,1,0,1,0,0,0,1
*Jacob,cat,Domestic Shorthair Mix,kitten_puppy,Black,Energetic; Playful; Affectionate,apartment,high,experienced,0,1,8_plus,Independent; Friendly,1,0,0,0,0,1,0,1,0,1,0,0,1,0,0,1,1,0,0,0,0,0.0,0,1,0,0,0,0,1,0,0,0,0,1,0,1,0,1,0,0
Sparky,dog,Jack Russell Terrier,senior,White,Friendly; Calm; Energetic; Independent; Affectionate,house_no_yard,relaxed,first_time,0,0,4_7,Friendly,0,0,1,1,0,0,1,0,0,0,0,1,0,0,1,0,0,0,0,1,0,0.447214,0,1,0,0,0,0,0,0,0,1,1,1,0,0,1,1,0,1
*Dash,dog,Jack Russell Terrier/Dachshund,young,White,Friendly; Calm; Energetic; Playful; Affectionate,house_with_yard,relaxed,first_time,0,0,4_7,Energetic,0,1,0,1,0,0,1,0,0,0,0,1,0,0,1,0,0,1,0,0,0,0.447214,0,0,0,1,0,0,0,0,0,1,1,1,0,1,0,1,0,1
Poppy,dog,Finnish Spitz,young,Orange,Friendly; Energetic; Playful,house_no_yard,relaxed,experienced,0,0,4_7,Energetic; Calm,0,0,1,1,0,0,0,1,0,0,0,1,0,0,1,0,0,1,0,0,0,0.408248,0,0,1,1,0,0,0,0,0,1,0,1,0,1,0,0,0,0
*Olive,dog,Labrador Retriever/Anatol Shepherd,kitten_puppy,Black,Friendly; Energetic; Playful; Affectionate; Protective,apartment,high,first_time,0,1,0_3,Shy; Calm; Protective,1,0,0,0,0,1,1,0,0,1,1,0,0,0,1,0,1,0,0,0,0,0.258199,0,0,1,0,1,0,0,0,1,1,0,1,0,1,0,1,1,1
Shelter Rescue,cat,Domestic Shorthair Mix,kitten_puppy,Tricolor,Energetic; Playful; Affectionate,apartment,relaxed,first_time,1,0,0_3,Calm; Affectionate,1,0,0,1,0,0,1,0,1,0,1,0,0,0,0,1,1,0,0,0,0,0.408248,0,0,1,0,0,0,0,1,0,0,0,1,0,1,0,1,0,1
*Celeste,cat,Domestic Medium Hair Mix,kitten_puppy,Tricolor,Energetic; Playful; Affectionate,house_no_yard,moderate,experienced,0,0,8_plus,Energetic; Independent; Calm,0,0,1,0,1,0,0,1,0,0,0,0,1,0,0,1,1,0,0,0,0,0.333333,1,0,1,1,0,0,1,0,0,0,0,1,0,1,0,1,0,0
*Forrest,cat,Domestic Shorthair Mix,young,White,Calm; Independent; Affectionate,house_no_yard,relaxed,first_time,0,1,4_7,Shy,0,0,1,1,0,0,1,0,0,1,0,1,0,0,0,1,0,1,0,0,0,0.0,1,0,0,0,1,0,0,0,0,0,1,0,0,0,1,1,0,1
Shelter Rescue,cat,Domestic Medium Hair Mix,kitten_puppy,Orange,Energetic; Playful; Affectionate,house_no_yard,high,experienced,1,1,0_3,Shy; Playful,0,0,1,0,0,1,0,1,1,1,1,0,0,0,0,1,1,0,0,0,0,0.408248,1,0,0,0,1,1,0,0,0,0,0,1,0,1,0,1,0,1
*Sonny,dog,Pit Bull Mix,young,Black,Friendly; Energetic; Playful,apartment,high,first_time,0,1,4_7,Energetic,1,0,0,0,0,1,1,0,0,1,0,1,0,0,1,0,0,1,0,0,0,0.57735,0,0,0,1,0,0,0,0,0,1,0,1,0,1,0,0,0,1
*Indie,dog,Pit Bull Mix,young,Brown,Friendly; Energetic; Playful,house_with_yard,high,first_time,0,0,4_7,Calm; Friendly,0,1,0,0,0,1,1,0,0,0,0,1,0,0,1,0,0,1,0,0,0,0.408248,1,1,1,0,0,0,0,0,0,1,0,1,0,1,0,0,0,1
Shelter Rescue,dog,Australian Cattle Dog/Boxer,kitten_puppy,White,Friendly; Energetic; Playful,house_no_yard,high,experienced,1,0,8_plus,Playful,0,0,1,0,0,1,0,1,1,0,0,0,1,0,1,0,1,0,0,0,0,0.57735,0,0,0,0,0,1,0,0,0,1,0,1,0,1,0,0,0,1
Wiley,dog,Australian Shepherd/Cardigan Welsh Corgi,young,Black,Friendly; Energetic; Playful; Protective,apartment,relaxed,first_time,1,0,4_7,Playful; Calm; Shy,1,0,0,1,0,0,1,0,1,0,0,1,0,0,1,0,0,1,0,0,0,0.288675,0,0,1,0,1,1,0,0,0,1,0,1,0,1,0,0,1,0
*Olive,cat,Domestic Shorthair Mix,kitten_puppy,White,Energetic; Playful; Affectionate,apartment,moderate,experienced,0,1,0_3,Protective,1,0,0,0,1,0,0,1,0,1,1,0,0,0,0,1,1,0,0,0,0,0.0,0,0,0,0,0,0,0,0,1,0,0,1,0,1,0,1,0,1
Kwazii,cat,Domestic Shorthair Mix,adult,Orange,Calm; Independent; Affectionate,house_with_yard,high,experienced,0,0,4_7,Energetic; Shy; Independent,0,1,0,0,0,1,0,1,0,0,0,1,0,0,0,1,0,0,1,0,0,0.333333,0,0,0,1,1,0,1,0,0,0,1,0,0,0,1,1,0,0
Gordo,cat,Domestic Medium Hair Mix,young,White,Calm; Independent; Affectionate,apartment,moderate,experienced,0,1,4_7,Affectionate,1,0,0,0,1,0,0,1,0,1,0,1,0,1,0,1,0,1,0,0,0,0.57735,0,0,0,0,0,0,0,1,0,0,1,0,0,0,1,1,0,1
*Belinda,dog,Pit Bull Mix,young,White,Friendly; Energetic; Playful,house_with_yard,relaxed,first_time,0,1,0_3,Playful; Affectionate; Friendly,0,1,0,1,0,0,1,0,0,1,1,0,0,0,1,0,0,1,0,0,0,0.666667,1,1,0,0,0,1,0,1,0,1,0,1,0,1,0,0,0,1
Honey,cat,Domestic Shorthair Mix,kitten_puppy,Gray,Energetic; Playful; Affectionate,house_with_yard,relaxed,first_time,0,0,8_plus,Protective,0,1,0,1,0,0,1,0,0,0,0,0,1,0,0,1,1,0,0,0,0,0.0,0,0,0,0,0,0,0,0,1,0,0,1,0,1,0,1,0,0
Shelter Rescue,dog,Dachshund Mix,adult,Orange,Friendly; Calm; Affectionate,house_no_yard,high,first_time,1,1,4_7,Calm; Energetic; Independent,0,0,1,0,0,1,1,0,1,1,0,1,0,0,1,0,0,0,1,0,0,0.333333,0,0,1,1,0,0,1,0,0,1,1,0,0,0,0,1,0,1
*White Snake,cat,Domestic Shorthair Mix,kitten_puppy,White,Energetic; Playful; Affectionate,house_with_yard,high,first_time,1,1,8_plus,Affectionate; Calm,0,1,0,0,0,1,1,0,1,1,0,0,1,0,0,1,1,0,0,0,0,0.408248,0,0,1,0,0,0,0,1,0,0,0,1,0,1,0,1,0,1
Shelter Rescue,dog,Yorkshire Terrier Mix,young,White,Friendly; Energetic; Playful,apartment,moderate,experienced,1,0,8_plus,Playful; Friendly,1,0,0,0,1,0,0,1,1,0,0,0,1,0,1,0,0,1,0,0,0,0.816497,0,1,0,0,0,1,0,0,0,1,0,1,0,1,0,0,0,0
*Hobie,dog,Labrador Retriever Mix,young,Black,Friendly; Energetic; Playful; Affectionate,house_with_yard,high,first_time,1,1,8_plus,Protective,0,1,0,0,0,1,1,0,1,1,0,0,1,0,1,0,0,1,0,0,0,0.0,0,0,0,0,0,0,0,0,1,1,0,1,0,1,0,1,0,1
Live,cat,Russian Blue Mix,young,White,Calm; Independent; Affectionate,house_no_yard,high,first_time,0,1,0_3,Calm,0,0,1,0,0,1,1,0,0,1,1,0,0,0,0,1,0,1,0,0,0,0.57735,0,0,1,0,0,0,0,0,0,0,1,0,0,0,1,1,0,1
*Albert,cat,Domestic Shorthair Mix,kitten_puppy,Black,Energetic; Playful; Affectionate,house_no_yard,moderate,first_time,1,0,4_7,Energetic; Friendly; Protective,0,0,1,0,1,0,1,0,1,0,0,1,0,0,0,1,1,0,0,0,0,0.333333,0,1,0,1,0,0,0,0,1,0,0,1,0,1,0,1,0,0
Willie,dog,Labrador Retriever Mix,senior,Black,Friendly; Calm; Playful; Independent; Affectionate,house_no_yard,moderate,first_time,1,1,4_7,Calm; Protective; Playful,0,0,1,0,1,0,1,0,1,1,0,1,0,0,1,0,0,0,0,1,0,0.516398,0,0,1,0,0,1,0,0,1,1,1,0,0,1,1,1,0,1
Gideon,dog,German Shepherd Mix,young,Black,Friendly; Energetic; Playful; Protective,apartment,high,first_time,0,1,0_3,Independent; Energetic; Shy,1,0,0,0,0,1,1,0,0,1,1,0,0,0,1,0,0,1,0,0,0,0.288675,0,0,0,1,1,0,1,0,0,1,0,1,0,1,0,0,1,0
*Sweet Pea,dog,Staffordshire Mix,young,Black,Friendly; Energetic; Playful,house_with_yard,high,experienced,0,1,4_7,Friendly; Affectionate,0,1,0,0,0,1,0,1,0,1,0,1,0,1,1,0,0,1,0,0,0,0.408248,0,1,0,0,0,0,0,1,0,1,0,1,0,1,0,0,0,1
Dot,cat,Domestic Longhair Mix,young,Black,Calm; Independent; Affectionate,apartment,high,experienced,1,1,4_7,Friendly; Independent; Playful,1,0,0,0,0,1,0,1,1,1,0,1,0,0,0,1,0,1,0,0,0,0.333333,0,1,0,0,0,1,1,0,0,0,1,0,0,0,1,1,0,1
*Rosie,cat,Domestic Shorthair Mix,kitten_puppy,Gray,Energetic; Playful; Affectionate,house_with_yard,high,first_time,0,1,8_plus,Calm; Shy,0,1,0,0,0,1,1,0,0,1,0,0,1,0,0,1,1,0,0,0,0,0.0,0,0,1,0,1,0,0,0,0,0,0,1,0,1,0,1,0,0
Essie,dog,Feist Mix,young,White,Friendly; Energetic; Playful,apartment,moderate,first_time,1,1,4_7,Friendly; Energetic,1,0,0,0,1,0,1,0,1,1,0,1,0,0,1,0,0,1,0,0,0,0.816497,0,1,0,1,0,0,0,0,0,1,0,1,0,1,0,0,0,1
*Beth,cat,Domestic Shorthair Mix,adult,Orange,Calm; Independent; Affectionate,apartment,high,experienced,0,0,8_plus,Energetic; Friendly; Playful,1,0,0,0,0,1,0,1,0,0,0,0,1,0,0,1,0,0,1,0,0,0.0,0,1,0,1,0,1,0,0,0,0,1,0,0,0,1,1,0,1
Abbey,dog,Eng Toy Spaniel Mix,kitten_puppy,White,Friendly; Energetic; Playful; Affectionate,house_no_yard,relaxed,experienced,0,0,0_3,Playful; Shy,0,0,1,1,0,0,0,1,0,0,1,0,0,0,1,0,1,0,0,0,0,0.353553,0,0,0,0,1,1,0,0,0,1,0,1,0,1,0,1,0,1
Muneca,dog,Chihuahua Shorthair Mix,kitten_puppy,White,Friendly; Calm; Energetic; Playful; Affectionate,apartment,moderate,first_time,1,0,8_plus,Affectionate; Protective; Independent,1,0,0,0,1,0,1,0,1,0,0,0,1,1,1,0,1,0,0,0,0,0.258199,1,0,0,0,0,0,1,1,1,1,1,1,0,1,0,1,0,1
Ladybird,dog,Border Collie Mix,adult,Black,Friendly; Energetic; Affectionate,house_no_yard,relaxed,first_time,1,0,8_plus,Affectionate; Protective; Independent,0,0,1,1,0,0,1,0,1,0,0,0,1,0,1,0,0,0,1,0,0,0.333333,1,0,0,0,0,0,1,1,1,1,0,1,0,0,0,1,0,1
*Lala,dog,Boxer/Labrador Retriever,kitten_puppy,White,Friendly; Energetic; Playful; Affectionate,house_no_yard,moderate,first_time,0,1,0_3,Calm; Affectionate; Energetic,0,0,1,0,1,0,1,0,0,1,1,0,0,0,1,0,1,0,0,0,0,0.57735,1,0,1,1,0,0,0,1,0,1,0,1,0,1,0,1,0,1
*Tyra,cat,Domestic Shorthair Mix,kitten_puppy,Tricolor,Energetic; Playful; Affectionate,apartment,moderate,first_time,0,1,0_3,Calm; Playful,1,0,0,0,1,0,1,0,0,1,1,0,0,0,0,1,1,0,0,0,0,0.408248,1,0,1,0,0,1,0,0,0,0,0,1,0,1,0,1,0,1
*Sprite,dog,Pit Bull Mix,young,White,Friendly; Energetic; Playful,apartment,moderate,first_time,1,1,0_3,Calm; Playful,1,0,0,0,1,0,1,0,1,1,1,0,0,0,1,0,0,1,0,0,0,0.408248,1,0,1,0,0,1,0,0,0,1,0,1,0,1,0,0,0,1
Nala,dog,Pit Bull Mix,kitten_puppy,Tricolor,Friendly; Energetic; Playful,apartment,moderate,first_time,0,1,4_7,Energetic,1,0,0,0,1,0,1,0,0,1,0,1,0,0,1,0,1,0,0,0,0,0.57735,0,0,0,1,0,0,0,0,0,1,0,1,0,1,0,0,0,1
*Finn,dog,German Shepherd,young,Black,Friendly; Energetic; Playful; Protective,house_no_yard,high,first_time,0,0,4_7,Friendly,0,0,1,0,0,1,1,0,0,0,0,1,0,0,1,0,0,1,0,0,0,0.5,0,1,0,0,0,0,0,0,0,1,0,1,0,1,0,0,1,1
Duke,dog,Chihuahua Shorthair Mix,kitten_puppy,Brown,Friendly; Calm; Energetic; Playful; Affectionate,apartment,moderate,experienced,0,1,4_7,Affectionate,1,0,0,0,1,0,0,1,0,1,0,1,0,0,1,0,1,0,0,0,0,0.447214,0,0,0,0,0,0,0,1,0,1,1,1,0,1,0,1,0,1
*Monty,dog,Labrador Retriever/Chow Chow,young,Orange,Friendly; Energetic; Playful; Affectionate,apartment,high,experienced,0,0,4_7,Affectionate,1,0,0,0,0,1,0,1,0,0,0,1,0,1,1,0,0,1,0,0,0,0.5,0,0,0,0,0,0,0,1,0,1,0,1,0,1,0,1,0,0
Pavel,cat,Domestic Shorthair Mix,kitten_puppy,Black,Energetic; Playful; Affectionate,house_no_yard,relaxed,first_time,1,1,0_3,Calm; Friendly; Independent,0,0,1,1,0,0,1,0,1,1,1,0,0,0,0,1,1,0,0,0,0,0.0,1,1,1,0,0,0,1,0,0,0,0,1,0,1,0,1,0,1
*Shoe,cat,Domestic Shorthair Mix,kitten_puppy,Black,Energetic; Playful; Affectionate,house_no_yard,relaxed,first_time,1,0,4_7,Shy; Energetic; Affectionate,0,0,1,1,0,0,1,0,1,0,0,1,0,0,0,1,1,0,0,0,0,0.666667,1,0,0,1,1,0,0,1,0,0,0,1,0,1,0,1,0,1
Ivy,dog,German Shepherd Mix,adult,Black,Friendly; Energetic; Affectionate; Protective,house_no_yard,moderate,experienced,1,1,0_3,Independent; Calm,0,0,1,0,1,0,0,1,1,1,1,0,0,0,1,0,0,0,1,0,0,0.0,0,0,1,0,0,0,1,0,0,1,0,1,0,0,0,1,1,1
Turbo,dog,Canaan Dog Mix,adult,Black,Friendly; Affectionate,house_no_yard,moderate,first_time,1,1,0_3,Calm,0,0,1,0,1,0,1,0,1,1,1,0,0,0,1,0,0,0,1,0,0,0.0,0,0,1,0,0,0,0,0,0,1,0,0,0,0,0,1,0,1
Shelter Rescue,cat,Domestic Longhair Mix,kitten_puppy,White,Energetic; Playful; Affectionate,house_no_yard,moderate,experienced,1,1,8_plus,Affectionate; Energetic,0,0,1,0,1,0,0,1,1,1,0,0,1,0,0,1,1,0,0,0,0,0.816497,0,0,0,1,0,0,0,1,0,0,0,1,0,1,0,1,0,1
Brandon,dog,Pit Bull Mix,adult,White,Friendly; Energetic; Affectionate,house_with_yard,relaxed,experienced,0,1,0_3,Friendly,0,1,0,1,0,0,0,1,0,1,1,0,0,1,1,0,0,0,1,0,0,0.57735,0,1,0,0,0,0,0,0,0,1,0,1,0,0,0,1,0,1
Sandro,cat,Domestic Shorthair Mix,adult,Gray,Calm; Independent; Affectionate,apartment,high,experienced,0,1,0_3,Friendly,1,0,0,0,0,1,0,1,0,1,1,0,0,0,0,1,0,0,1,0,0,0.0,0,1,0,0,0,0,0,0,0,0,1,0,0,0,1,1,0,1
*Jacob,dog,Pit Bull Mix,kitten_puppy,White,Friendly; Energetic; Playful,house_with_yard,relaxed,experienced,1,0,8_plus,Affectionate; Independent; Shy,0,1,0,1,0,0,0,1,1,0,0,0,1,1,1,0,1,0,0,0,0,0.0,0,0,0,0,1,0,1,1,0,1,0,1,0,1,0,0,0,0
*Nina,dog,Siberian Husky Mix,kitten_puppy,White,Friendly; Energetic; Playful,house_with_yard,moderate,experienced,0,1,0_3,Friendly,0,1,0,0,1,0,0,1,0,1,1,0,0,1,1,0,1,0,0,0,0,0.57735,0,1,0,0,0,0,0,0,0,1,0,1,0,1,0,0,0,1
*Meeka,dog,Chihuahua Shorthair Mix,young,White,Friendly; Calm; Energetic; Playful; Affectionate,apartment,moderate,experienced,1,0,4_7,Affectionate,1,0,0,0,1,0,0,1,1,0,0,1,0,0,1,0,0,1,0,0,0,0.447214,0,0,0,0,0,0,0,1,0,1,1,1,0,1,0,1,0,1
Zen,cat,Domestic Shorthair Mix,kitten_puppy,Gray,Energetic; Playful; Affectionate,house_with_yard,relaxed,experienced,1,0,8_plus,Calm; Shy,0,1,0,1,0,0,0,1,1,0,0,0,1,0,0,1,1,0,0,0,0,0.0,0,0,1,0,1,0,0,0,0,0,0,1,0,1,0,1,0,0
Rounder,dog,German Shepherd Mix,adult,White,Friendly; Energetic; Affectionate; Protective,house_no_yard,relaxed,first_time,0,0,8_plus,Shy,0,0,1,1,0,0,1,0,0,0,0,0,1,1,1,0,0,0,1,0,0,0.0,1,0,0,0,1,0,0,0,0,1,0,1,0,0,0,1,1,0
*Gigi,cat,Domestic Medium Hair Mix,kitten_puppy,Brown,Energetic; Playful; Affectionate,house_no_yard,high,first_time,0,0,0_3,Independent,0,0,1,0,0,1,1,0,0,0,1,0,0,0,0,1,1,0,0,0,0,0.0,1,0,0,0,0,0,1,0,0,0,0,1,0,1,0,1,0,1
*Moxy,dog,German Shepherd Mix,kitten_puppy,Black,Friendly; Energetic; Playful; Protective,apartment,moderate,experienced,1,0,4_7,Protective,1,0,0,0,1,0,0,1,1,0,0,1,0,1,1,0,1,0,0,0,0,0.5,0,0,0,0,0,0,0,0,1,1,0,1,0,1,0,0,1,0
Hurricane,cat,Domestic Shorthair Mix,kitten_puppy,Black,Energetic; Playful; Affectionate,apartment,relaxed,first_time,0,1,8_plus,Calm; Friendly,1,0,0,1,0,0,1,0,0,1,0,0,1,0,0,1,1,0,0,0,0,0.0,0,1,1,0,0,0,0,0,0,0,0,1,0,1,0,1,0,0
Loulou,dog,Australian Shepherd Mix,kitten_puppy,Black,Friendly; Energetic; Playful; Protective,house_no_yard,moderate,experienced,0,1,8_plus,Independent; Calm,0,0,1,0,1,0,0,1,0,1,0,0,1,0,1,0,1,0,0,0,0,0.0,0,0,1,0,0,0,1,0,0,1,0,1,0,1,0,0,1,0
*Hershey,dog,Labrador Retriever Mix,young,White,Friendly; Energetic; Playful; Affectionate,house_no_yard,moderate,experienced,1,0,4_7,Independent,0,0,1,0,1,0,0,1,1,0,0,1,0,1,1,0,0,1,0,0,0,0.0,0,0,0,0,0,0,1,0,0,1,0,1,0,1,0,1,0,0
Reptar,dog,Flat Coat Retriever Mix,young,Black,Friendly; Energetic; Playful; Affectionate,house_with_yard,high,experienced,1,1,8_plus,Energetic; Calm,0,1,0,0,0,1,0,1,1,1,0,0,1,1,1,0,0,1,0,0,0,0.353553,0,0,1,1,0,0,0,0,0,1,0,1,0,1,0,1,0,1
Lupe,cat,Domestic Shorthair Mix,kitten_puppy,Black,Energetic; Playful; Affectionate,house_with_yard,moderate,first_time,1,0,8_plus,Affectionate; Friendly; Calm,0,1,0,0,1,0,1,0,1,0,0,0,1,0,0,1,1,0,0,0,0,0.333333,0,1,1,0,0,0,0,1,0,0,0,1,0,1,0,1,0,0
Max,dog,Chihuahua Shorthair Mix,kitten_puppy,Black,Friendly; Calm; Energetic; Playful; Affectionate,house_no_yard,high,first_time,1,0,4_7,Shy,0,0,1,0,0,1,1,0,1,0,0,1,0,1,1,0,1,0,0,0,0,0.0,0,0,0,0,1,0,0,0,0,1,1,1,0,1,0,1,0,1
*Molly,cat,Domestic Shorthair Mix,kitten_puppy,Tricolor,Energetic; Playful; Affectionate,house_with_yard,high,experienced,1,0,0_3,Friendly; Playful; Energetic,0,1,0,0,0,1,0,1,1,0,1,0,0,0,0,1,1,0,0,0,0,0.666667,1,1,0,1,0,1,0,0,0,0,0,1,0,1,0,1,0,1
Rambo,dog,Bull Terrier Mix,young,Black,Friendly; Energetic; Playful,house_no_yard,moderate,first_time,0,1,4_7,Shy; Affectionate; Protective,0,0,1,0,1,0,1,0,0,1,0,1,0,0,1,0,0,1,0,0,0,0.0,0,0,0,0,1,0,0,1,1,1,0,1,0,1,0,0,0,0
Vada,dog,Pit Bull Mix,adult,White,Friendly; Energetic; Affectionate,house_no_yard,relaxed,first_time,0,1,4_7,Shy; Playful; Affectionate,0,0,1,1,0,0,1,0,0,1,0,1,0,0,1,0,0,0,1,0,0,0.333333,1,0,0,0,1,1,0,1,0,1,0,1,0,0,0,1,0,1
Parker,dog,Cardigan Welsh Corgi Mix,kitten_puppy,Tricolor,Friendly; Energetic; Playful,apartment,relaxed,experienced,1,0,0_3,Calm,1,0,0,1,0,0,0,1,1,0,1,0,0,0,1,0,1,0,0,0,0,0.0,0,0,1,0,0,0,0,0,0,1,0,1,0,1,0,0,0,0
Shelter Rescue,cat,Domestic Shorthair Mix,kitten_puppy,Black,Energetic; Playful; Affectionate,house_no_yard,relaxed,first_time,0,0,4_7,Energetic; Playful; Shy,0,0,1,1,0,0,1,0,0,0,0,1,0,0,0,1,1,0,0,0,0,0.666667,0,0,0,1,1,1,0,0,0,0,0,1,0,1,0,1,0,0
*Cardamom,dog,Labrador Retriever Mix,adult,Brown,Friendly; Playful; Affectionate,house_no_yard,high,first_time,1,1,0_3,Affectionate,0,0,1,0,0,1,1,0,1,1,1,0,0,0,1,0,0,0,1,0,0,0.57735,0,0,0,0,0,0,0,1,0,1,0,0,0,1,0,1,0,1
Shelter Rescue,dog,Collie Smooth Mix,kitten_puppy,Black,Friendly; Energetic; Playful,house_no_yard,high,first_time,1,0,8_plus,Shy; Protective; Affectionate,0,0,1,0,0,1,1,0,1,0,0,0,1,0,1,0,1,0,0,0,0,0.0,0,0,0,0,1,0,0,1,1,1,0,1,0,1,0,0,0,0
*Lula,cat,Siamese,young,Tricolor,Calm; Playful; Independent; Affectionate,house_no_yard,moderate,experienced,1,0,0_3,Independent; Affectionate; Protective,0,0,1,0,1,0,0,1,1,0,1,0,0,0,0,1,0,1,0,0,0,0.57735,1,0,0,0,0,0,1,1,1,0,1,0,0,1,1,1,0,1
*Tereza,cat,Domestic Shorthair Mix,young,White,Calm; Independent; Affectionate,apartment,moderate,first_time,0,1,4_7,Shy; Friendly; Protective,1,0,0,0,1,0,1,0,0,1,0,1,0,0,0,1,0,1,0,0,0,0.0,0,1,0,0,1,0,0,0,1,0,1,0,0,0,1,1,0,1
Max,dog,Redbone Hound Mix,young,Orange,Friendly; Energetic; Playful,apartment,relaxed,experienced,1,1,4_7,Affectionate; Friendly,1,0,0,1,0,0,0,1,1,1,0,1,0,0,1,0,0,1,0,0,0,0.408248,1,1,0,0,0,0,0,1,0,1,0,1,0,1,0,0,0,0
*Winnie,cat,Domestic Shorthair Mix,young,Tricolor,Calm; Independent; Affectionate,apartment,moderate,experienced,0,0,4_7,Affectionate; Energetic,1,0,0,0,1,0,0,1,0,0,0,1,0,0,0,1,0,1,0,0,0,0.408248,0,0,0,1,0,0,0,1,0,0,1,0,0,0,1,1,0,1
Shelter Rescue,dog,Chinese Sharpei/Labrador Retriever,kitten_puppy,Black,Friendly; Energetic; Playful; Affectionate,house_no_yard,relaxed,experienced,0,1,4_7,Playful; Friendly,0,0,1,1,0,0,0,1,0,1,0,1,0,0,1,0,1,0,0,0,0,0.707107,1,1,0,0,0,1,0,0,0,1,0,1,0,1,0,1,0,1
Cole,cat,Domestic Shorthair Mix,kitten_puppy,Black,Energetic; Playful; Affectionate,house_no_yard,relaxed,first_time,1,0,4_7,Energetic; Friendly; Shy,0,0,1,1,0,0,1,0,1,0,0,1,0,0,0,1,1,0,0,0,0,0.333333,0,1,0,1,1,0,0,0,0,0,0,1,0,1,0,1,0,0
*Timmy,cat,Domestic Shorthair Mix,kitten_puppy,Orange,Energetic; Playful; Affectionate,house_with_yard,high,first_time,1,1,4_7,Independent; Affectionate; Energetic,0,1,0,0,0,1,1,0,1,1,0,1,0,0,0,1,1,0,0,0,0,0.666667,0,0,0,1,0,0,1,1,0,0,0,1,0,1,0,1,0,1
*Max,cat,Domestic Shorthair Mix,kitten_puppy,Tabby,Energetic; Playful; Affectionate,apartment,moderate,first_time,1,1,0_3,Calm; Energetic,1,0,0,0,1,0,1,0,1,1,1,0,0,0,0,1,1,0,0,0,0,0.408248,0,0,1,1,0,0,0,0,0,0,0,1,0,1,0,1,0,1
Miss Kitty,cat,Domestic Shorthair Mix,adult,White,Calm; Independent; Affectionate,house_no_yard,relaxed,first_time,0,1,0_3,Affectionate; Shy,0,0,1,1,0,0,1,0,0,1,1,0,0,1,0,1,0,0,1,0,0,0.408248,0,0,0,0,1,0,0,1,0,0,1,0,0,0,1,1,0,1
Skylar,dog,German Shepherd,young,White,Friendly; Energetic; Playful; Protective,house_with_yard,high,experienced,1,1,8_plus,Independent; Playful; Protective,0,1,0,0,0,1,0,1,1,1,0,0,1,0,1,0,0,1,0,0,0,0.57735,0,0,0,0,0,1,1,0,1,1,0,1,0,1,0,0,1,1
Rascal,cat,Domestic Shorthair Mix,kitten_puppy,Black,Energetic; Playful; Affectionate,apartment,relaxed,experienced,1,0,8_plus,Affectionate; Energetic; Playful,1,0,0,1,0,0,0,1,1,0,0,0,1,0,0,1,1,0,0,0,0,1.0,0,0,0,1,0,1,0,1,0,0,0,1,0,1,0,1,0,1
Yip Yip,dog,Chihuahua Shorthair Mix,adult,Brown,Friendly; Calm; Affectionate,house_with_yard,high,first_time,0,0,0_3,Shy; Friendly,0,1,0,0,0,1,1,0,0,0,1,0,0,0,1,0,0,0,1,0,0,0.408248,0,1,0,0,1,0,0,0,0,1,1,0,0,0,0,1,0,1
*Nutmeg,dog,Labrador Retriever Mix,adult,Black,Friendly; Playful; Affectionate,house_no_yard,high,first_time,1,0,4_7,Playful; Affectionate; Shy,0,0,1,0,0,1,1,0,1,0,0,1,0,0,1,0,0,0,1,0,0,0.666667,1,0,0,0,1,1,0,1,0,1,0,0,0,1,0,1,0,1
Bastion,cat,Siamese Mix,young,Brown,Calm; Playful; Independent; Affectionate,house_with_yard,high,first_time,0,1,0_3,Affectionate; Shy,0,1,0,0,0,1,1,0,0,1,1,0,0,1,0,1,0,1,0,0,0,0.353553,0,0,0,0,1,0,0,1,0,0,1,0,0,1,1,1,0,1
Milo,cat,Domestic Shorthair Mix,kitten_puppy,Tabby,Energetic; Playful; Affectionate,house_no_yard,moderate,experienced,0,1,8_plus,Shy; Playful,0,0,1,0,1,0,0,1,0,1,0,0,1,1,0,1,1,0,0,0,0,0.408248,0,0,0,0,1,1,0,0,0,0,0,1,0,1,0,1,0,0
Benltey,dog,Miniature Schnauzer/Dachshund Longhair,kitten_puppy,Brown,Friendly; Calm; Energetic; Playful; Affectionate,house_with_yard,high,first_time,0,0,8_plus,Energetic; Playful,0,1,0,0,0,1,1,0,0,0,0,0,1,0,1,0,1,0,0,0,0,0.632456,0,0,0,1,0,1,0,0,0,1,1,1,0,1,0,1,0,1
Max,dog,Labrador Retriever Mix,kitten_puppy,Black,Friendly; Energetic; Playful; Affectionate,apartment,relaxed,first_time,0,1,8_plus,Independent; Calm; Protective,1,0,0,1,0,0,1,0,0,1,0,0,1,0,1,0,1,0,0,0,0,0.0,0,0,1,0,0,0,1,0,1,1,0,1,0,1,0,1,0,0
Khalessi,dog,Chihuahua Shorthair Mix,adult,Orange,Friendly; Calm; Affectionate,house_with_yard,high,first_time,0,0,0_3,Independent; Energetic; Affectionate,0,1,0,0,0,1,1,0,0,0,1,0,0,1,1,0,0,0,1,0,0,0.333333,0,0,0,1,0,0,1,1,0,1,1,0,0,0,0,1,0,1
Shelter Rescue,dog,Labrador Retriever Mix,kitten_puppy,White,Friendly; Energetic; Playful; Affectionate,house_no_yard,relaxed,first_time,0,0,8_plus,Shy; Affectionate,0,0,1,1,0,0,1,0,0,0,0,0,1,1,1,0,1,0,0,0,0,0.353553,0,0,0,0,1,0,0,1,0,1,0,1,0,1,0,1,0,0
Loki,cat,Domestic Shorthair Mix,kitten_puppy,Tabby,Energetic; Playful; Affectionate,house_no_yard,high,experienced,0,1,0_3,Affectionate,0,0,1,0,0,1,0,1,0,1,1,0,0,0,0,1,1,0,0,0,0,0.57735,1,0,0,0,0,0,0,1,0,0,0,1,0,1,0,1,0,1
*Soze,cat,Domestic Shorthair Mix,young,Orange,Calm; Independent; Affectionate,apartment,moderate,first_time,1,1,4_7,Friendly,1,0,0,0,1,0,1,0,1,1,0,1,0,0,0,1,0,1,0,0,0,0.0,0,1,0,0,0,0,0,0,0,0,1,0,0,0,1,1,0,1
*Shirley,dog,Australian Cattle Dog Mix,young,White,Friendly; Energetic; Playful,house_no_yard,high,experienced,0,0,8_plus,Calm; Friendly; Protective,0,0,1,0,0,1,0,1,0,0,0,0,1,0,1,0,0,1,0,0,0,0.333333,0,1,1,0,0,0,0,0,1,1,0,1,0,1,0,0,0,1
*Winston,dog,Chihuahua Shorthair Mix,young,White,Friendly; Calm; Energetic; Playful; Affectionate,apartment,high,first_time,0,1,4_7,Protective,1,0,0,0,0,1,1,0,0,1,0,1,0,0,1,0,0,1,0,0,0,0.0,0,0,0,0,0,0,0,0,1,1,1,1,0,1,0,1,0,1
Lemore,cat,Domestic Medium Hair Mix,kitten_puppy,Black,Energetic; Playful; Affectionate,house_with_yard,relaxed,experienced,1,1,0_3,Energetic; Shy; Affectionate,0,1,0,1,0,0,0,1,1,1,1,0,0,0,0,1,1,0,0,0,0,0.666667,0,0,0,1,1,0,0,1,0,0,0,1,0,1,0,1,0,1
Julep,dog,Cardigan Welsh Corgi Mix,young,White,Friendly; Energetic; Playful,house_no_yard,high,experienced,0,0,0_3,Shy,0,0,1,0,0,1,0,1,0,0,1,0,0,0,1,0,0,1,0,0,0,0.0,1,0,0,0,1,0,0,0,0,1,0,1,0,1,0,0,0,1
Susie,cat,Domestic Shorthair Mix,young,White,Calm; Independent; Affectionate,house_with_yard,relaxed,experienced,1,1,0_3,Affectionate,0,1,0,1,0,0,0,1,1,1,1,0,0,0,0,1,0,1,0,0,0,0.57735,0,0,0,0,0,0,0,1,0,0,1,0,0,0,1,1,0,1
Zoe,dog,Cairn Terrier Mix,young,Brown,Friendly; Energetic; Playful,house_no_yard,high,experienced,0,0,8_plus,Friendly,0,0,1,0,0,1,0,1,0,0,0,0,1,0,1,0,0,1,0,0,0,0.57735,0,1,0,0,0,0,0,0,0,1,0,1,0,1,0,0,0,1
Kaya,dog,Toy Poodle,senior,Brown,Friendly; Calm; Playful; Independent; Affectionate,house_no_yard,relaxed,experienced,1,0,0_3,Calm; Energetic,0,0,1,1,0,0,0,1,1,0,1,0,0,1,1,0,0,0,0,1,0,0.316228,0,0,1,1,0,0,0,0,0,1,1,0,0,1,1,1,0,1
Chuchi,dog,Chihuahua Shorthair Mix,young,Black,Friendly; Calm; Energetic; Playful; Affectionate,house_with_yard,relaxed,first_time,0,0,8_plus,Friendly; Playful; Affectionate,0,1,0,1,0,0,1,0,0,0,0,0,1,0,1,0,0,1,0,0,0,0.774597,0,1,0,0,0,1,0,1,0,1,1,1,0,1,0,1,0,1
Nala,dog,Pit Bull Mix,young,White,Friendly; Energetic; Playful,house_no_yard,moderate,first_time,1,1,0_3,Energetic; Calm,0,0,1,0,1,0,1,0,1,1,1,0,0,0,1,0,0,1,0,0,0,0.408248,0,0,1,1,0,0,0,0,0,1,0,1,0,1,0,0,0,1
Shelter Rescue,dog,Pug Mix,kitten_puppy,Black,Friendly; Calm; Energetic; Playful; Affectionate,house_with_yard,relaxed,experienced,1,1,4_7,Calm,0,1,0,1,0,0,0,1,1,1,0,1,0,0,1,0,1,0,0,0,0,0.447214,0,0,1,0,0,0,0,0,0,1,1,1,0,1,0,1,0,1
*Chelsea,cat,Domestic Shorthair Mix,kitten_puppy,Black,Energetic; Playful; Affectionate,house_with_yard,relaxed,experienced,1,1,8_plus,Energetic; Friendly,0,1,0,1,0,0,0,1,1,1,0,0,1,0,0,1,1,0,0,0,0,0.408248,1,1,0,1,0,0,0,0,0,0,0,1,0,1,0,1,0,1
Zeus,dog,Great Pyrenees Mix,adult,White,Friendly; Affectionate,apartment,high,experienced,0,1,0_3,Playful; Friendly,1,0,0,0,0,1,0,1,0,1,1,0,0,0,1,0,0,0,1,0,0,0.5,1,1,0,0,0,1,0,0,0,1,0,0,0,0,0,1,0,1
*Hurk,dog,Pit Bull Mix,adult,Black,Friendly; Energetic; Affectionate,apartment,moderate,experienced,0,0,8_plus,Playful,1,0,0,0,1,0,0,1,0,0,0,0,1,0,1,0,0,0,1,0,0,0.0,1,0,0,0,0,1,0,0,0,1,0,1,0,0,0,1,0,0
*Tina,cat,Domestic Shorthair Mix,kitten_puppy,Tabby,Energetic; Playful; Affectionate,house_no_yard,moderate,first_time,0,0,0_3,Playful; Protective; Friendly,0,0,1,0,1,0,1,0,0,0,1,0,0,0,0,1,1,0,0,0,0,0.333333,0,1,0,0,0,1,0,0,1,0,0,1,0,1,0,1,0,1
Cocoa,dog,Old English Bulldog Mix,adult,White,Friendly; Energetic; Affectionate,house_no_yard,high,first_time,0,0,0_3,Calm,0,0,1,0,0,1,1,0,0,0,1,0,0,0,1,0,0,0,1,0,0,0.0,0,0,1,0,0,0,0,0,0,1,0,1,0,0,0,1,0,1
Blaze,cat,Domestic Shorthair Mix,adult,Tabby,Calm; Independent; Affectionate,apartment,moderate,experienced,1,0,4_7,Shy; Friendly; Energetic,1,0,0,0,1,0,0,1,1,0,0,1,0,1,0,1,0,0,1,0,0,0.0,1,1,0,1,1,0,0,0,0,0,1,0,0,0,1,1,0,0
*Miranda,dog,Australian Shepherd Mix,young,White,Friendly; Energetic; Playful; Protective,house_with_yard,relaxed,experienced,1,1,8_plus,Protective,0,1,0,1,0,0,0,1,1,1,0,0,1,1,1,0,0,1,0,0,0,0.5,1,0,0,0,0,0,0,0,1,1,0,1,0,1,0,0,1,1
Shelter Rescue,dog,Anatol Shepherd,kitten_puppy,White,Friendly; Energetic; Playful; Protective,apartment,relaxed,first_time,1,1,0_3,Independent; Friendly,1,0,0,1,0,0,1,0,1,1,1,0,0,0,1,0,1,0,0,0,0,0.353553,1,1,0,0,0,0,1,0,0,1,0,1,0,1,0,0,1,1
Pony Boy,dog,Labrador Retriever Mix,adult,Black,Friendly; Playful; Affectionate,house_with_yard,moderate,first_time,1,0,8_plus,Shy; Friendly; Protective,0,1,0,0,1,0,1,0,1,0,0,0,1,0,1,0,0,0,1,0,0,0.333333,1,1,0,0,1,0,0,0,1,1,0,0,0,1,0,1,0,1
Shelter Rescue,cat,Domestic Shorthair Mix,kitten_puppy,Tabby,Energetic; Playful; Affectionate,apartment,relaxed,first_time,1,1,0_3,Playful; Shy; Friendly,1,0,0,1,0,0,1,0,1,1,1,0,0,0,0,1,1,0,0,0,0,0.333333,0,1,0,0,1,1,0,0,0,0,0,1,0,1,0,1,0,1
Ryder,cat,Domestic Shorthair Mix,kitten_puppy,Black,Energetic; Playful; Affectionate,house_no_yard,relaxed,first_time,0,0,4_7,Playful; Shy,0,0,1,1,0,0,1,0,0,0,0,1,0,1,0,1,1,0,0,0,0,0.408248,0,0,0,0,1,1,0,0,0,0,0,1,0,1,0,1,0,0
Gojira,dog,Akita Mix,kitten_puppy,Tricolor,Friendly; Energetic; Playful,house_no_yard,moderate,experienced,0,1,0_3,Shy; Affectionate; Energetic,0,0,1,0,1,0,0,1,0,1,1,0,0,0,1,0,1,0,0,0,0,0.333333,0,0,0,1,1,0,0,1,0,1,0,1,0,1,0,0,0,1
*Seamus,dog,Boxer/American Bulldog,young,White,Friendly; Energetic; Playful,house_no_yard,relaxed,first_time,0,0,4_7,Playful; Energetic,0,0,1,1,0,0,1,0,0,0,0,1,0,0,1,0,0,1,0,0,0,0.816497,0,0,0,1,0,1,0,0,0,1,0,1,0,1,0,0,0,1
Bruce,cat,Domestic Shorthair Mix,kitten_puppy,Black,Energetic; Playful; Affectionate,house_no_yard,high,first_time,1,1,4_7,Energetic; Protective,0,0,1,0,0,1,1,0,1,1,0,1,0,1,0,1,1,0,0,0,0,0.408248,0,0,0,1,0,0,0,0,1,0,0,1,0,1,0,1,0,1
Mr. Johnson,dog,Pit Bull Mix,young,White,Friendly; Energetic; Playful,house_with_yard,moderate,experienced,1,0,8_plus,Playful,0,1,0,0,1,0,0,1,1,0,0,0,1,0,1,0,0,1,0,0,0,0.57735,1,0,0,0,0,1,0,0,0,1,0,1,0,1,0,0,0,1
Rika,cat,Domestic Shorthair Mix,kitten_puppy,Black,Energetic; Playful; Affectionate,house_with_yard,moderate,first_time,0,1,8_plus,Shy,0,1,0,0,1,0,1,0,0,1,0,0,1,0,0,1,1,0,0,0,0,0.0,0,0,0,0,1,0,0,0,0,0,0,1,0,1,0,1,0,0
Nala,cat,Domestic Shorthair Mix,kitten_puppy,Tricolor,Energetic; Playful; Affectionate,apartment,high,first_time,1,0,8_plus,Independent; Energetic; Calm,1,0,0,0,0,1,1,0,1,0,0,0,1,0,0,1,1,0,0,0,0,0.333333,0,0,1,1,0,0,1,0,0,0,0,1,0,1,0,1,0,1
Blinky,cat,Domestic Shorthair Mix,kitten_puppy,Gray,Energetic; Playful; Affectionate,apartment,high,experienced,0,0,4_7,Affectionate; Friendly,1,0,0,0,0,1,0,1,0,0,0,1,0,0,0,1,1,0,0,0,0,0.408248,0,1,0,0,0,0,0,1,0,0,0,1,0,1,0,1,0,1
Rylie,dog,Labrador Retriever Mix,kitten_puppy,Black,Friendly; Energetic; Playful; Affectionate,house_with_yard,relaxed,experienced,0,0,8_plus,Protective,0,1,0,1,0,0,0,1,0,0,0,0,1,0,1,0,1,0,0,0,0,0.0,0,0,0,0,0,0,0,0,1,1,0,1,0,1,0,1,0,0
Valentine,dog,Pit Bull Mix,young,White,Friendly; Energetic; Playful,apartment,moderate,experienced,1,1,4_7,Protective; Friendly; Playful,1,0,0,0,1,0,0,1,1,1,0,1,0,1,1,0,0,1,0,0,0,0.666667,0,1,0,0,0,1,0,0,1,1,0,1,0,1,0,0,0,1
*Leopard,dog,Catahoula Mix,kitten_puppy,Brown,Friendly; Energetic; Playful,house_with_yard,moderate,experienced,0,0,4_7,Shy; Playful; Independent,0,1,0,0,1,0,0,1,0,0,0,1,0,1,1,0,1,0,0,0,0,0.333333,0,0,0,0,1,1,1,0,0,1,0,1,0,1,0,0,0,1
Princess,dog,Chihuahua Longhair Mix,kitten_puppy,Black,Friendly; Calm; Energetic; Playful; Affectionate,house_with_yard,relaxed,experienced,1,1,8_plus,Energetic; Protective; Independent,0,1,0,1,0,0,0,1,1,1,0,0,1,1,1,0,1,0,0,0,0,0.258199,0,0,0,1,0,0,1,0,1,1,1,1,0,1,0,1,0,1
Blue,dog,Australian Cattle Dog Mix,kitten_puppy,White,Friendly; Energetic; Playful,house_with_yard,high,first_time,0,1,8_plus,Independent; Playful; Calm,0,1,0,0,0,1,1,0,0,1,0,0,1,0,1,0,1,0,0,0,0,0.333333,0,0,1,0,0,1,1,0,0,1,0,1,0,1,0,0,0,1
Shelter Rescue,cat,Domestic Medium Hair Mix,kitten_puppy,Tabby,Energetic; Playful; Affectionate,house_no_yard,high,experienced,0,1,0_3,Protective,0,0,1,0,0,1,0,1,0,1,1,0,0,1,0,1,1,0,0,0,0,0.0,0,0,0,0,0,0,0,0,1,0,0,1,0,1,0,1,0,1
Shelter Rescue,cat,Domestic Shorthair Mix,kitten_puppy,White,Energetic; Playful; Affectionate,house_no_yard,moderate,experienced,1,1,0_3,Calm; Friendly; Protective,0,0,1,0,1,0,0,1,1,1,1,0,0,0,0,1,1,0,0,0,0,0.0,0,1,1,0,0,0,0,0,1,0,0,1,0,1,0,1,0,1
Roxy,dog,Chihuahua Shorthair Mix,young,White,Friendly; Calm; Energetic; Playful; Affectionate,house_with_yard,moderate,experienced,0,1,8_plus,Friendly; Protective,0,1,0,0,1,0,0,1,0,1,0,0,1,0,1,0,0,1,0,0,0,0.316228,0,1,0,0,0,0,0,0,1,1,1,1,0,1,0,1,0,1
*Anna,cat,Domestic Shorthair Mix,kitten_puppy,Tabby,Energetic; Playful; Affectionate,apartment,high,first_time,0,0,0_3,Affectionate; Energetic,1,0,0,0,0,1,1,0,0,0,1,0,0,0,0,1,1,0,0,0,0,0.816497,1,0,0,1,0,0,0,1,0,0,0,1,0,1,0,1,0,1
*Jelly Bean,dog,Labrador Retriever Mix,adult,Black,Friendly; Playful; Affectionate,house_with_yard,moderate,first_time,1,1,4_7,Protective; Shy; Affectionate,0,1,0,0,1,0,1,0,1,1,0,1,0,0,1,0,0,0,1,0,0,0.333333,0,0,0,0,1,0,0,1,1,1,0,0,0,1,0,1,0,1
*Jake,dog,Chihuahua Shorthair Mix,young,White,Friendly; Calm; Energetic; Playful; Affectionate,house_with_yard,high,experienced,1,1,0_3,Shy,0,1,0,0,0,1,0,1,1,1,1,0,0,0,1,0,0,1,0,0,0,0.0,0,0,0,0,1,0,0,0,0,1,1,1,0,1,0,1,0,1
Sandy,cat,Domestic Shorthair Mix,kitten_puppy,Orange,Energetic; Playful; Affectionate,house_no_yard,relaxed,experienced,0,1,4_7,Calm; Independent,0,0,1,1,0,0,0,1,0,1,0,1,0,0,0,1,1,0,0,0,0,0.0,0,0,1,0,0,0,1,0,0,0,0,1,0,1,0,1,0,0
*Lenny,cat,Domestic Medium Hair,kitten_puppy,Black,Energetic; Playful; Affectionate,house_with_yard,high,first_time,0,0,0_3,Protective; Independent,0,1,0,0,0,1,1,0,0,0,1,0,0,1,0,1,1,0,0,0,0,0.0,0,0,0,0,0,0,1,0,1,0,0,1,0,1,0,1,0,1
Coffee,dog,Chihuahua Shorthair Mix,young,Brown,Friendly; Calm; Energetic; Playful; Affectionate,apartment,high,experienced,1,0,0_3,Protective; Affectionate,1,0,0,0,0,1,0,1,1,0,1,0,0,0,1,0,0,1,0,0,0,0.316228,0,0,0,0,0,0,0,1,1,1,1,1,0,1,0,1,0,1
*Christopher,cat,Domestic Longhair Mix,kitten_puppy,Tabby,Energetic; Playful; Affectionate,house_no_yard,high,first_time,1,0,0_3,Shy; Energetic; Friendly,0,0,1,0,0,1,1,0,1,0,1,0,0,1,0,1,1,0,0,0,0,0.333333,1,1,0,1,1,0,0,0,0,0,0,1,0,1,0,1,0,1
*Baxter,cat,Domestic Shorthair Mix,kitten_puppy,Orange,Energetic; Playful; Affectionate,house_no_yard,moderate,experienced,1,0,8_plus,Playful; Protective; Friendly,0,0,1,0,1,0,0,1,1,0,0,0,1,0,0,1,1,0,0,0,0,0.333333,0,1,0,0,0,1,0,0,1,0,0,1,0,1,0,1,0,0
*Babyruth,dog,Flat Coat Retriever/Golden Retriever,young,Brown,Friendly; Energetic; Playful; Affectionate,house_no_yard,moderate,experienced,1,1,8_plus,Independent; Affectionate,0,0,1,0,1,0,0,1,1,1,0,0,1,0,1,0,0,1,0,0,0,0.353553,0,0,0,0,0,0,1,1,0,1,0,1,0,1,0,1,0,1
Little Bit,cat,Domestic Shorthair Mix,young,Tricolor,Calm; Independent; Affectionate,apartment,relaxed,experienced,1,1,4_7,Playful; Energetic; Affectionate,1,0,0,1,0,0,0,1,1,1,0,1,0,0,0,1,0,1,0,0,0,0.333333,0,0,0,1,0,1,0,1,0,0,1,0,0,0,1,1,0,1
Shelter Rescue,dog,Labrador Retriever Mix,kitten_puppy,Black,Friendly; Energetic; Playful; Affectionate,house_with_yard,moderate,experienced,0,0,8_plus,Protective,0,1,0,0,1,0,0,1,0,0,0,0,1,0,1,0,1,0,0,0,0,0.0,0,0,0,0,0,0,0,0,1,1,0,1,0,1,0,1,0,0
Heillo,dog,Anatol Shepherd Mix,kitten_puppy,White,Friendly; Energetic; Playful; Protective,house_with_yard,relaxed,experienced,1,0,8_plus,Protective; Playful; Independent,0,1,0,1,0,0,0,1,1,0,0,0,1,1,1,0,1,0,0,0,0,0.57735,0,0,0,0,0,1,1,0,1,1,0,1,0,1,0,0,1,1
Garth,dog,Australian Cattle Dog Mix,kitten_puppy,Gray,Friendly; Energetic; Playful,house_with_yard,high,experienced,1,0,8_plus,Energetic; Playful; Shy,0,1,0,0,0,1,0,1,1,0,0,0,1,0,1,0,1,0,0,0,0,0.666667,1,0,0,1,1,1,0,0,0,1,0,1,0,1,0,0,0,1
Shelter Rescue,dog,Chihuahua Shorthair Mix,kitten_puppy,Tricolor,Friendly; Calm; Energetic; Playful; Affectionate,house_with_yard,relaxed,first_time,1,1,0_3,Friendly; Shy,0,1,0,1,0,0,1,0,1,1,1,0,0,0,1,0,1,0,0,0,0,0.316228,0,1,0,0,1,0,0,0,0,1,1,1,0,1,0,1,0,1
Shelter Rescue,dog,Chihuahua Shorthair Mix,young,Brown,Friendly; Calm; Energetic; Playful; Affectionate,apartment,relaxed,experienced,0,1,0_3,Protective; Playful; Independent,1,0,0,1,0,0,0,1,0,1,1,0,0,0,1,0,0,1,0,0,0,0.258199,1,0,0,0,0,1,1,0,1,1,1,1,0,1,0,1,0,1
Tucker,dog,Australian Shepherd Mix,young,Tricolor,Friendly; Energetic; Playful; Protective,house_no_yard,high,experienced,0,0,0_3,Independent,0,0,1,0,0,1,0,1,0,0,1,0,0,0,1,0,0,1,0,0,0,0.0,0,0,0,0,0,0,1,0,0,1,0,1,0,1,0,0,1,0
Shelter Rescue,cat,Domestic Shorthair Mix,kitten_puppy,Tabby,Energetic; Playful; Affectionate,house_no_yard,relaxed,experienced,0,0,4_7,Friendly; Calm; Affectionate,0,0,1,1,0,0,0,1,0,0,0,1,0,0,0,1,1,0,0,0,0,0.333333,0,1,1,0,0,0,0,1,0,0,0,1,0,1,0,1,0,0
*Maximus,dog,American Staffordshire Terrier Mix,young,White,Friendly; Energetic; Playful,apartment,high,experienced,0,1,4_7,Friendly,1,0,0,0,0,1,0,1,0,1,0,1,0,0,1,0,0,1,0,0,0,0.57735,0,1,0,0,0,0,0,0,0,1,0,1,0,1,0,0,0,1
Shelter Rescue,cat,Domestic Shorthair Mix,young,Orange,Calm; Independent; Affectionate,house_no_yard,high,experienced,0,1,4_7,Playful,0,0,1,0,0,1,0,1,0,1,0,1,0,0,0,1,0,1,0,0,0,0.0,0,0,0,0,0,1,0,0,0,0,1,0,0,0,1,1,0,0
*June,dog,Rat Terrier Mix,kitten_puppy,White,Friendly; Energetic; Playful,house_with_yard,moderate,first_time,0,0,8_plus,Energetic; Protective,0,1,0,0,1,0,1,0,0,0,0,0,1,0,1,0,1,0,0,0,0,0.408248,0,0,0,1,0,0,0,0,1,1,0,1,0,1,0,0,0,0
*Rowdy,dog,Pit Bull Mix,adult,Black,Friendly; Energetic; Affectionate,house_with_yard,high,experienced,0,0,8_plus,Independent,0,1,0,0,0,1,0,1,0,0,0,0,1,1,1,0,0,0,1,0,0,0.0,0,0,0,0,0,0,1,0,0,1,0,1,0,0,0,1,0,1
Castor,cat,Domestic Shorthair Mix,kitten_puppy,Orange,Energetic; Playful; Affectionate,house_with_yard,moderate,first_time,0,1,8_plus,Playful; Affectionate,0,1,0,0,1,0,1,0,0,1,0,0,1,0,0,1,1,0,0,0,0,0.816497,0,0,0,0,0,1,0,1,0,0,0,1,0,1,0,1,0,1
Shelter Rescue,cat,Domestic Shorthair Mix,kitten_puppy,Tabby,Energetic; Playful; Affectionate,house_with_yard,moderate,first_time,0,0,8_plus,Independent; Calm; Protective,0,1,0,0,1,0,1,0,0,0,0,0,1,0,0,1,1,0,0,0,0,0.0,0,0,1,0,0,0,1,0,1,0,0,1,0,1,0,1,0,0
Shelter Rescue,cat,Domestic Shorthair Mix,kitten_puppy,Tricolor,Energetic; Playful; Affectionate,house_with_yard,relaxed,first_time,0,0,0_3,Affectionate,0,1,0,1,0,0,1,0,0,0,1,0,0,0,0,1,1,0,0,0,0,0.57735,0,0,0,0,0,0,0,1,0,0,0,1,0,1,0,1,0,1
Jaime,dog,Chihuahua Shorthair Mix,kitten_puppy,Black,Friendly; Calm; Energetic; Playful; Affectionate,house_with_yard,high,experienced,1,0,0_3,Protective,0,1,0,0,0,1,0,1,1,0,1,0,0,0,1,0,1,0,0,0,0,0.0,1,0,0,0,0,0,0,0,1,1,1,1,0,1,0,1,0,1
Roxy,dog,German Shepherd Mix,young,Brown,Friendly; Energetic; Playful; Protective,apartment,moderate,experienced,0,0,8_plus,Shy; Energetic; Friendly,1,0,0,0,1,0,0,1,0,0,0,0,1,0,1,0,0,1,0,0,0,0.57735,0,1,0,1,1,0,0,0,0,1,0,1,0,1,0,0,1,0
Peaches,dog,Pug/Labrador Retriever,young,Black,Friendly; Calm; Energetic; Playful; Affectionate,apartment,high,experienced,0,1,8_plus,Protective; Calm,1,0,0,0,0,1,0,1,0,1,0,0,1,1,1,0,0,1,0,0,0,0.316228,0,0,1,0,0,0,0,0,1,1,1,1,0,1,0,1,0,1
Shelter Rescue,cat,Domestic Shorthair Mix,young,Orange,Calm; Independent; Affectionate,house_with_yard,moderate,first_time,0,1,0_3,Shy; Independent; Friendly,0,1,0,0,1,0,1,0,0,1,1,0,0,1,0,1,0,1,0,0,0,0.333333,0,1,0,0,1,0,1,0,0,0,1,0,0,0,1,1,0,1
Jiggy,dog,Blue Lacy Mix,kitten_puppy,White,Friendly; Energetic; Playful,house_no_yard,relaxed,first_time,0,1,4_7,Shy; Friendly,0,0,1,1,0,0,1,0,0,1,0,1,0,0,1,0,1,0,0,0,0,0.408248,0,1,0,0,1,0,0,0,0,1,0,1,0,1,0,0,0,1
Shelter Rescue,cat,Domestic Shorthair Mix,kitten_puppy,White,Energetic; Playful; Affectionate,apartment,high,experienced,1,0,0_3,Friendly; Calm; Energetic,1,0,0,0,0,1,0,1,1,0,1,0,0,0,0,1,1,0,0,0,0,0.333333,0,1,1,1,0,0,0,0,0,0,0,1,0,1,0,1,0,1
*Evie,dog,Beagle Mix,kitten_puppy,White,Friendly; Energetic; Playful; Affectionate,apartment,moderate,first_time,0,0,4_7,Playful; Shy,1,0,0,0,1,0,1,0,0,0,0,1,0,1,1,0,1,0,0,0,0,0.353553,0,0,0,0,1,1,0,0,0,1,0,1,0,1,0,1,0,0
Shelter Rescue,dog,German Shepherd,young,Black,Friendly; Energetic; Playful; Protective,house_with_yard,moderate,first_time,0,1,4_7,Playful,0,1,0,0,1,0,1,0,0,1,0,1,0,1,1,0,0,1,0,0,0,0.5,0,0,0,0,0,1,0,0,0,1,0,1,0,1,0,0,1,1
Shelter Rescue,dog,Chihuahua Shorthair Mix,young,Brown,Friendly; Calm; Energetic; Playful; Affectionate,house_with_yard,high,first_time,0,0,8_plus,Independent; Playful,0,1,0,0,0,1,1,0,0,0,0,0,1,0,1,0,0,1,0,0,0,0.316228,0,0,0,0,0,1,1,0,0,1,1,1,0,1,0,1,0,1
Django *Dj*,dog,Yorkshire Terrier/Chihuahua Shorthair,young,White,Friendly; Calm; Energetic; Playful; Affectionate,house_no_yard,moderate,experienced,0,1,8_plus,Energetic; Calm; Friendly,0,0,1,0,1,0,0,1,0,1,0,0,1,0,1,0,0,1,0,0,0,0.774597,0,1,1,1,0,0,0,0,0,1,1,1,0,1,0,1,0,1
*Sugar,dog,Labrador Retriever Mix,young,Orange,Friendly; Energetic; Playful; Affectionate,house_no_yard,relaxed,first_time,0,0,0_3,Friendly; Independent,0,0,1,1,0,0,1,0,0,0,1,0,0,0,1,0,0,1,0,0,0,0.353553,0,1,0,0,0,0,1,0,0,1,0,1,0,1,0,1,0,1
Diana,dog,Labrador Retriever Mix,young,Black,Friendly; Energetic; Playful; Affectionate,house_with_yard,moderate,first_time,0,0,0_3,Protective; Affectionate; Friendly,0,1,0,0,1,0,1,0,0,0,1,0,0,0,1,0,0,1,0,0,0,0.57735,0,1,0,0,0,0,0,1,1,1,0,1,0,1,0,1,0,1
*Flopsy,cat,Domestic Shorthair Mix,kitten_puppy,Tabby,Energetic; Playful; Affectionate,apartment,high,first_time,0,0,4_7,Independent; Energetic,1,0,0,0,0,1,1,0,0,0,0,1,0,0,0,1,1,0,0,0,0,0.408248,0,0,0,1,0,0,1,0,0,0,0,1,0,1,0,1,0,1
Fiona,dog,Chihuahua Shorthair/Dachshund,adult,White,Friendly; Calm; Affectionate,house_no_yard,moderate,first_time,0,1,4_7,Calm,0,0,1,0,1,0,1,0,0,1,0,1,0,0,1,0,0,0,1,0,0,0.57735,0,0,1,0,0,0,0,0,0,1,1,0,0,0,0,1,0,1
Shelter Rescue,dog,Pit Bull Mix,kitten_puppy,White,Friendly; Energetic; Playful,apartment,moderate,experienced,0,1,8_plus,Energetic,1,0,0,0,1,0,0,1,0,1,0,0,1,0,1,0,1,0,0,0,0,0.57735,0,0,0,1,0,0,0,0,0,1,0,1,0,1,0,0,0,0
Lolita,dog,Miniature Poodle,adult,White,Friendly; Playful; Affectionate,house_no_yard,high,experienced,1,1,0_3,Friendly; Protective; Independent,0,0,1,0,0,1,0,1,1,1,1,0,0,0,1,0,0,0,1,0,0,0.333333,0,1,0,0,0,0,1,0,1,1,0,0,0,1,0,1,0,1
Shelby,dog,Chihuahua Shorthair Mix,kitten_puppy,White,Friendly; Calm; Energetic; Playful; Affectionate,house_with_yard,relaxed,experienced,1,0,0_3,Independent,0,1,0,1,0,0,0,1,1,0,1,0,0,0,1,0,1,0,0,0,0,0.0,1,0,0,0,0,0,1,0,0,1,1,1,0,1,0,1,0,1
Lucy,dog,Catahoula Mix,young,Brown,Friendly; Energetic; Playful,house_with_yard,high,first_time,1,1,0_3,Friendly; Independent,0,1,0,0,0,1,1,0,1,1,1,0,0,0,1,0,0,1,0,0,0,0.408248,0,1,0,0,0,0,1,0,0,1,0,1,0,1,0,0,0,1
Molly,cat,Domestic Shorthair Mix,young,White,Calm; Independent; Affectionate,house_no_yard,moderate,first_time,1,0,8_plus,Affectionate; Energetic,0,0,1,0,1,0,1,0,1,0,0,0,1,0,0,1,0,1,0,0,0,0.408248,0,0,0,1,0,0,0,1,0,0,1,0,0,0,1,1,0,1
Buddy,dog,Black Mouth Cur Mix,young,White,Friendly; Energetic; Playful,house_with_yard,relaxed,experienced,0,1,0_3,Energetic; Shy,0,1,0,1,0,0,0,1,0,1,1,0,0,0,1,0,0,1,0,0,0,0.408248,0,0,0,1,1,0,0,0,0,1,0,1,0,1,0,0,0,1
Shadow,cat,Domestic Shorthair Mix,kitten_puppy,Tabby,Energetic; Playful; Affectionate,house_with_yard,high,first_time,1,0,4_7,Energetic,0,1,0,0,0,1,1,0,1,0,0,1,0,0,0,1,1,0,0,0,0,0.57735,0,0,0,1,0,0,0,0,0,0,0,1,0,1,0,1,0,1
Luna,dog,Yorkshire Terrier/Miniature Poodle,young,Gray,Friendly; Energetic; Playful; Affectionate,house_no_yard,moderate,first_time,1,1,4_7,Affectionate,0,0,1,0,1,0,1,0,1,1,0,1,0,0,1,0,0,1,0,0,0,0.5,0,0,0,0,0,0,0,1,0,1,0,1,0,1,0,1,0,1
*Flour,cat,Domestic Shorthair Mix,kitten_puppy,White,Energetic; Playful; Affectionate,apartment,moderate,experienced,0,1,4_7,Friendly; Energetic,1,0,0,0,1,0,0,1,0,1,0,1,0,1,0,1,1,0,0,0,0,0.408248,0,1,0,1,0,0,0,0,0,0,0,1,0,1,0,1,0,1
*Hansel,dog,German Shepherd,adult,Black,Friendly; Energetic; Affectionate; Protective,house_no_yard,relaxed,experienced,1,0,0_3,Calm; Friendly,0,0,1,1,0,0,0,1,1,0,1,0,0,0,1,0,0,0,1,0,0,0.353553,1,1,1,0,0,0,0,0,0,1,0,1,0,0,0,1,1,1
*Jinger,cat,Domestic Shorthair Mix,kitten_puppy,Tabby,Energetic; Playful; Affectionate,apartment,high,experienced,0,0,0_3,Energetic,1,0,0,0,0,1,0,1,0,0,1,0,0,0,0,1,1,0,0,0,0,0.57735,0,0,0,1,0,0,0,0,0,0,0,1,0,1,0,1,0,1
Shelter Rescue,cat,Domestic Shorthair Mix,kitten_puppy,Orange,Energetic; Playful; Affectionate,house_with_yard,relaxed,first_time,1,1,8_plus,Protective,0,1,0,1,0,0,1,0,1,1,0,0,1,0,0,1,1,0,0,0,0,0.0,0,0,0,0,0,0,0,0,1,0,0,1,0,1,0,1,0,0
Snickers,dog,Basenji/Chihuahua Longhair,kitten_puppy,Orange,Friendly; Calm; Energetic; Playful; Affectionate,house_with_yard,moderate,first_time,1,1,8_plus,Energetic; Playful,0,1,0,0,1,0,1,0,1,1,0,0,1,1,1,0,1,0,0,0,0,0.632456,0,0,0,1,0,1,0,0,0,1,1,1,0,1,0,1,0,1
Buddy,dog,Jack Russell Terrier Mix,adult,White,Friendly; Energetic; Affectionate,house_no_yard,relaxed,experienced,0,0,8_plus,Friendly; Protective; Affectionate,0,0,1,1,0,0,0,1,0,0,0,0,1,0,1,0,0,0,1,0,0,0.666667,0,1,0,0,0,0,0,1,1,1,0,1,0,0,0,1,0,0
Lil Mama,dog,Pit Bull Mix,kitten_puppy,White,Friendly; Energetic; Playful,house_with_yard,high,first_time,0,0,0_3,Calm; Affectionate,0,1,0,0,0,1,1,0,0,0,1,0,0,0,1,0,1,0,0,0,0,0.0,0,0,1,0,0,0,0,1,0,1,0,1,0,1,0,0,0,1
Charlie,dog,Miniature Poodle Mix,young,Brown,Friendly; Energetic; Playful; Affectionate,house_no_yard,relaxed,experienced,1,1,4_7,Independent,0,0,1,1,0,0,0,1,1,1,0,1,0,1,1,0,0,1,0,0,0,0.0,0,0,0,0,0,0,1,0,0,1,0,1,0,1,0,1,0,0
Scruffles,dog,Norwich Terrier Mix,young,Brown,Friendly; Energetic; Playful,house_no_yard,relaxed,first_time,1,0,4_7,Independent; Calm,0,0,1,1,0,0,1,0,1,0,0,1,0,0,1,0,0,1,0,0,0,0.0,0,0,1,0,0,0,1,0,0,1,0,1,0,1,0,0,0,0
Necrobutcher,cat,Domestic Shorthair Mix,adult,Black,Calm; Independent; Affectionate,house_no_yard,high,experienced,0,0,8_plus,Friendly; Playful; Affectionate,0,0,1,0,0,1,0,1,0,0,0,0,1,0,0,1,0,0,1,0,0,0.333333,0,1,0,0,0,1,0,1,0,0,1,0,0,0,1,1,0,1
Otis,dog,American Bulldog Mix,adult,White,Friendly; Energetic; Affectionate,house_with_yard,relaxed,experienced,0,1,8_plus,Independent; Protective; Calm,0,1,0,1,0,0,0,1,0,1,0,0,1,0,1,0,0,0,1,0,0,0.0,0,0,1,0,0,0,1,0,1,1,0,1,0,0,0,1,0,1
*Willis,cat,Domestic Shorthair Mix,kitten_puppy,Orange,Energetic; Playful; Affectionate,house_with_yard,high,first_time,1,0,0_3,Calm; Playful,0,1,0,0,0,1,1,0,1,0,1,0,0,1,0,1,1,0,0,0,0,0.408248,0,0,1,0,0,1,0,0,0,0,0,1,0,1,0,1,0,1
Tucker,dog,Pit Bull Mix,adult,White,Friendly; Energetic; Affectionate,house_with_yard,moderate,first_time,0,1,0_3,Shy; Energetic; Playful,0,1,0,0,1,0,1,0,0,1,1,0,0,0,1,0,0,0,1,0,0,0.333333,0,0,0,1,1,1,0,0,0,1,0,1,0,0,0,1,0,1
*Brit,cat,Domestic Shorthair Mix,young,White,Calm; Independent; Affectionate,apartment,moderate,experienced,0,0,8_plus,Protective,1,0,0,0,1,0,0,1,0,0,0,0,1,0,0,1,0,1,0,0,0,0.0,0,0,0,0,0,0,0,0,1,0,1,0,0,0,1,1,0,1
Smokey,cat,Domestic Shorthair Mix,kitten_puppy,Gray,Energetic; Playful; Affectionate,house_no_yard,high,first_time,0,1,4_7,Energetic; Playful,0,0,1,0,0,1,1,0,0,1,0,1,0,0,0,1,1,0,0,0,0,0.816497,0,0,0,1,0,1,0,0,0,0,0,1,0,1,0,1,0,1
*Charmaine,cat,Domestic Shorthair Mix,kitten_puppy,Black,Energetic; Playful; Affectionate,house_with_yard,relaxed,first_time,0,0,8_plus,Playful,0,1,0,1,0,0,1,0,0,0,0,0,1,0,0,1,1,0,0,0,0,0.57735,0,0,0,0,0,1,0,0,0,0,0,1,0,1,0,1,0,0
*Tom Kha,cat,Domestic Shorthair Mix,kitten_puppy,Black,Energetic; Playful; Affectionate,house_with_yard,relaxed,first_time,0,1,8_plus,Friendly; Affectionate; Independent,0,1,0,1,0,0,1,0,0,1,0,0,1,0,0,1,1,0,0,0,0,0.333333,1,1,0,0,0,0,1,1,0,0,0,1,0,1,0,1,0,0
Boomba,cat,Domestic Shorthair Mix,kitten_puppy,Gray,Energetic; Playful; Affectionate,house_with_yard,relaxed,experienced,0,1,8_plus,Affectionate; Independent; Energetic,0,1,0,1,0,0,0,1,0,1,0,0,1,0,0,1,1,0,0,0,0,0.666667,0,0,0,1,0,0,1,1,0,0,0,1,0,1,0,1,0,1
*Harley,dog,Pit Bull Mix,young,Black,Friendly; Energetic; Playful,house_with_yard,moderate,experienced,0,1,4_7,Independent,0,1,0,0,1,0,0,1,0,1,0,1,0,0,1,0,0,1,0,0,0,0.0,1,0,0,0,0,0,1,0,0,1,0,1,0,1,0,0,0,1
Oliver,cat,Domestic Medium Hair,kitten_puppy,Orange,Energetic; Playful; Affectionate,house_no_yard,moderate,first_time,0,1,4_7,Energetic; Shy; Affectionate,0,0,1,0,1,0,1,0,0,1,0,1,0,0,0,1,1,0,0,0,0,0.666667,0,0,0,1,1,0,0,1,0,0,0,1,0,1,0,1,0,1
Zeus,dog,Labrador Retriever Mix,kitten_puppy,White,Friendly; Energetic; Playful; Affectionate,apartment,moderate,experienced,0,1,0_3,Affectionate,1,0,0,0,1,0,0,1,0,1,1,0,0,0,1,0,1,0,0,0,0,0.5,0,0,0,0,0,0,0,1,0,1,0,1,0,1,0,1,0,1
*Tasha,dog,Beagle Mix,young,Black,Friendly; Energetic; Playful; Affectionate,house_with_yard,moderate,first_time,0,0,4_7,Friendly; Playful; Protective,0,1,0,0,1,0,1,0,0,0,0,1,0,0,1,0,0,1,0,0,0,0.57735,0,1,0,0,0,1,0,0,1,1,0,1,0,1,0,1,0,1
Meatball,dog,Boxer/Pit Bull,kitten_puppy,White,Friendly; Energetic; Playful,apartment,moderate,first_time,0,0,8_plus,Calm; Protective; Independent,1,0,0,0,1,0,1,0,0,0,0,0,1,0,1,0,1,0,0,0,0,0.0,0,0,1,0,0,0,1,0,1,1,0,1,0,1,0,0,0,0
Maui,dog,Boerboel Mix,kitten_puppy,White,Friendly; Energetic; Playful,apartment,relaxed,experienced,0,0,8_plus,Independent; Friendly; Shy,1,0,0,1,0,0,0,1,0,0,0,0,1,0,1,0,1,0,0,0,0,0.333333,0,1,0,0,1,0,1,0,0,1,0,1,0,1,0,0,0,0
Shelter Rescue,cat,Siamese Mix,kitten_puppy,Brown,Energetic; Playful; Affectionate,house_no_yard,moderate,experienced,0,1,8_plus,Independent; Friendly; Playful,0,0,1,0,1,0,0,1,0,1,0,0,1,1,0,1,1,0,0,0,0,0.333333,0,1,0,0,0,1,1,0,0,0,0,1,0,1,0,1,0,0
Rainey,dog,Beagle/Boxer,young,Brown,Friendly; Energetic; Playful; Affectionate,house_no_yard,relaxed,experienced,0,1,0_3,Shy,0,0,1,1,0,0,0,1,0,1,1,0,0,0,1,0,0,1,0,0,0,0.0,0,0,0,0,1,0,0,0,0,1,0,1,0,1,0,1,0,1
Sadie,dog,Pit Bull,adult,Orange,Friendly; Energetic; Affectionate,apartment,relaxed,experienced,0,1,4_7,Playful,1,0,0,1,0,0,0,1,0,1,0,1,0,0,1,0,0,0,1,0,0,0.0,1,0,0,0,0,1,0,0,0,1,0,1,0,0,0,1,0,0
*Bess,cat,Domestic Shorthair Mix,kitten_puppy,Tricolor,Energetic; Playful; Affectionate,house_with_yard,relaxed,experienced,0,1,8_plus,Friendly; Affectionate,0,1,0,1,0,0,0,1,0,1,0,0,1,0,0,1,1,0,0,0,0,0.408248,0,1,0,0,0,0,0,1,0,0,0,1,0,1,0,1,0,0
*Mogwai,dog,Schipperke Mix,young,Black,Friendly; Energetic; Playful,house_no_yard,relaxed,experienced,1,0,8_plus,Affectionate,0,0,1,1,0,0,0,1,1,0,0,0,1,0,1,0,0,1,0,0,0,0.0,1,0,0,0,0,0,0,1,0,1,0,1,0,1,0,0,0,0
Shelter Rescue,dog,Doberman Pinsch/Labrador Retriever,kitten_puppy,Tricolor,Friendly; Energetic; Playful; Affectionate,house_with_yard,high,experienced,0,0,4_7,Friendly; Independent,0,1,0,0,0,1,0,1,0,0,0,1,0,0,1,0,1,0,0,0,0,0.353553,0,1,0,0,0,0,1,0,0,1,0,1,0,1,0,1,0,1
Bunny,cat,Domestic Shorthair Mix,kitten_puppy,White,Energetic; Playful; Affectionate,house_no_yard,relaxed,experienced,1,1,8_plus,Calm; Energetic,0,0,1,1,0,0,0,1,1,1,0,0,1,1,0,1,1,0,0,0,0,0.408248,0,0,1,1,0,0,0,0,0,0,0,1,0,1,0,1,0,0
Stephanie,cat,Domestic Longhair Mix,kitten_puppy,Black,Energetic; Playful; Affectionate,house_no_yard,high,first_time,1,0,8_plus,Playful; Calm; Protective,0,0,1,0,0,1,1,0,1,0,0,0,1,0,0,1,1,0,0,0,0,0.333333,0,0,1,0,0,1,0,0,1,0,0,1,0,1,0,1,0,0
Maggie,cat,Domestic Shorthair Mix,young,Black,Calm; Independent; Affectionate,apartment,relaxed,experienced,1,1,4_7,Playful; Protective,1,0,0,1,0,0,0,1,1,1,0,1,0,0,0,1,0,1,0,0,0,0.0,0,0,0,0,0,1,0,0,1,0,1,0,0,0,1,1,0,1
Sunny,cat,Domestic Shorthair Mix,kitten_puppy,Orange,Energetic; Playful; Affectionate,house_no_yard,high,experienced,1,1,0_3,Shy; Friendly; Calm,0,0,1,0,0,1,0,1,1,1,1,0,0,0,0,1,1,0,0,0,0,0.0,0,1,1,0,1,0,0,0,0,0,0,1,0,1,0,1,0,1
Tigger,cat,Domestic Shorthair Mix,senior,Orange,Calm; Independent,house_no_yard,moderate,first_time,0,1,8_plus,Friendly; Shy,0,0,1,0,1,0,1,0,0,1,0,0,1,0,0,1,0,0,0,1,0,0.0,0,1,0,0,1,0,0,0,0,0,1,0,0,0,1,0,0,1
*Valentine,cat,Domestic Shorthair Mix,kitten_puppy,White,Energetic; Playful; Affectionate,house_no_yard,moderate,first_time,1,1,8_plus,Energetic,0,0,1,0,1,0,1,0,1,1,0,0,1,0,0,1,1,0,0,0,0,0.57735,1,0,0,1,0,0,0,0,0,0,0,1,0,1,0,1,0,1
Aurora,cat,Ragdoll Mix,kitten_puppy,Brown,Energetic; Playful; Affectionate,apartment,relaxed,experienced,0,0,4_7,Affectionate; Friendly,1,0,0,1,0,0,0,1,0,0,0,1,0,1,0,1,1,0,0,0,0,0.408248,0,1,0,0,0,0,0,1,0,0,0,1,0,1,0,1,0,1
Shelter Rescue,dog,German Shepherd Mix,kitten_puppy,Black,Friendly; Energetic; Playful; Protective,apartment,high,first_time,0,1,0_3,Calm,1,0,0,0,0,1,1,0,0,1,1,0,0,0,1,0,1,0,0,0,0,0.0,1,0,1,0,0,0,0,0,0,1,0,1,0,1,0,0,1,1
Spikey,dog,Labrador Retriever Mix,adult,Black,Friendly; Playful; Affectionate,house_with_yard,high,experienced,1,1,8_plus,Shy; Playful,0,1,0,0,0,1,0,1,1,1,0,0,1,1,1,0,0,0,1,0,0,0.408248,0,0,0,0,1,1,0,0,0,1,0,0,0,1,0,1,0,1
Max,dog,Boxer Mix,kitten_puppy,White,Friendly; Energetic; Playful,house_no_yard,moderate,experienced,0,1,0_3,Affectionate,0,0,1,0,1,0,0,1,0,1,1,0,0,0,1,0,1,0,0,0,0,0.0,1,0,0,0,0,0,0,1,0,1,0,1,0,1,0,0,0,1
Sophie,cat,Domestic Shorthair Mix,adult,Tabby,Calm; Independent; Affectionate,house_with_yard,relaxed,first_time,1,0,0_3,Calm,0,1,0,1,0,0,1,0,1,0,1,0,0,0,0,1,0,0,1,0,0,0.57735,0,0,1,0,0,0,0,0,0,0,1,0,0,0,1,1,0,1
*Bruce,cat,Domestic Shorthair Mix,kitten_puppy,White,Energetic; Playful; Affectionate,apartment,high,experienced,1,1,4_7,Shy; Affectionate; Playful,1,0,0,0,0,1,0,1,1,1,0,1,0,0,0,1,1,0,0,0,0,0.666667,0,0,0,0,1,1,0,1,0,0,0,1,0,1,0,1,0,1
Sugar,dog,Pit Bull Mix,young,White,Friendly; Energetic; Playful,house_no_yard,relaxed,first_time,0,0,0_3,Friendly,0,0,1,1,0,0,1,0,0,0,1,0,0,0,1,0,0,1,0,0,0,0.57735,0,1,0,0,0,0,0,0,0,1,0,1,0,1,0,0,0,1
Kathrine,dog,Catahoula/Alaskan Husky,kitten_puppy,White,Friendly; Energetic; Playful,house_no_yard,relaxed,first_time,0,0,0_3,Energetic; Independent; Protective,0,0,1,1,0,0,1,0,0,0,1,0,0,0,1,0,1,0,0,0,0,0.333333,0,0,0,1,0,0,1,0,1,1,0,1,0,1,0,0,0,1
*Goose,cat,Domestic Shorthair Mix,young,Tabby,Calm; Independent; Affectionate,apartment,moderate,first_time,1,1,8_plus,Friendly; Affectionate; Protective,1,0,0,0,1,0,1,0,1,1,0,0,1,0,0,1,0,1,0,0,0,0.333333,0,1,0,0,0,0,0,1,1,0,1,0,0,0,1,1,0,1
*Snow Cone,cat,Domestic Shorthair Mix,young,White,Calm; Independent; Affectionate,house_no_yard,moderate,first_time,1,1,0_3,Playful; Shy; Calm,0,0,1,0,1,0,1,0,1,1,1,0,0,0,0,1,0,1,0,0,0,0.333333,0,0,1,0,1,1,0,0,0,0,1,0,0,0,1,1,0,1
*Luna,cat,Domestic Shorthair Mix,kitten_puppy,Black,Energetic; Playful; Affectionate,house_no_yard,moderate,first_time,1,1,4_7,Playful; Affectionate,0,0,1,0,1,0,1,0,1,1,0,1,0,0,0,1,1,0,0,0,0,0.816497,1,0,0,0,0,1,0,1,0,0,0,1,0,1,0,1,0,1
Shelter Rescue,dog,Chihuahua Shorthair/Jack Russell Terrier,young,Tricolor,Friendly; Calm; Energetic; Playful; Affectionate,apartment,high,first_time,1,0,4_7,Protective; Shy,1,0,0,0,0,1,1,0,1,0,0,1,0,0,1,0,0,1,0,0,0,0.0,0,0,0,0,1,0,0,0,1,1,1,1,0,1,0,1,0,1
*Wilson,dog,Labrador Retriever/Beagle,adult,Brown,Friendly; Playful; Affectionate,house_no_yard,high,experienced,0,1,4_7,Friendly; Calm,0,0,1,0,0,1,0,1,0,1,0,1,0,0,1,0,0,0,1,0,0,0.408248,0,1,1,0,0,0,0,0,0,1,0,0,0,1,0,1,0,1
Shelter Rescue,dog,Labrador Retriever/German Shepherd,kitten_puppy,Black,Friendly; Energetic; Playful; Affectionate; Protective,house_with_yard,high,first_time,0,1,8_plus,Calm; Friendly; Affectionate,0,1,0,0,0,1,1,0,0,1,0,0,1,0,1,0,1,0,0,0,0,0.516398,0,1,1,0,0,0,0,1,0,1,0,1,0,1,0,1,1,1
Shelter Rescue,cat,Domestic Shorthair Mix,kitten_puppy,Gray,Energetic; Playful; Affectionate,apartment,high,experienced,1,0,0_3,Affectionate,1,0,0,0,0,1,0,1,1,0,1,0,0,1,0,1,1,0,0,0,0,0.57735,0,0,0,0,0,0,0,1,0,0,0,1,0,1,0,1,0,1
*Rainbow,dog,Boxer Mix,kitten_puppy,White,Friendly; Energetic; Playful,apartment,high,experienced,1,1,8_plus,Independent; Calm,1,0,0,0,0,1,0,1,1,1,0,0,1,0,1,0,1,0,0,0,0,0.0,0,0,1,0,0,0,1,0,0,1,0,1,0,1,0,0,0,0
Graham,cat,Domestic Longhair Mix,kitten_puppy,White,Energetic; Playful; Affectionate,house_with_yard,moderate,experienced,0,0,8_plus,Shy; Independent; Calm,0,1,0,0,1,0,0,1,0,0,0,0,1,0,0,1,1,0,0,0,0,0.0,0,0,1,0,1,0,1,0,0,0,0,1,0,1,0,1,0,0
*Peaches,dog,Bull Terrier Mix,young,White,Friendly; Energetic; Playful,apartment,moderate,experienced,0,1,4_7,Friendly,1,0,0,0,1,0,0,1,0,1,0,1,0,0,1,0,0,1,0,0,0,0.57735,0,1,0,0,0,0,0,0,0,1,0,1,0,1,0,0,0,0
*Comet,dog,Staffordshire Mix,young,Black,Friendly; Energetic; Playful,apartment,relaxed,experienced,0,0,4_7,Calm,1,0,0,1,0,0,0,1,0,0,0,1,0,0,1,0,0,1,0,0,0,0.0,0,0,1,0,0,0,0,0,0,1,0,1,0,1,0,0,0,0
*Ariel,cat,Domestic Shorthair Mix,kitten_puppy,Tabby,Energetic; Playful; Affectionate,house_with_yard,high,first_time,1,1,0_3,Friendly; Independent,0,1,0,0,0,1,1,0,1,1,1,0,0,0,0,1,1,0,0,0,0,0.0,1,1,0,0,0,0,1,0,0,0,0,1,0,1,0,1,0,1
Shelter Rescue,cat,Domestic Shorthair Mix,kitten_puppy,Tabby,Energetic; Playful; Affectionate,house_with_yard,relaxed,first_time,1,0,8_plus,Shy,0,1,0,1,0,0,1,0,1,0,0,0,1,0,0,1,1,0,0,0,0,0.0,1,0,0,0,1,0,0,0,0,0,0,1,0,1,0,1,0,0
Princess Ana,dog,Chihuahua Shorthair Mix,kitten_puppy,Brown,Friendly; Calm; Energetic; Playful; Affectionate,house_with_yard,moderate,experienced,1,1,8_plus,Energetic; Calm; Playful,0,1,0,0,1,0,0,1,1,1,0,0,1,0,1,0,1,0,0,0,0,0.774597,0,0,1,1,0,1,0,0,0,1,1,1,0,1,0,1,0,1
Coco,dog,Chihuahua Longhair Mix,young,Black,Friendly; Calm; Energetic; Playful; Affectionate,house_no_yard,high,first_time,1,1,0_3,Playful; Energetic,0,0,1,0,0,1,1,0,1,1,1,0,0,0,1,0,0,1,0,0,0,0.632456,0,0,0,1,0,1,0,0,0,1,1,1,0,1,0,1,0,1
Savannah,cat,Manx/Domestic Shorthair,young,Tabby,Calm; Independent; Affectionate,house_with_yard,moderate,first_time,1,1,0_3,Friendly; Protective,0,1,0,0,1,0,1,0,1,1,1,0,0,0,0,1,0,1,0,0,0,0.0,1,1,0,0,0,0,0,0,1,0,1,0,0,0,1,1,0,1
*Arya,cat,Domestic Shorthair Mix,kitten_puppy,Tabby,Energetic; Playful; Affectionate,house_no_yard,high,experienced,0,1,4_7,Playful; Independent,0,0,1,0,0,1,0,1,0,1,0,1,0,0,0,1,1,0,0,0,0,0.408248,0,0,0,0,0,1,1,0,0,0,0,1,0,1,0,1,0,1
*Smokey,cat,Domestic Shorthair Mix,kitten_puppy,White,Energetic; Playful; Affectionate,house_with_yard,relaxed,first_time,0,1,8_plus,Calm; Shy; Energetic,0,1,0,1,0,0,1,0,0,1,0,0,1,0,0,1,1,0,0,0,0,0.333333,0,0,1,1,1,0,0,0,0,0,0,1,0,1,0,1,0,0
Onyx,dog,Dachshund/Pug,kitten_puppy,Black,Friendly; Calm; Energetic; Playful; Affectionate,house_no_yard,moderate,first_time,0,0,4_7,Protective; Affectionate; Calm,0,0,1,0,1,0,1,0,0,0,0,1,0,0,1,0,1,0,0,0,0,0.516398,0,0,1,0,0,0,0,1,1,1,1,1,0,1,0,1,0,1
*Reza,dog,American Staffordshire Terrier Mix,young,White,Friendly; Energetic; Playful,apartment,high,experienced,0,0,0_3,Calm,1,0,0,0,0,1,0,1,0,0,1,0,0,0,1,0,0,1,0,0,0,0.0,0,0,1,0,0,0,0,0,0,1,0,1,0,1,0,0,0,0
Baby Cat,cat,Domestic Shorthair Mix,young,Black,Calm; Independent; Affectionate,apartment,moderate,first_time,1,0,0_3,Calm,1,0,0,0,1,0,1,0,1,0,1,0,0,0,0,1,0,1,0,0,0,0.57735,0,0,1,0,0,0,0,0,0,0,1,0,0,0,1,1,0,1
*Whit,dog,Pit Bull Mix,young,White,Friendly; Energetic; Playful,house_with_yard,moderate,experienced,0,1,8_plus,Friendly; Independent; Calm,0,1,0,0,1,0,0,1,0,1,0,0,1,0,1,0,0,1,0,0,0,0.333333,1,1,1,0,0,0,1,0,0,1,0,1,0,1,0,0,0,1
Shelter Rescue,dog,Chihuahua Shorthair Mix,kitten_puppy,Brown,Friendly; Calm; Energetic; Playful; Affectionate,apartment,moderate,experienced,0,1,4_7,Energetic,1,0,0,0,1,0,0,1,0,1,0,1,0,0,1,0,1,0,0,0,0,0.447214,0,0,0,1,0,0,0,0,0,1,1,1,0,1,0,1,0,1
Shelter Rescue,cat,Domestic Shorthair Mix,kitten_puppy,Black,Energetic; Playful; Affectionate,house_no_yard,relaxed,experienced,0,0,0_3,Independent; Protective,0,0,1,1,0,0,0,1,0,0,1,0,0,0,0,1,1,0,0,0,0,0.0,0,0,0,0,0,0,1,0,1,0,0,1,0,1,0,1,0,0
*Markie,cat,Domestic Shorthair Mix,kitten_puppy,White,Energetic; Playful; Affectionate,apartment,high,experienced,0,1,4_7,Shy; Friendly; Energetic,1,0,0,0,0,1,0,1,0,1,0,1,0,0,0,1,1,0,0,0,0,0.333333,0,1,0,1,1,0,0,0,0,0,0,1,0,1,0,1,0,1
Shelter Rescue,dog,Maltese Mix,kitten_puppy,Brown,Friendly; Calm; Energetic; Playful; Affectionate,house_no_yard,high,first_time,0,1,8_plus,Shy; Affectionate; Protective,0,0,1,0,0,1,1,0,0,1,0,0,1,0,1,0,1,0,0,0,0,0.258199,0,0,0,0,1,0,0,1,1,1,1,1,0,1,0,1,0,1
Cassie,cat,Domestic Shorthair Mix,kitten_puppy,White,Energetic; Playful; Affectionate,house_with_yard,high,experienced,0,1,0_3,Playful,0,1,0,0,0,1,0,1,0,1,1,0,0,0,0,1,1,0,0,0,0,0.57735,0,0,0,0,0,1,0,0,0,0,0,1,0,1,0,1,0,1
*Mac,cat,Domestic Longhair Mix,young,Orange,Calm; Independent; Affectionate,house_no_yard,moderate,first_time,1,0,8_plus,Independent; Protective; Affectionate,0,0,1,0,1,0,1,0,1,0,0,0,1,1,0,1,0,1,0,0,0,0.666667,0,0,0,0,0,0,1,1,1,0,1,0,0,0,1,1,0,1
Parker,dog,Norfolk Terrier/Yorkshire Terrier,adult,Black,Friendly; Energetic; Affectionate,house_no_yard,moderate,first_time,1,1,8_plus,Calm,0,0,1,0,1,0,1,0,1,1,0,0,1,0,1,0,0,0,1,0,0,0.0,0,0,1,0,0,0,0,0,0,1,0,1,0,0,0,1,0,1
Shelter Rescue,dog,Catahoula Mix,kitten_puppy,White,Friendly; Energetic; Playful,house_with_yard,relaxed,experienced,0,0,0_3,Independent; Shy,0,1,0,1,0,0,0,1,0,0,1,0,0,0,1,0,1,0,0,0,0,0.0,0,0,0,0,1,0,1,0,0,1,0,1,0,1,0,0,0,1
Lobo,dog,Australian Shepherd Mix,adult,Black,Friendly; Energetic; Affectionate; Protective,apartment,moderate,first_time,1,1,0_3,Affectionate,1,0,0,0,1,0,1,0,1,1,1,0,0,0,1,0,0,0,1,0,0,0.5,0,0,0,0,0,0,0,1,0,1,0,1,0,0,0,1,1,1
Shelter Rescue,dog,Dachshund,young,Black,Friendly; Calm; Energetic; Playful; Affectionate,house_no_yard,high,experienced,0,0,8_plus,Playful; Energetic; Affectionate,0,0,1,0,0,1,0,1,0,0,0,0,1,0,1,0,0,1,0,0,0,0.774597,0,0,0,1,0,1,0,1,0,1,1,1,0,1,0,1,0,1
Ginger,dog,Cocker Spaniel Mix,senior,White,Friendly; Calm; Playful; Independent; Affectionate,apartment,moderate,experienced,0,0,4_7,Protective,1,0,0,0,1,0,0,1,0,0,0,1,0,0,1,0,0,0,0,1,0,0.0,0,0,0,0,0,0,0,0,1,1,1,0,0,1,1,1,0,0
Milcha,cat,Siamese Mix,kitten_puppy,Tricolor,Energetic; Playful; Affectionate,house_no_yard,relaxed,experienced,1,1,0_3,Playful,0,0,1,1,0,0,0,1,1,1,1,0,0,0,0,1,1,0,0,0,0,0.57735,0,0,0,0,0,1,0,0,0,0,0,1,0,1,0,1,0,1
Cooper,dog,Beagle/Manchester Terrier,young,Black,Friendly; Energetic; Playful; Affectionate,house_with_yard,high,first_time,0,0,4_7,Independent,0,1,0,0,0,1,1,0,0,0,0,1,0,0,1,0,0,1,0,0,0,0.0,1,0,0,0,0,0,1,0,0,1,0,1,0,1,0,1,0,1
Blue,cat,Domestic Shorthair Mix,adult,Gray,Calm; Independent; Affectionate,house_no_yard,moderate,experienced,1,0,4_7,Energetic; Playful,0,0,1,0,1,0,0,1,1,0,0,1,0,0,0,1,0,0,1,0,0,0.0,0,0,0,1,0,1,0,0,0,0,1,0,0,0,1,1,0,0
*Lebron,cat,Domestic Medium Hair Mix,kitten_puppy,Black,Energetic; Playful; Affectionate,house_with_yard,moderate,first_time,0,0,0_3,Friendly; Affectionate,0,1,0,0,1,0,1,0,0,0,1,0,0,1,0,1,1,0,0,0,0,0.408248,0,1,0,0,0,0,0,1,0,0,0,1,0,1,0,1,0,1
Violet,dog,Blue Lacy Mix,young,Brown,Friendly; Energetic; Playful,house_with_yard,high,experienced,1,1,0_3,Friendly; Calm,0,1,0,0,0,1,0,1,1,1,1,0,0,1,1,0,0,1,0,0,0,0.408248,0,1,1,0,0,0,0,0,0,1,0,1,0,1,0,0,0,1
Shelter Rescue,dog,Australian Cattle Dog/Great Pyrenees,kitten_puppy,Gray,Friendly; Energetic; Playful,house_no_yard,moderate,experienced,1,0,8_plus,Independent; Shy; Friendly,0,0,1,0,1,0,0,1,1,0,0,0,1,1,1,0,1,0,0,0,0,0.333333,0,1,0,0,1,0,1,0,0,1,0,1,0,1,0,0,0,0
Shelter Rescue,dog,Yorkshire Terrier Mix,young,Brown,Friendly; Energetic; Playful,apartment,high,first_time,0,0,0_3,Shy; Friendly; Affectionate,1,0,0,0,0,1,1,0,0,0,1,0,0,0,1,0,0,1,0,0,0,0.333333,0,1,0,0,1,0,0,1,0,1,0,1,0,1,0,0,0,0
*Latte,dog,Siberian Husky Mix,adult,White,Friendly; Energetic; Affectionate,house_with_yard,moderate,experienced,0,0,4_7,Shy,0,1,0,0,1,0,0,1,0,0,0,1,0,0,1,0,0,0,1,0,0,0.0,0,0,0,0,1,0,0,0,0,1,0,1,0,0,0,1,0,0
Shelter Rescue,dog,Siberian Husky,young,Orange,Friendly; Energetic; Playful,house_with_yard,relaxed,experienced,0,1,4_7,Affectionate,0,1,0,1,0,0,0,1,0,1,0,1,0,0,1,0,0,1,0,0,0,0.0,0,0,0,0,0,0,0,1,0,1,0,1,0,1,0,0,0,1
*Greg,cat,Domestic Shorthair Mix,kitten_puppy,Tabby,Energetic; Playful; Affectionate,apartment,high,experienced,0,1,8_plus,Energetic; Independent,1,0,0,0,0,1,0,1,0,1,0,0,1,0,0,1,1,0,0,0,0,0.408248,0,0,0,1,0,0,1,0,0,0,0,1,0,1,0,1,0,1
Queso,dog,Chihuahua Shorthair Mix,young,White,Friendly; Calm; Energetic; Playful; Affectionate,house_with_yard,moderate,first_time,1,0,4_7,Independent; Energetic; Shy,0,1,0,0,1,0,1,0,1,0,0,1,0,1,1,0,0,1,0,0,0,0.258199,1,0,0,1,1,0,1,0,0,1,1,1,0,1,0,1,0,1
*Jules,cat,Domestic Longhair Mix,kitten_puppy,Orange,Energetic; Playful; Affectionate,apartment,moderate,experienced,1,0,4_7,Affectionate; Friendly,1,0,0,0,1,0,0,1,1,0,0,1,0,0,0,1,1,0,0,0,0,0.408248,0,1,0,0,0,0,0,1,0,0,0,1,0,1,0,1,0,1
Shelter Rescue,dog,Australian Shepherd Mix,kitten_puppy,Black,Friendly; Energetic; Playful; Protective,apartment,moderate,first_time,0,0,0_3,Playful; Protective,1,0,0,0,1,0,1,0,0,0,1,0,0,0,1,0,1,0,0,0,0,0.707107,0,0,0,0,0,1,0,0,1,1,0,1,0,1,0,0,1,0
Shelter Rescue,dog,Bernese Mountain Dog Mix,kitten_puppy,Black,Friendly; Energetic; Playful,house_with_yard,moderate,first_time,0,0,4_7,Shy; Affectionate; Energetic,0,1,0,0,1,0,1,0,0,0,0,1,0,0,1,0,1,0,0,0,0,0.333333,0,0,0,1,1,0,0,1,0,1,0,1,0,1,0,0,0,1
Shelter Rescue,dog,Labrador Retriever Mix,kitten_puppy,Black,Friendly; Energetic; Playful; Affectionate,apartment,moderate,experienced,0,1,4_7,Protective,1,0,0,0,1,0,0,1,0,1,0,1,0,0,1,0,1,0,0,0,0,0.0,0,0,0,0,0,0,0,0,1,1,0,1,0,1,0,1,0,0
Pi,dog,Flat Coat Retriever Mix,young,Black,Friendly; Energetic; Playful; Affectionate,house_with_yard,moderate,experienced,1,1,0_3,Friendly; Protective,0,1,0,0,1,0,0,1,1,1,1,0,0,0,1,0,0,1,0,0,0,0.353553,0,1,0,0,0,0,0,0,1,1,0,1,0,1,0,1,0,1
Chuck,dog,Pointer/Border Collie,kitten_puppy,Black,Friendly; Energetic; Playful,apartment,moderate,first_time,0,0,0_3,Friendly,1,0,0,0,1,0,1,0,0,0,1,0,0,0,1,0,1,0,0,0,0,0.57735,0,1,0,0,0,0,0,0,0,1,0,1,0,1,0,0,0,1
*Tom Yum,cat,Domestic Shorthair Mix,kitten_puppy,Tabby,Energetic; Playful; Affectionate,house_with_yard,high,experienced,1,1,4_7,Friendly; Protective,0,1,0,0,0,1,0,1,1,1,0,1,0,0,0,1,1,0,0,0,0,0.0,0,1,0,0,0,0,0,0,1,0,0,1,0,1,0,1,0,1
Oliver,dog,Labrador Retriever/Chinese Sharpei,young,Black,Friendly; Energetic; Playful; Affectionate,house_with_yard,relaxed,experienced,0,1,8_plus,Protective,0,1,0,1,0,0,0,1,0,1,0,0,1,1,1,0,0,1,0,0,0,0.0,0,0,0,0,0,0,0,0,1,1,0,1,0,1,0,1,0,1
Shelter Rescue,dog,Chihuahua Longhair Mix,young,Orange,Friendly; Calm; Energetic; Playful; Affectionate,house_no_yard,high,first_time,0,1,0_3,Calm; Energetic,0,0,1,0,0,1,1,0,0,1,1,0,0,0,1,0,0,1,0,0,0,0.632456,0,0,1,1,0,0,0,0,0,1,1,1,0,1,0,1,0,1
Shirley,dog,Labrador Retriever/Boxer,young,White,Friendly; Energetic; Playful; Affectionate,apartment,high,first_time,0,0,4_7,Energetic; Independent; Affectionate,1,0,0,0,0,1,1,0,0,0,0,1,0,0,1,0,0,1,0,0,0,0.57735,0,0,0,1,0,0,1,1,0,1,0,1,0,1,0,1,0,1
Shelter Rescue,dog,Mastiff Mix,kitten_puppy,White,Friendly; Energetic; Playful,apartment,relaxed,experienced,0,1,8_plus,Friendly; Energetic,1,0,0,1,0,0,0,1,0,1,0,0,1,0,1,0,1,0,0,0,0,0.816497,0,1,0,1,0,0,0,0,0,1,0,1,0,1,0,0,0,0
*Gilly,dog,Bruss Griffon Mix,young,White,Friendly; Energetic; Playful,house_no_yard,moderate,experienced,0,0,0_3,Shy; Protective; Affectionate,0,0,1,0,1,0,0,1,0,0,1,0,0,0,1,0,0,1,0,0,0,0.0,1,0,0,0,1,0,0,1,1,1,0,1,0,1,0,0,0,0
*Jade,dog,Labrador Retriever,adult,Black,Friendly; Playful; Affectionate,house_no_yard,moderate,experienced,1,1,0_3,Shy,0,0,1,0,1,0,0,1,1,1,1,0,0,0,1,0,0,0,1,0,0,0.0,1,0,0,0,1,0,0,0,0,1,0,0,0,1,0,1,0,1
Penelope,dog,Pit Bull Mix,young,Black,Friendly; Energetic; Playful,house_with_yard,high,first_time,0,1,0_3,Energetic; Independent,0,1,0,0,0,1,1,0,0,1,1,0,0,0,1,0,0,1,0,0,0,0.408248,0,0,0,1,0,0,1,0,0,1,0,1,0,1,0,0,0,1
Chico,dog,Chihuahua Shorthair Mix,adult,Brown,Friendly; Calm; Affectionate,house_with_yard,relaxed,first_time,1,0,8_plus,Energetic; Playful,0,1,0,1,0,0,1,0,1,0,0,0,1,0,1,0,0,0,1,0,0,0.0,0,0,0,1,0,1,0,0,0,1,1,0,0,0,0,1,0,1
*Little Joe,dog,Pit Bull Mix,young,White,Friendly; Energetic; Playful,house_with_yard,relaxed,first_time,0,1,4_7,Friendly; Shy; Playful,0,1,0,1,0,0,1,0,0,1,0,1,0,1,1,0,0,1,0,0,0,0.666667,1,1,0,0,1,1,0,0,0,1,0,1,0,1,0,0,0,1
Izzy,cat,Domestic Longhair Mix,adult,Tabby,Calm; Independent; Affectionate,apartment,moderate,experienced,0,1,8_plus,Playful; Affectionate,1,0,0,0,1,0,0,1,0,1,0,0,1,0,0,1,0,0,1,0,0,0.408248,1,0,0,0,0,1,0,1,0,0,1,0,0,0,1,1,0,1
Bailey,cat,Domestic Shorthair Mix,kitten_puppy,Orange,Energetic; Playful; Affectionate,house_with_yard,relaxed,experienced,0,0,8_plus,Independent; Friendly; Energetic,0,1,0,1,0,0,0,1,0,0,0,0,1,0,0,1,1,0,0,0,0,0.333333,0,1,0,1,0,0,1,0,0,0,0,1,0,1,0,1,0,0
Boomer,dog,Labrador Retriever Mix,young,Orange,Friendly; Energetic; Playful; Affectionate,apartment,relaxed,first_time,0,1,8_plus,Calm; Friendly,1,0,0,1,0,0,1,0,0,1,0,0,1,0,1,0,0,1,0,0,0,0.353553,0,1,1,0,0,0,0,0,0,1,0,1,0,1,0,1,0,0
Prince,dog,Chihuahua Shorthair Mix,adult,Tricolor,Friendly; Calm; Affectionate,house_no_yard,relaxed,experienced,0,0,4_7,Protective; Energetic,0,0,1,1,0,0,0,1,0,0,0,1,0,0,1,0,0,0,1,0,0,0.0,0,0,0,1,0,0,0,0,1,1,1,0,0,0,0,1,0,0
*Arya,dog,Boston Terrier Mix,young,Black,Friendly; Energetic; Playful,house_no_yard,high,first_time,0,1,8_plus,Energetic,0,0,1,0,0,1,1,0,0,1,0,0,1,0,1,0,0,1,0,0,0,0.57735,0,0,0,1,0,0,0,0,0,1,0,1,0,1,0,0,0,1
Shelter Rescue,cat,Domestic Shorthair Mix,kitten_puppy,White,Energetic; Playful; Affectionate,house_no_yard,relaxed,experienced,0,0,4_7,Affectionate,0,0,1,1,0,0,0,1,0,0,0,1,0,0,0,1,1,0,0,0,0,0.57735,0,0,0,0,0,0,0,1,0,0,0,1,0,1,0,1,0,0
Shelter Rescue,dog,Chihuahua Shorthair Mix,kitten_puppy,Black,Friendly; Calm; Energetic; Playful; Affectionate,house_with_yard,high,experienced,1,1,8_plus,Energetic; Calm,0,1,0,0,0,1,0,1,1,1,0,0,1,0,1,0,1,0,0,0,0,0.632456,0,0,1,1,0,0,0,0,0,1,1,1,0,1,0,1,0,1
*Emerald,cat,Domestic Shorthair Mix,kitten_puppy,White,Energetic; Playful; Affectionate,apartment,moderate,first_time,0,0,0_3,Calm; Shy,1,0,0,0,1,0,1,0,0,0,1,0,0,1,0,1,1,0,0,0,0,0.0,1,0,1,0,1,0,0,0,0,0,0,1,0,1,0,1,0,1
Milo,dog,Chihuahua Shorthair Mix,kitten_puppy,White,Friendly; Calm; Energetic; Playful; Affectionate,house_with_yard,relaxed,first_time,0,0,4_7,Calm; Shy; Affectionate,0,1,0,1,0,0,1,0,0,0,0,1,0,0,1,0,1,0,0,0,0,0.516398,0,0,1,0,1,0,0,1,0,1,1,1,0,1,0,1,0,1
Ellie,cat,Domestic Shorthair Mix,kitten_puppy,Tricolor,Energetic; Playful; Affectionate,apartment,relaxed,experienced,1,1,4_7,Protective; Independent; Calm,1,0,0,1,0,0,0,1,1,1,0,1,0,0,0,1,1,0,0,0,0,0.0,0,0,1,0,0,0,1,0,1,0,0,1,0,1,0,1,0,1
Turkey,cat,Domestic Shorthair Mix,kitten_puppy,Orange,Energetic; Playful; Affectionate,house_with_yard,high,first_time,0,1,4_7,Independent; Energetic; Calm,0,1,0,0,0,1,1,0,0,1,0,1,0,0,0,1,1,0,0,0,0,0.333333,1,0,1,1,0,0,1,0,0,0,0,1,0,1,0,1,0,1
*Kismet,dog,Pit Bull Mix,adult,White,Friendly; Energetic; Affectionate,apartment,relaxed,experienced,0,1,4_7,Calm; Shy,1,0,0,1,0,0,0,1,0,1,0,1,0,0,1,0,0,0,1,0,0,0.0,1,0,1,0,1,0,0,0,0,1,0,1,0,0,0,1,0,0
Freya,dog,Chihuahua Shorthair Mix,young,White,Friendly; Calm; Energetic; Playful; Affectionate,house_no_yard,relaxed,first_time,0,0,8_plus,Calm,0,0,1,1,0,0,1,0,0,0,0,0,1,0,1,0,0,1,0,0,0,0.447214,1,0,1,0,0,0,0,0,0,1,1,1,0,1,0,1,0,1
*Jackson,cat,Domestic Shorthair Mix,kitten_puppy,Orange,Energetic; Playful; Affectionate,house_with_yard,high,first_time,0,1,4_7,Protective; Independent; Affectionate,0,1,0,0,0,1,1,0,0,1,0,1,0,0,0,1,1,0,0,0,0,0.333333,0,0,0,0,0,0,1,1,1,0,0,1,0,1,0,1,0,1
*Esmerelda,cat,Siamese Mix,young,Brown,Calm; Playful; Independent; Affectionate,house_with_yard,high,experienced,1,0,4_7,Playful; Shy; Protective,0,1,0,0,0,1,0,1,1,0,0,1,0,0,0,1,0,1,0,0,0,0.288675,0,0,0,0,1,1,0,0,1,0,1,0,0,1,1,1,0,1
*Hamish,cat,Domestic Shorthair Mix,kitten_puppy,Gray,Energetic; Playful; Affectionate,house_with_yard,high,experienced,0,1,4_7,Calm; Independent; Friendly,0,1,0,0,0,1,0,1,0,1,0,1,0,0,0,1,1,0,0,0,0,0.0,1,1,1,0,0,0,1,0,0,0,0,1,0,1,0,1,0,1
*Tavis,cat,Domestic Shorthair Mix,kitten_puppy,Tabby,Energetic; Playful; Affectionate,house_no_yard,relaxed,first_time,0,0,4_7,Energetic; Playful; Friendly,0,0,1,1,0,0,1,0,0,0,0,1,0,0,0,1,1,0,0,0,0,0.666667,0,1,0,1,0,1,0,0,0,0,0,1,0,1,0,1,0,0
*Dustin,cat,Domestic Shorthair Mix,kitten_puppy,Black,Energetic; Playful; Affectionate,house_no_yard,moderate,first_time,1,1,8_plus,Friendly; Shy,0,0,1,0,1,0,1,0,1,1,0,0,1,0,0,1,1,0,0,0,0,0.0,1,1,0,0,1,0,0,0,0,0,0,1,0,1,0,1,0,0
*Tiger Lilly,cat,Domestic Shorthair Mix,kitten_puppy,White,Energetic; Playful; Affectionate,house_no_yard,moderate,experienced,1,0,8_plus,Calm; Affectionate,0,0,1,0,1,0,0,1,1,0,0,0,1,1,0,1,1,0,0,0,0,0.408248,0,0,1,0,0,0,0,1,0,0,0,1,0,1,0,1,0,0
*Marty,dog,Chihuahua Shorthair Mix,young,Black,Friendly; Calm; Energetic; Playful; Affectionate,apartment,moderate,experienced,0,1,4_7,Shy; Independent,1,0,0,0,1,0,0,1,0,1,0,1,0,0,1,0,0,1,0,0,0,0.0,1,0,0,0,1,0,1,0,0,1,1,1,0,1,0,1,0,1
*Lawrence,cat,Domestic Shorthair Mix,young,Gray,Calm; Independent; Affectionate,house_no_yard,high,first_time,0,0,4_7,Independent,0,0,1,0,0,1,1,0,0,0,0,1,0,0,0,1,0,1,0,0,0,0.57735,1,0,0,0,0,0,1,0,0,0,1,0,0,0,1,1,0,1
Shelter Rescue,dog,Rat Terrier Mix,kitten_puppy,Black,Friendly; Energetic; Playful,apartment,high,first_time,1,0,4_7,Friendly; Shy; Protective,1,0,0,0,0,1,1,0,1,0,0,1,0,0,1,0,1,0,0,0,0,0.333333,0,1,0,0,1,0,0,0,1,1,0,1,0,1,0,0,0,1
*Ignatius,cat,Domestic Shorthair Mix,kitten_puppy,Tabby,Energetic; Playful; Affectionate,apartment,high,first_time,0,0,0_3,Affectionate; Calm,1,0,0,0,0,1,1,0,0,0,1,0,0,0,0,1,1,0,0,0,0,0.408248,1,0,1,0,0,0,0,1,0,0,0,1,0,1,0,1,0,1
Hulk,cat,Domestic Shorthair Mix,kitten_puppy,Tabby,Energetic; Playful; Affectionate,apartment,moderate,first_time,1,0,4_7,Shy; Calm; Friendly,1,0,0,0,1,0,1,0,1,0,0,1,0,0,0,1,1,0,0,0,0,0.0,0,1,1,0,1,0,0,0,0,0,0,1,0,1,0,1,0,1
Kitty,cat,Domestic Shorthair Mix,adult,Tricolor,Calm; Independent; Affectionate,house_with_yard,relaxed,first_time,0,0,4_7,Shy; Independent; Protective,0,1,0,1,0,0,1,0,0,0,0,1,0,0,0,1,0,0,1,0,0,0.333333,0,0,0,0,1,0,1,0,1,0,1,0,0,0,1,1,0,1
A-Sir,dog,Catahoula,young,White,Friendly; Energetic; Playful,house_no_yard,moderate,experienced,0,1,0_3,Affectionate,0,0,1,0,1,0,0,1,0,1,1,0,0,0,1,0,0,1,0,0,0,0.0,0,0,0,0,0,0,0,1,0,1,0,1,0,1,0,0,0,0
Pumkin,dog,Yorkshire Terrier Mix,kitten_puppy,Brown,Friendly; Energetic; Playful,house_no_yard,relaxed,first_time,1,0,0_3,Playful; Friendly,0,0,1,1,0,0,1,0,1,0,1,0,0,0,1,0,1,0,0,0,0,0.816497,0,1,0,0,0,1,0,0,0,1,0,1,0,1,0,0,0,1
James,dog,Plott Hound/Labrador Retriever,young,White,Friendly; Energetic; Playful; Affectionate,house_with_yard,moderate,first_time,0,1,0_3,Calm,0,1,0,0,1,0,1,0,0,1,1,0,0,0,1,0,0,1,0,0,0,0.0,1,0,1,0,0,0,0,0,0,1,0,1,0,1,0,1,0,1
*Bunny,cat,Domestic Longhair Mix,kitten_puppy,White,Energetic; Playful; Affectionate,house_with_yard,moderate,first_time,0,0,4_7,Independent; Protective,0,1,0,0,1,0,1,0,0,0,0,1,0,1,0,1,1,0,0,0,0,0.0,1,0,0,0,0,0,1,0,1,0,0,1,0,1,0,1,0,1
*Mellow,dog,Labrador Retriever/Plott Hound,kitten_puppy,Brown,Friendly; Energetic; Playful; Affectionate,house_with_yard,high,first_time,1,0,0_3,Independent; Affectionate,0,1,0,0,0,1,1,0,1,0,1,0,0,0,1,0,1,0,0,0,0,0.353553,0,0,0,0,0,0,1,1,0,1,0,1,0,1,0,1,0,1
Moji,cat,Domestic Shorthair Mix,young,Black,Calm; Independent; Affectionate,house_no_yard,high,first_time,1,1,4_7,Protective; Playful; Shy,0,0,1,0,0,1,1,0,1,1,0,1,0,0,0,1,0,1,0,0,0,0.0,0,0,0,0,1,1,0,0,1,0,1,0,0,0,1,1,0,0
Pandora,dog,Australian Cattle Dog Mix,young,Black,Friendly; Energetic; Playful,house_no_yard,high,first_time,1,0,8_plus,Energetic; Protective,0,0,1,0,0,1,1,0,1,0,0,0,1,0,1,0,0,1,0,0,0,0.408248,1,0,0,1,0,0,0,0,1,1,0,1,0,1,0,0,0,1
*Sinatra,cat,Domestic Shorthair Mix,kitten_puppy,Black,Energetic; Playful; Affectionate,house_with_yard,moderate,first_time,1,0,4_7,Shy; Independent,0,1,0,0,1,0,1,0,1,0,0,1,0,1,0,1,1,0,0,0,0,0.0,0,0,0,0,1,0,1,0,0,0,0,1,0,1,0,1,0,1
Gabriel,cat,Domestic Shorthair Mix,senior,White,Calm; Independent,apartment,relaxed,first_time,1,0,4_7,Calm; Affectionate; Independent,1,0,0,1,0,0,1,0,1,0,0,1,0,0,0,1,0,0,0,1,0,0.816497,0,0,1,0,0,0,1,1,0,0,1,0,0,0,1,0,0,1
Shelter Rescue,dog,Flat Coat Retriever Mix,kitten_puppy,Black,Friendly; Energetic; Playful; Affectionate,apartment,high,first_time,0,1,4_7,Calm; Playful; Affectionate,1,0,0,0,0,1,1,0,0,1,0,1,0,0,1,0,1,0,0,0,0,0.57735,0,0,1,0,0,1,0,1,0,1,0,1,0,1,0,1,0,1
Shelter Rescue,dog,Border Collie Mix,kitten_puppy,Black,Friendly; Energetic; Playful,house_no_yard,moderate,first_time,0,1,0_3,Protective; Energetic,0,0,1,0,1,0,1,0,0,1,1,0,0,0,1,0,1,0,0,0,0,0.408248,0,0,0,1,0,0,0,0,1,1,0,1,0,1,0,0,0,1
*Juno,dog,Chihuahua Shorthair/Miniature Pinscher,young,Brown,Friendly; Calm; Energetic; Playful; Affectionate,house_with_yard,moderate,experienced,0,0,0_3,Energetic; Protective; Calm,0,1,0,0,1,0,0,1,0,0,1,0,0,0,1,0,0,1,0,0,0,0.516398,0,0,1,1,0,0,0,0,1,1,1,1,0,1,0,1,0,1
Shelter Rescue,dog,Carolina Dog Mix,kitten_puppy,Brown,Friendly; Energetic; Playful,house_with_yard,relaxed,first_time,0,0,8_plus,Calm,0,1,0,1,0,0,1,0,0,0,0,0,1,0,1,0,1,0,0,0,0,0.0,0,0,1,0,0,0,0,0,0,1,0,1,0,1,0,0,0,0
Penny,dog,Staffordshire Mix,young,White,Friendly; Energetic; Playful,apartment,moderate,first_time,1,0,4_7,Affectionate,1,0,0,0,1,0,1,0,1,0,0,1,0,0,1,0,0,1,0,0,0,0.0,0,0,0,0,0,0,0,1,0,1,0,1,0,1,0,0,0,0
Pepe,dog,Chihuahua Shorthair,adult,White,Friendly; Calm; Affectionate,apartment,high,experienced,0,1,4_7,Friendly; Protective; Energetic,1,0,0,0,0,1,0,1,0,1,0,1,0,0,1,0,0,0,1,0,0,0.333333,0,1,0,1,0,0,0,0,1,1,1,0,0,0,0,1,0,1
Shelter Rescue,cat,Domestic Medium Hair Mix,kitten_puppy,Tabby,Energetic; Playful; Affectionate,apartment,relaxed,first_time,0,0,0_3,Protective; Playful; Calm,1,0,0,1,0,0,1,0,0,0,1,0,0,0,0,1,1,0,0,0,0,0.333333,1,0,1,0,0,1,0,0,1,0,0,1,0,1,0,1,0,1
*Shadow,cat,Domestic Shorthair Mix,young,Gray,Calm; Independent; Affectionate,apartment,high,experienced,1,1,8_plus,Playful; Shy; Independent,1,0,0,0,0,1,0,1,1,1,0,0,1,0,0,1,0,1,0,0,0,0.333333,1,0,0,0,1,1,1,0,0,0,1,0,0,0,1,1,0,1
Scooter,dog,Chihuahua Shorthair Mix,adult,White,Friendly; Calm; Affectionate,house_with_yard,high,experienced,0,0,4_7,Protective; Independent; Shy,0,1,0,0,0,1,0,1,0,0,0,1,0,0,1,0,0,0,1,0,0,0.0,0,0,0,0,1,0,1,0,1,1,1,0,0,0,0,1,0,0
*Rufus,cat,Domestic Shorthair Mix,kitten_puppy,Orange,Energetic; Playful; Affectionate,house_no_yard,relaxed,experienced,0,1,4_7,Independent; Calm,0,0,1,1,0,0,0,1,0,1,0,1,0,1,0,1,1,0,0,0,0,0.0,0,0,1,0,0,0,1,0,0,0,0,1,0,1,0,1,0,0
Shelter Rescue,dog,Standard Poodle/Labrador Retriever,kitten_puppy,White,Friendly; Energetic; Playful; Affectionate,house_with_yard,moderate,experienced,0,0,4_7,Affectionate; Calm; Protective,0,1,0,0,1,0,0,1,0,0,0,1,0,0,1,0,1,0,0,0,0,0.288675,0,0,1,0,0,0,0,1,1,1,0,1,0,1,0,1,0,1
*Brady,dog,Pit Bull Mix,young,White,Friendly; Energetic; Playful,apartment,moderate,experienced,0,0,4_7,Energetic; Independent; Shy,1,0,0,0,1,0,0,1,0,0,0,1,0,0,1,0,0,1,0,0,0,0.333333,1,0,0,1,1,0,1,0,0,1,0,1,0,1,0,0,0,0
Chuy,dog,Dachshund/Jack Russell Terrier,young,Tricolor,Friendly; Calm; Energetic; Playful; Affectionate,house_no_yard,high,first_time,0,0,4_7,Shy; Affectionate,0,0,1,0,0,1,1,0,0,0,0,1,0,0,1,0,0,1,0,0,0,0.316228,0,0,0,0,1,0,0,1,0,1,1,1,0,1,0,1,0,1
Shelter Rescue,cat,Domestic Shorthair Mix,kitten_puppy,Black,Energetic; Playful; Affectionate,house_no_yard,moderate,first_time,0,1,4_7,Playful,0,0,1,0,1,0,1,0,0,1,0,1,0,0,0,1,1,0,0,0,0,0.57735,0,0,0,0,0,1,0,0,0,0,0,1,0,1,0,1,0,1
Shelter Rescue,dog,Cairn Terrier Mix,young,White,Friendly; Energetic; Playful,house_with_yard,moderate,first_time,0,1,0_3,Shy; Energetic,0,1,0,0,1,0,1,0,0,1,1,0,0,0,1,0,0,1,0,0,0,0.408248,0,0,0,1,1,0,0,0,0,1,0,1,0,1,0,0,0,1
*Louie,dog,Staffordshire/English Bulldog,young,White,Friendly; Energetic; Playful,apartment,high,experienced,1,0,0_3,Protective,1,0,0,0,0,1,0,1,1,0,1,0,0,0,1,0,0,1,0,0,0,0.0,0,0,0,0,0,0,0,0,1,1,0,1,0,1,0,0,0,0
*Kermit,cat,Domestic Shorthair Mix,kitten_puppy,Black,Energetic; Playful; Affectionate,house_with_yard,moderate,first_time,0,1,4_7,Energetic; Calm,0,1,0,0,1,0,1,0,0,1,0,1,0,0,0,1,1,0,0,0,0,0.408248,0,0,1,1,0,0,0,0,0,0,0,1,0,1,0,1,0,1
Kibby,dog,Jindo Mix,senior,Brown,Friendly; Calm; Independent; Affectionate,house_with_yard,relaxed,experienced,1,0,4_7,Protective; Friendly; Affectionate,0,1,0,1,0,0,0,1,1,0,0,1,0,0,1,0,0,0,0,1,0,0.57735,0,1,0,0,0,0,0,1,1,1,1,0,0,0,1,1,0,1
Shelton,dog,American Bulldog Mix,young,White,Friendly; Energetic; Playful,apartment,moderate,first_time,0,1,4_7,Independent,1,0,0,0,1,0,1,0,0,1,0,1,0,0,1,0,0,1,0,0,0,0.0,1,0,0,0,0,0,1,0,0,1,0,1,0,1,0,0,0,0
Wolf,dog,Alaskan Malamute/Labrador Retriever,young,Brown,Friendly; Energetic; Playful; Affectionate,apartment,high,experienced,1,0,0_3,Independent; Protective,1,0,0,0,0,1,0,1,1,0,1,0,0,1,1,0,0,1,0,0,0,0.0,0,0,0,0,0,0,1,0,1,1,0,1,0,1,0,1,0,1
Shelter Rescue,cat,Domestic Shorthair Mix,kitten_puppy,Orange,Energetic; Playful; Affectionate,house_no_yard,high,experienced,0,0,8_plus,Protective,0,0,1,0,0,1,0,1,0,0,0,0,1,0,0,1,1,0,0,0,0,0.0,0,0,0,0,0,0,0,0,1,0,0,1,0,1,0,1,0,0
Wes,dog,Labrador Retriever Mix,adult,Black,Friendly; Playful; Affectionate,apartment,moderate,first_time,1,0,0_3,Affectionate; Friendly,1,0,0,0,1,0,1,0,1,0,1,0,0,0,1,0,0,0,1,0,0,0.816497,0,1,0,0,0,0,0,1,0,1,0,0,0,1,0,1,0,1
*Buck,dog,Labrador Retriever Mix,kitten_puppy,Black,Friendly; Energetic; Playful; Affectionate,house_no_yard,relaxed,experienced,1,1,8_plus,Friendly,0,0,1,1,0,0,0,1,1,1,0,0,1,1,1,0,1,0,0,0,0,0.5,0,1,0,0,0,0,0,0,0,1,0,1,0,1,0,1,0,0
Dixie,cat,Domestic Shorthair Mix,kitten_puppy,White,Energetic; Playful; Affectionate,house_with_yard,high,experienced,0,0,0_3,Calm,0,1,0,0,0,1,0,1,0,0,1,0,0,0,0,1,1,0,0,0,0,0.0,0,0,1,0,0,0,0,0,0,0,0,1,0,1,0,1,0,1
Shelter Rescue,dog,Cardigan Welsh Corgi/Dachshund,senior,Black,Friendly; Calm; Independent; Affectionate,house_with_yard,relaxed,experienced,1,1,4_7,Playful,0,1,0,1,0,0,0,1,1,1,0,1,0,0,1,0,0,0,0,1,0,0.0,0,0,0,0,0,1,0,0,0,1,1,0,0,0,1,1,0,1
*Buster,dog,Labrador Retriever Mix,kitten_puppy,Black,Friendly; Energetic; Playful; Affectionate,apartment,moderate,experienced,0,1,4_7,Affectionate; Energetic,1,0,0,0,1,0,0,1,0,1,0,1,0,0,1,0,1,0,0,0,0,0.707107,0,0,0,1,0,0,0,1,0,1,0,1,0,1,0,1,0,0
*Salsa,cat,Domestic Longhair Mix,kitten_puppy,Gray,Energetic; Playful; Affectionate,house_with_yard,high,first_time,0,0,8_plus,Friendly; Playful,0,1,0,0,0,1,1,0,0,0,0,0,1,0,0,1,1,0,0,0,0,0.408248,0,1,0,0,0,1,0,0,0,0,0,1,0,1,0,1,0,0
*Tofu,dog,Beagle Mix,young,White,Friendly; Energetic; Playful; Affectionate,house_with_yard,high,first_time,0,0,0_3,Shy; Protective,0,1,0,0,0,1,1,0,0,0,1,0,0,0,1,0,0,1,0,0,0,0.0,0,0,0,0,1,0,0,0,1,1,0,1,0,1,0,1,0,1
Luna,dog,Australian Cattle Dog Mix,kitten_puppy,Black,Friendly; Energetic; Playful,apartment,moderate,first_time,1,0,8_plus,Shy; Protective; Calm,1,0,0,0,1,0,1,0,1,0,0,0,1,0,1,0,1,0,0,0,0,0.0,1,0,1,0,1,0,0,0,1,1,0,1,0,1,0,0,0,0
Captain Binx,dog,Chihuahua Shorthair/Cardigan Welsh Corgi,kitten_puppy,White,Friendly; Calm; Energetic; Playful; Affectionate,apartment,relaxed,first_time,0,1,0_3,Energetic; Independent; Affectionate,1,0,0,1,0,0,1,0,0,1,1,0,0,1,1,0,1,0,0,0,0,0.516398,0,0,0,1,0,0,1,1,0,1,1,1,0,1,0,1,0,1
*Vincent,dog,Chihuahua Shorthair Mix,kitten_puppy,White,Friendly; Calm; Energetic; Playful; Affectionate,apartment,high,experienced,1,1,4_7,Protective; Playful,1,0,0,0,0,1,0,1,1,1,0,1,0,1,1,0,1,0,0,0,0,0.316228,1,0,0,0,0,1,0,0,1,1,1,1,0,1,0,1,0,1
Shelter Rescue,dog,Border Collie Mix,kitten_puppy,Black,Friendly; Energetic; Playful,house_no_yard,moderate,experienced,0,1,8_plus,Shy; Protective; Energetic,0,0,1,0,1,0,0,1,0,1,0,0,1,0,1,0,1,0,0,0,0,0.333333,0,0,0,1,1,0,0,0,1,1,0,1,0,1,0,0,0,0
Shelter Rescue,dog,Cardigan Welsh Corgi,young,White,Friendly; Energetic; Playful,house_with_yard,moderate,first_time,1,0,0_3,Calm; Energetic; Friendly,0,1,0,0,1,0,1,0,1,0,1,0,0,0,1,0,0,1,0,0,0,0.666667,0,1,1,1,0,0,0,0,0,1,0,1,0,1,0,0,0,1
*Bear,dog,Cardigan Welsh Corgi/Pointer,kitten_puppy,White,Friendly; Energetic; Playful,house_no_yard,high,experienced,0,0,8_plus,Calm; Energetic,0,0,1,0,0,1,0,1,0,0,0,0,1,0,1,0,1,0,0,0,0,0.408248,1,0,1,1,0,0,0,0,0,1,0,1,0,1,0,0,0,0
*Barnaby,cat,Domestic Shorthair Mix,kitten_puppy,Black,Energetic; Playful; Affectionate,apartment,high,first_time,0,1,0_3,Independent,1,0,0,0,0,1,1,0,0,1,1,0,0,0,0,1,1,0,0,0,0,0.0,0,0,0,0,0,0,1,0,0,0,0,1,0,1,0,1,0,1
*Brady,dog,Pit Bull Mix,young,Black,Friendly; Energetic; Playful,apartment,high,first_time,0,1,4_7,Energetic,1,0,0,0,0,1,1,0,0,1,0,1,0,0,1,0,0,1,0,0,0,0.57735,0,0,0,1,0,0,0,0,0,1,0,1,0,1,0,0,0,1
*Frisco,cat,Domestic Shorthair Mix,kitten_puppy,Black,Energetic; Playful; Affectionate,apartment,moderate,experienced,0,1,0_3,Protective; Independent; Calm,1,0,0,0,1,0,0,1,0,1,1,0,0,0,0,1,1,0,0,0,0,0.0,0,0,1,0,0,0,1,0,1,0,0,1,0,1,0,1,0,1
Lucy,dog,Chihuahua Longhair Mix,young,Black,Friendly; Calm; Energetic; Playful; Affectionate,house_with_yard,moderate,first_time,0,1,8_plus,Affectionate; Energetic; Protective,0,1,0,0,1,0,1,0,0,1,0,0,1,0,1,0,0,1,0,0,0,0.516398,0,0,0,1,0,0,0,1,1,1,1,1,0,1,0,1,0,1
Bam Bam,dog,Labrador Retriever/Basset Hound,kitten_puppy,Brown,Friendly; Energetic; Playful; Affectionate,apartment,relaxed,experienced,1,0,4_7,Friendly,1,0,0,1,0,0,0,1,1,0,0,1,0,0,1,0,1,0,0,0,0,0.5,0,1,0,0,0,0,0,0,0,1,0,1,0,1,0,1,0,0
*Clover,cat,Domestic Shorthair Mix,kitten_puppy,Tricolor,Energetic; Playful; Affectionate,house_with_yard,high,experienced,0,0,0_3,Independent,0,1,0,0,0,1,0,1,0,0,1,0,0,0,0,1,1,0,0,0,0,0.0,0,0,0,0,0,0,1,0,0,0,0,1,0,1,0,1,0,1
*Magic,cat,Domestic Medium Hair Mix,kitten_puppy,Black,Energetic; Playful; Affectionate,house_no_yard,moderate,experienced,0,1,8_plus,Shy,0,0,1,0,1,0,0,1,0,1,0,0,1,0,0,1,1,0,0,0,0,0.0,0,0,0,0,1,0,0,0,0,0,0,1,0,1,0,1,0,0
Mickey,dog,Dachshund/Chihuahua Shorthair,kitten_puppy,Tricolor,Friendly; Calm; Energetic; Playful; Affectionate,apartment,moderate,first_time,1,0,4_7,Energetic,1,0,0,0,1,0,1,0,1,0,0,1,0,0,1,0,1,0,0,0,0,0.447214,0,0,0,1,0,0,0,0,0,1,1,1,0,1,0,1,0,1
*Lanie,dog,Australian Cattle Dog/Australian Shepherd,young,White,Friendly; Energetic; Playful; Protective,apartment,high,first_time,1,1,4_7,Affectionate; Friendly,1,0,0,0,0,1,1,0,1,1,0,1,0,0,1,0,0,1,0,0,0,0.353553,0,1,0,0,0,0,0,1,0,1,0,1,0,1,0,0,1,1
*Riley,cat,Domestic Shorthair Mix,kitten_puppy,Tricolor,Energetic; Playful; Affectionate,apartment,moderate,first_time,0,1,8_plus,Independent; Protective,1,0,0,0,1,0,1,0,0,1,0,0,1,0,0,1,1,0,0,0,0,0.0,1,0,0,0,0,0,1,0,1,0,0,1,0,1,0,1,0,0
*Oakley,cat,Domestic Shorthair Mix,kitten_puppy,Tabby,Energetic; Playful; Affectionate,apartment,relaxed,experienced,0,1,4_7,Calm,1,0,0,1,0,0,0,1,0,1,0,1,0,0,0,1,1,0,0,0,0,0.0,0,0,1,0,0,0,0,0,0,0,0,1,0,1,0,1,0,1
Brownie,dog,Jack Russell Terrier/Chihuahua Shorthair,kitten_puppy,Black,Friendly; Calm; Energetic; Playful; Affectionate,house_with_yard,relaxed,experienced,0,0,0_3,Shy; Protective; Friendly,0,1,0,1,0,0,0,1,0,0,1,0,0,0,1,0,1,0,0,0,0,0.258199,0,1,0,0,1,0,0,0,1,1,1,1,0,1,0,1,0,1
*Hank,dog,Labrador Retriever Mix,kitten_puppy,Black,Friendly; Energetic; Playful; Affectionate,apartment,moderate,experienced,0,0,0_3,Protective,1,0,0,0,1,0,0,1,0,0,1,0,0,0,1,0,1,0,0,0,0,0.0,0,0,0,0,0,0,0,0,1,1,0,1,0,1,0,1,0,0
*Panda,dog,Pit Bull Mix,young,Black,Friendly; Energetic; Playful,house_no_yard,moderate,experienced,0,0,8_plus,Calm; Protective; Playful,0,0,1,0,1,0,0,1,0,0,0,0,1,0,1,0,0,1,0,0,0,0.333333,0,0,1,0,0,1,0,0,1,1,0,1,0,1,0,0,0,0
Shelter Rescue,dog,Shiba Inu Mix,adult,Orange,Friendly; Affectionate,house_no_yard,relaxed,first_time,1,1,4_7,Affectionate; Friendly; Energetic,0,0,1,1,0,0,1,0,1,1,0,1,0,0,1,0,0,0,1,0,0,0.816497,0,1,0,1,0,0,0,1,0,1,0,0,0,0,0,1,0,1
Remmie,dog,Great Dane Mix,kitten_puppy,Brown,Friendly; Energetic; Playful,house_with_yard,high,first_time,0,1,0_3,Playful; Shy; Friendly,0,1,0,0,0,1,1,0,0,1,1,0,0,0,1,0,1,0,0,0,0,0.666667,0,1,0,0,1,1,0,0,0,1,0,1,0,1,0,0,0,1
Tuxedo Mask,dog,Labrador Retriever/Pointer,young,Black,Friendly; Energetic; Playful; Affectionate,house_no_yard,high,experienced,0,0,4_7,Protective; Independent; Shy,0,0,1,0,0,1,0,1,0,0,0,1,0,0,1,0,0,1,0,0,0,0.0,0,0,0,0,1,0,1,0,1,1,0,1,0,1,0,1,0,0
*Axel,cat,Domestic Shorthair Mix,kitten_puppy,Black,Energetic; Playful; Affectionate,house_with_yard,relaxed,experienced,1,0,8_plus,Calm; Shy,0,1,0,1,0,0,0,1,1,0,0,0,1,0,0,1,1,0,0,0,0,0.0,0,0,1,0,1,0,0,0,0,0,0,1,0,1,0,1,0,0
Shelter Rescue,dog,Chihuahua Shorthair Mix,young,Brown,Friendly; Calm; Energetic; Playful; Affectionate,house_with_yard,moderate,first_time,0,0,0_3,Affectionate; Calm,0,1,0,0,1,0,1,0,0,0,1,0,0,1,1,0,0,1,0,0,0,0.632456,0,0,1,0,0,0,0,1,0,1,1,1,0,1,0,1,0,1
*Tarragon,cat,Domestic Shorthair Mix,kitten_puppy,White,Energetic; Playful; Affectionate,house_with_yard,high,first_time,0,0,4_7,Playful; Protective,0,1,0,0,0,1,1,0,0,0,0,1,0,1,0,1,1,0,0,0,0,0.408248,0,0,0,0,0,1,0,0,1,0,0,1,0,1,0,1,0,1
*Travis,dog,Labrador Retriever/Pit Bull,kitten_puppy,White,Friendly; Energetic; Playful; Affectionate,house_with_yard,relaxed,experienced,1,1,8_plus,Independent; Energetic,0,1,0,1,0,0,0,1,1,1,0,0,1,0,1,0,1,0,0,0,0,0.353553,0,0,0,1,0,0,1,0,0,1,0,1,0,1,0,1,0,1
Kojax,dog,Pit Bull,young,Orange,Friendly; Energetic; Playful,house_no_yard,high,first_time,1,1,8_plus,Friendly; Energetic; Affectionate,0,0,1,0,0,1,1,0,1,1,0,0,1,0,1,0,0,1,0,0,0,0.666667,0,1,0,1,0,0,0,1,0,1,0,1,0,1,0,0,0,1
Samantha,dog,Labrador Retriever Mix,kitten_puppy,White,Friendly; Energetic; Playful; Affectionate,apartment,relaxed,experienced,0,1,0_3,Energetic; Shy; Independent,1,0,0,1,0,0,0,1,0,1,1,0,0,1,1,0,1,0,0,0,0,0.288675,0,0,0,1,1,0,1,0,0,1,0,1,0,1,0,1,0,0
*Bambi,dog,Labrador Retriever Mix,kitten_puppy,White,Friendly; Energetic; Playful; Affectionate,house_no_yard,high,experienced,0,0,0_3,Playful; Protective,0,0,1,0,0,1,0,1,0,0,1,0,0,0,1,0,1,0,0,0,0,0.353553,0,0,0,0,0,1,0,0,1,1,0,1,0,1,0,1,0,1
*Nina,dog,Pit Bull Mix,young,White,Friendly; Energetic; Playful,house_no_yard,high,experienced,1,0,8_plus,Friendly; Shy; Energetic,0,0,1,0,0,1,0,1,1,0,0,0,1,0,1,0,0,1,0,0,0,0.666667,0,1,0,1,1,0,0,0,0,1,0,1,0,1,0,0,0,1
Millie,dog,Rat Terrier,senior,White,Friendly; Calm; Energetic; Independent; Affectionate,apartment,high,experienced,0,0,0_3,Playful,1,0,0,0,0,1,0,1,0,0,1,0,0,0,1,0,0,0,0,1,0,0.0,0,0,0,0,0,1,0,0,0,1,1,1,0,0,1,1,0,1
Honey,dog,Staffordshire Mix,adult,Brown,Friendly; Affectionate,house_no_yard,relaxed,first_time,1,0,4_7,Affectionate; Protective; Independent,0,0,1,1,0,0,1,0,1,0,0,1,0,0,1,0,0,0,1,0,0,0.408248,0,0,0,0,0,0,1,1,1,1,0,0,0,0,0,1,0,1
*Phillis,dog,Labrador Retriever Mix,kitten_puppy,Black,Friendly; Energetic; Playful; Affectionate,house_with_yard,moderate,first_time,0,1,8_plus,Independent; Shy; Energetic,0,1,0,0,1,0,1,0,0,1,0,0,1,0,1,0,1,0,0,0,0,0.288675,0,0,0,1,1,0,1,0,0,1,0,1,0,1,0,1,0,1
Roxy,dog,Rottweiler/German Shepherd,senior,Black,Friendly; Calm; Energetic; Independent; Affectionate; Protective,apartment,moderate,experienced,1,1,8_plus,Independent; Affectionate; Playful,1,0,0,0,1,0,0,1,1,1,0,0,1,1,1,0,0,0,0,1,0,0.471405,0,0,0,0,0,1,1,1,0,1,1,1,0,0,1,1,1,1
*Greta,dog,Pit Bull Mix,young,Brown,Friendly; Energetic; Playful,house_with_yard,relaxed,experienced,0,0,8_plus,Affectionate,0,1,0,1,0,0,0,1,0,0,0,0,1,1,1,0,0,1,0,0,0,0.0,0,0,0,0,0,0,0,1,0,1,0,1,0,1,0,0,0,0
*August,dog,Pit Bull Mix,young,White,Friendly; Energetic; Playful,house_with_yard,moderate,experienced,0,1,8_plus,Friendly; Affectionate,0,1,0,0,1,0,0,1,0,1,0,0,1,0,1,0,0,1,0,0,0,0.408248,0,1,0,0,0,0,0,1,0,1,0,1,0,1,0,0,0,1
Baley,dog,Australian Cattle Dog Mix,young,Orange,Friendly; Energetic; Playful,house_no_yard,high,first_time,1,0,4_7,Energetic,0,0,1,0,0,1,1,0,1,0,0,1,0,0,1,0,0,1,0,0,0,0.57735,1,0,0,1,0,0,0,0,0,1,0,1,0,1,0,0,0,1
Shelter Rescue,cat,Domestic Shorthair Mix,kitten_puppy,White,Energetic; Playful; Affectionate,apartment,moderate,experienced,1,1,0_3,Affectionate; Shy,1,0,0,0,1,0,0,1,1,1,1,0,0,0,0,1,1,0,0,0,0,0.408248,0,0,0,0,1,0,0,1,0,0,0,1,0,1,0,1,0,1
Shelter Rescue,dog,Yorkshire Terrier Mix,kitten_puppy,Black,Friendly; Energetic; Playful,house_with_yard,relaxed,first_time,0,1,4_7,Playful; Energetic,0,1,0,1,0,0,1,0,0,1,0,1,0,0,1,0,1,0,0,0,0,0.816497,0,0,0,1,0,1,0,0,0,1,0,1,0,1,0,0,0,1
Shelter Rescue,dog,Boxer,kitten_puppy,Black,Friendly; Energetic; Playful,house_no_yard,relaxed,experienced,1,1,8_plus,Protective,0,0,1,1,0,0,0,1,1,1,0,0,1,0,1,0,1,0,0,0,0,0.0,0,0,0,0,0,0,0,0,1,1,0,1,0,1,0,0,0,0
Gabby,dog,Pit Bull Mix,kitten_puppy,White,Friendly; Energetic; Playful,house_no_yard,moderate,experienced,1,1,0_3,Energetic; Playful; Calm,0,0,1,0,1,0,0,1,1,1,1,0,0,1,1,0,1,0,0,0,0,0.666667,0,0,1,1,0,1,0,0,0,1,0,1,0,1,0,0,0,1
Otto,cat,Domestic Shorthair Mix,kitten_puppy,Orange,Energetic; Playful; Affectionate,house_no_yard,relaxed,experienced,0,0,8_plus,Calm; Affectionate,0,0,1,1,0,0,0,1,0,0,0,0,1,0,0,1,1,0,0,0,0,0.408248,1,0,1,0,0,0,0,1,0,0,0,1,0,1,0,1,0,0
Snow,dog,Great Pyrenees Mix,kitten_puppy,White,Friendly; Energetic; Playful,apartment,relaxed,first_time,1,0,4_7,Shy; Playful; Protective,1,0,0,1,0,0,1,0,1,0,0,1,0,0,1,0,1,0,0,0,0,0.333333,0,0,0,0,1,1,0,0,1,1,0,1,0,1,0,0,0,0
Basil,cat,Domestic Longhair,kitten_puppy,Gray,Energetic; Playful; Affectionate,apartment,high,experienced,0,1,8_plus,Friendly; Calm,1,0,0,0,0,1,0,1,0,1,0,0,1,0,0,1,1,0,0,0,0,0.0,0,1,1,0,0,0,0,0,0,0,0,1,0,1,0,1,0,0
Leo,cat,Domestic Shorthair Mix,kitten_puppy,Orange,Energetic; Playful; Affectionate,house_with_yard,relaxed,first_time,0,1,4_7,Energetic; Calm; Shy,0,1,0,1,0,0,1,0,0,1,0,1,0,1,0,1,1,0,0,0,0,0.333333,1,0,1,1,1,0,0,0,0,0,0,1,0,1,0,1,0,1
Butterscotch,cat,Domestic Shorthair Mix,kitten_puppy,Orange,Energetic; Playful; Affectionate,house_with_yard,high,experienced,0,0,8_plus,Friendly,0,1,0,0,0,1,0,1,0,0,0,0,1,0,0,1,1,0,0,0,0,0.0,0,1,0,0,0,0,0,0,0,0,0,1,0,1,0,1,0,0
*May,dog,Labrador Retriever,kitten_puppy,Black,Friendly; Energetic; Playful; Affectionate,house_no_yard,moderate,experienced,0,0,0_3,Playful,0,0,1,0,1,0,0,1,0,0,1,0,0,1,1,0,1,0,0,0,0,0.5,1,0,0,0,0,1,0,0,0,1,0,1,0,1,0,1,0,1
Shelter Rescue,dog,Chihuahua Shorthair/Jack Russell Terrier,kitten_puppy,White,Friendly; Calm; Energetic; Playful; Affectionate,house_with_yard,relaxed,experienced,0,1,0_3,Friendly; Calm; Protective,0,1,0,1,0,0,0,1,0,1,1,0,0,0,1,0,1,0,0,0,0,0.516398,0,1,1,0,0,0,0,0,1,1,1,1,0,1,0,1,0,1
Rey,dog,Boxer Mix,kitten_puppy,White,Friendly; Energetic; Playful,house_no_yard,relaxed,experienced,1,1,0_3,Energetic; Playful,0,0,1,1,0,0,0,1,1,1,1,0,0,0,1,0,1,0,0,0,0,0.816497,0,0,0,1,0,1,0,0,0,1,0,1,0,1,0,0,0,1
Shelter Rescue,cat,Domestic Shorthair Mix,kitten_puppy,Gray,Energetic; Playful; Affectionate,house_with_yard,high,experienced,1,0,4_7,Playful; Protective,0,1,0,0,0,1,0,1,1,0,0,1,0,0,0,1,1,0,0,0,0,0.408248,0,0,0,0,0,1,0,0,1,0,0,1,0,1,0,1,0,1
Amethyst,cat,Domestic Longhair Mix,kitten_puppy,Tricolor,Energetic; Playful; Affectionate,house_no_yard,high,experienced,1,1,8_plus,Playful; Affectionate,0,0,1,0,0,1,0,1,1,1,0,0,1,0,0,1,1,0,0,0,0,0.816497,0,0,0,0,0,1,0,1,0,0,0,1,0,1,0,1,0,1
Chiquita,cat,Domestic Shorthair Mix,kitten_puppy,Tabby,Energetic; Playful; Affectionate,house_with_yard,relaxed,experienced,0,0,8_plus,Affectionate; Independent,0,1,0,1,0,0,0,1,0,0,0,0,1,0,0,1,1,0,0,0,0,0.408248,1,0,0,0,0,0,1,1,0,0,0,1,0,1,0,1,0,0
Zahrah,dog,Chihuahua Shorthair Mix,adult,Black,Friendly; Calm; Affectionate,apartment,moderate,first_time,0,0,0_3,Energetic; Shy; Independent,1,0,0,0,1,0,1,0,0,0,1,0,0,0,1,0,0,0,1,0,0,0.0,1,0,0,1,1,0,1,0,0,1,1,0,0,0,0,1,0,1
Gia,cat,Domestic Medium Hair Mix,adult,Gray,Calm; Independent; Affectionate,apartment,high,experienced,1,0,8_plus,Shy,1,0,0,0,0,1,0,1,1,0,0,0,1,1,0,1,0,0,1,0,0,0.0,0,0,0,0,1,0,0,0,0,0,1,0,0,0,1,1,0,1
Niner,cat,Domestic Shorthair Mix,kitten_puppy,Tabby,Energetic; Playful; Affectionate,apartment,moderate,first_time,0,1,4_7,Playful; Protective; Shy,1,0,0,0,1,0,1,0,0,1,0,1,0,1,0,1,1,0,0,0,0,0.333333,0,0,0,0,1,1,0,0,1,0,0,1,0,1,0,1,0,1
*Ebony,cat,Domestic Shorthair Mix,kitten_puppy,Black,Energetic; Playful; Affectionate,house_with_yard,relaxed,experienced,1,1,0_3,Energetic; Shy; Protective,0,1,0,1,0,0,0,1,1,1,1,0,0,0,0,1,1,0,0,0,0,0.333333,0,0,0,1,1,0,0,0,1,0,0,1,0,1,0,1,0,1
Shelter Rescue,dog,Siberian Husky Mix,kitten_puppy,Black,Friendly; Energetic; Playful,house_with_yard,relaxed,experienced,0,0,4_7,Independent; Affectionate; Friendly,0,1,0,1,0,0,0,1,0,0,0,1,0,0,1,0,1,0,0,0,0,0.333333,0,1,0,0,0,0,1,1,0,1,0,1,0,1,0,0,0,1
Kitty,cat,Domestic Shorthair Mix,young,Tricolor,Calm; Independent; Affectionate,apartment,relaxed,experienced,0,1,0_3,Affectionate; Playful,1,0,0,1,0,0,0,1,0,1,1,0,0,0,0,1,0,1,0,0,0,0.408248,0,0,0,0,0,1,0,1,0,0,1,0,0,0,1,1,0,1
Lucky,dog,Labrador Retriever Mix,young,White,Friendly; Energetic; Playful; Affectionate,apartment,relaxed,experienced,0,0,8_plus,Energetic; Independent,1,0,0,1,0,0,0,1,0,0,0,0,1,0,1,0,0,1,0,0,0,0.353553,0,0,0,1,0,0,1,0,0,1,0,1,0,1,0,1,0,0
Bean,dog,Chihuahua Shorthair Mix,young,White,Friendly; Calm; Energetic; Playful; Affectionate,apartment,relaxed,experienced,0,0,4_7,Independent; Protective,1,0,0,1,0,0,0,1,0,0,0,1,0,0,1,0,0,1,0,0,0,0.0,0,0,0,0,0,0,1,0,1,1,1,1,0,1,0,1,0,1
Maddie,dog,Staffordshire Mix,young,Black,Friendly; Energetic; Playful,apartment,moderate,experienced,1,0,4_7,Playful,1,0,0,0,1,0,0,1,1,0,0,1,0,1,1,0,0,1,0,0,0,0.57735,0,0,0,0,0,1,0,0,0,1,0,1,0,1,0,0,0,0
*Junie,cat,Domestic Shorthair Mix,kitten_puppy,White,Energetic; Playful; Affectionate,house_with_yard,moderate,experienced,0,0,0_3,Calm,0,1,0,0,1,0,0,1,0,0,1,0,0,0,0,1,1,0,0,0,0,0.0,0,0,1,0,0,0,0,0,0,0,0,1,0,1,0,1,0,1
*Pretzel,dog,Pit Bull Mix,kitten_puppy,Brown,Friendly; Energetic; Playful,apartment,moderate,first_time,0,0,0_3,Protective,1,0,0,0,1,0,1,0,0,0,1,0,0,1,1,0,1,0,0,0,0,0.0,1,0,0,0,0,0,0,0,1,1,0,1,0,1,0,0,0,0
Simba,dog,Bernese Mountain Dog Mix,young,Black,Friendly; Energetic; Playful,house_with_yard,moderate,first_time,1,1,8_plus,Independent; Energetic,0,1,0,0,1,0,1,0,1,1,0,0,1,0,1,0,0,1,0,0,0,0.408248,0,0,0,1,0,0,1,0,0,1,0,1,0,1,0,0,0,1
*Maxwell,dog,Labrador Retriever Mix,young,Black,Friendly; Energetic; Playful; Affectionate,apartment,relaxed,first_time,0,0,4_7,Energetic; Affectionate; Playful,1,0,0,1,0,0,1,0,0,0,0,1,0,0,1,0,0,1,0,0,0,0.866025,0,0,0,1,0,1,0,1,0,1,0,1,0,1,0,1,0,1
Jerry,dog,Labrador Retriever Mix,adult,Black,Friendly; Playful; Affectionate,house_with_yard,moderate,first_time,0,1,8_plus,Independent,0,1,0,0,1,0,1,0,0,1,0,0,1,0,1,0,0,0,1,0,0,0.0,1,0,0,0,0,0,1,0,0,1,0,0,0,1,0,1,0,1
Daisy,dog,Maltese Mix,adult,White,Friendly; Calm; Affectionate,house_no_yard,high,first_time,0,1,8_plus,Shy; Protective,0,0,1,0,0,1,1,0,0,1,0,0,1,0,1,0,0,0,1,0,0,0.0,0,0,0,0,1,0,0,0,1,1,1,0,0,0,0,1,0,1
Zeus,cat,Domestic Shorthair Mix,kitten_puppy,Tabby,Energetic; Playful; Affectionate,house_with_yard,moderate,experienced,0,0,4_7,Shy; Protective,0,1,0,0,1,0,0,1,0,0,0,1,0,0,0,1,1,0,0,0,0,0.0,1,0,0,0,1,0,0,0,1,0,0,1,0,1,0,1,0,1
Shelter Rescue,dog,Pug/Beagle,kitten_puppy,White,Friendly; Calm; Energetic; Playful; Affectionate,apartment,high,experienced,0,1,0_3,Playful; Energetic,1,0,0,0,0,1,0,1,0,1,1,0,0,0,1,0,1,0,0,0,0,0.632456,0,0,0,1,0,1,0,0,0,1,1,1,0,1,0,1,0,1
Shelter Rescue,dog,Chihuahua Shorthair Mix,adult,White,Friendly; Calm; Affectionate,apartment,high,experienced,1,1,0_3,Calm; Shy,1,0,0,0,0,1,0,1,1,1,1,0,0,0,1,0,0,0,1,0,0,0.408248,0,0,1,0,1,0,0,0,0,1,1,0,0,0,0,1,0,1
*Felipe,cat,Domestic Shorthair Mix,kitten_puppy,Gray,Energetic; Playful; Affectionate,house_no_yard,high,first_time,1,0,8_plus,Friendly; Playful; Affectionate,0,0,1,0,0,1,1,0,1,0,0,0,1,0,0,1,1,0,0,0,0,0.666667,0,1,0,0,0,1,0,1,0,0,0,1,0,1,0,1,0,1
*Sassafras,cat,Domestic Shorthair Mix,young,Gray,Calm; Independent; Affectionate,house_no_yard,moderate,experienced,0,0,4_7,Shy,0,0,1,0,1,0,0,1,0,0,0,1,0,0,0,1,0,1,0,0,0,0.0,1,0,0,0,1,0,0,0,0,0,1,0,0,0,1,1,0,0
*Pudding,cat,Domestic Shorthair Mix,young,Gray,Calm; Independent; Affectionate,house_no_yard,relaxed,experienced,0,1,0_3,Energetic,0,0,1,1,0,0,0,1,0,1,1,0,0,0,0,1,0,1,0,0,0,0.0,0,0,0,1,0,0,0,0,0,0,1,0,0,0,1,1,0,1
*Jorge,dog,Chihuahua Shorthair Mix,adult,Brown,Friendly; Calm; Affectionate,house_no_yard,relaxed,experienced,0,0,8_plus,Independent,0,0,1,1,0,0,0,1,0,0,0,0,1,0,1,0,0,0,1,0,0,0.0,1,0,0,0,0,0,1,0,0,1,1,0,0,0,0,1,0,1
*Seth,cat,Domestic Medium Hair Mix,kitten_puppy,White,Energetic; Playful; Affectionate,house_with_yard,moderate,experienced,0,1,4_7,Independent; Protective,0,1,0,0,1,0,0,1,0,1,0,1,0,1,0,1,1,0,0,0,0,0.0,0,0,0,0,0,0,1,0,1,0,0,1,0,1,0,1,0,1
Bella,cat,Domestic Shorthair Mix,kitten_puppy,Tabby,Energetic; Playful; Affectionate,apartment,moderate,first_time,0,1,0_3,Energetic; Shy; Independent,1,0,0,0,1,0,1,0,0,1,1,0,0,0,0,1,1,0,0,0,0,0.333333,0,0,0,1,1,0,1,0,0,0,0,1,0,1,0,1,0,1
Roxy,dog,German Shepherd Mix,young,Black,Friendly; Energetic; Playful; Protective,apartment,high,first_time,1,1,4_7,Independent; Calm; Playful,1,0,0,0,0,1,1,0,1,1,0,1,0,0,1,0,0,1,0,0,0,0.288675,0,0,1,0,0,1,1,0,0,1,0,1,0,1,0,0,1,1
Chico,dog,Pit Bull Mix,young,Black,Friendly; Energetic; Playful,house_no_yard,moderate,first_time,0,0,0_3,Independent,0,0,1,0,1,0,1,0,0,0,1,0,0,0,1,0,0,1,0,0,0,0.0,0,0,0,0,0,0,1,0,0,1,0,1,0,1,0,0,0,0
*Dove,cat,Domestic Medium Hair Mix,kitten_puppy,Gray,Energetic; Playful; Affectionate,apartment,high,experienced,0,0,4_7,Shy; Affectionate; Energetic,1,0,0,0,0,1,0,1,0,0,0,1,0,0,0,1,1,0,0,0,0,0.666667,0,0,0,1,1,0,0,1,0,0,0,1,0,1,0,1,0,1
Gigi,dog,Pit Bull Mix,young,White,Friendly; Energetic; Playful,house_with_yard,moderate,first_time,0,0,0_3,Independent,0,1,0,0,1,0,1,0,0,0,1,0,0,0,1,0,0,1,0,0,0,0.0,0,0,0,0,0,0,1,0,0,1,0,1,0,1,0,0,0,1
*Marnie,dog,Cocker Spaniel Mix,kitten_puppy,Brown,Friendly; Energetic; Playful; Affectionate,apartment,moderate,first_time,1,0,0_3,Independent; Calm; Affectionate,1,0,0,0,1,0,1,0,1,0,1,0,0,0,1,0,1,0,0,0,0,0.288675,0,0,1,0,0,0,1,1,0,1,0,1,0,1,0,1,0,1
*Shiraz,cat,Domestic Shorthair Mix,young,Tabby,Calm; Independent; Affectionate,apartment,moderate,first_time,1,0,0_3,Shy,1,0,0,0,1,0,1,0,1,0,1,0,0,0,0,1,0,1,0,0,0,0.0,1,0,0,0,1,0,0,0,0,0,1,0,0,0,1,1,0,1
Peppa,cat,Domestic Shorthair Mix,young,Black,Calm; Independent; Affectionate,apartment,moderate,experienced,0,1,0_3,Playful; Shy,1,0,0,0,1,0,0,1,0,1,1,0,0,0,0,1,0,1,0,0,0,0.0,0,0,0,0,1,1,0,0,0,0,1,0,0,0,1,1,0,1
Floyd,dog,Pit Bull Mix,young,Orange,Friendly; Energetic; Playful,house_with_yard,moderate,first_time,1,1,4_7,Energetic; Independent,0,1,0,0,1,0,1,0,1,1,0,1,0,1,1,0,0,1,0,0,0,0.408248,0,0,0,1,0,0,1,0,0,1,0,1,0,1,0,0,0,1
Shelter Rescue,dog,Catahoula/Irish Wolfhound,kitten_puppy,Brown,Friendly; Energetic; Playful,house_no_yard,relaxed,experienced,1,1,4_7,Independent; Calm; Friendly,0,0,1,1,0,0,0,1,1,1,0,1,0,0,1,0,1,0,0,0,0,0.333333,0,1,1,0,0,0,1,0,0,1,0,1,0,1,0,0,0,1
Dusty,dog,Staffordshire Mix,adult,White,Friendly; Affectionate,apartment,moderate,experienced,1,1,4_7,Friendly; Independent; Energetic,1,0,0,0,1,0,0,1,1,1,0,1,0,0,1,0,0,0,1,0,0,0.408248,0,1,0,1,0,0,1,0,0,1,0,0,0,0,0,1,0,1
*Lucy,dog,Border Terrier Mix,adult,Black,Friendly; Energetic; Affectionate,house_no_yard,relaxed,first_time,1,0,8_plus,Playful; Independent,0,0,1,1,0,0,1,0,1,0,0,0,1,0,1,0,0,0,1,0,0,0.0,1,0,0,0,0,1,1,0,0,1,0,1,0,0,0,1,0,1
Shelter Rescue,dog,Cavalier Span Mix,young,Black,Friendly; Energetic; Playful,house_with_yard,relaxed,experienced,0,0,4_7,Affectionate,0,1,0,1,0,0,0,1,0,0,0,1,0,0,1,0,0,1,0,0,0,0.0,0,0,0,0,0,0,0,1,0,1,0,1,0,1,0,0,0,0
Hobie,dog,Chow Chow Mix,adult,Orange,Friendly; Affectionate,house_no_yard,relaxed,experienced,0,0,4_7,Playful,0,0,1,1,0,0,0,1,0,0,0,1,0,0,1,0,0,0,1,0,0,0.0,1,0,0,0,0,1,0,0,0,1,0,0,0,0,0,1,0,0
Lucy,cat,Domestic Shorthair Mix,kitten_puppy,Tabby,Energetic; Playful; Affectionate,house_no_yard,moderate,experienced,0,1,8_plus,Friendly,0,0,1,0,1,0,0,1,0,1,0,0,1,0,0,1,1,0,0,0,0,0.0,0,1,0,0,0,0,0,0,0,0,0,1,0,1,0,1,0,0
*Florence,cat,Domestic Shorthair Mix,kitten_puppy,Gray,Energetic; Playful; Affectionate,apartment,moderate,first_time,1,0,4_7,Friendly,1,0,0,0,1,0,1,0,1,0,0,1,0,0,0,1,1,0,0,0,0,0.0,0,1,0,0,0,0,0,0,0,0,0,1,0,1,0,1,0,1
Stevie,cat,Domestic Medium Hair Mix,kitten_puppy,White,Energetic; Playful; Affectionate,apartment,relaxed,experienced,1,0,0_3,Friendly; Calm; Independent,1,0,0,1,0,0,0,1,1,0,1,0,0,0,0,1,1,0,0,0,0,0.0,1,1,1,0,0,0,1,0,0,0,0,1,0,1,0,1,0,1
Olive,dog,Pit Bull Mix,adult,Black,Friendly; Energetic; Affectionate,house_with_yard,high,experienced,1,0,0_3,Calm; Energetic; Independent,0,1,0,0,0,1,0,1,1,0,1,0,0,1,1,0,0,0,1,0,0,0.333333,0,0,1,1,0,0,1,0,0,1,0,1,0,0,0,1,0,1
*Lydia,dog,Pit Bull Mix,young,White,Friendly; Energetic; Playful,house_with_yard,moderate,experienced,0,0,8_plus,Friendly,0,1,0,0,1,0,0,1,0,0,0,0,1,0,1,0,0,1,0,0,0,0.57735,0,1,0,0,0,0,0,0,0,1,0,1,0,1,0,0,0,1
Meridith,cat,Domestic Shorthair Mix,kitten_puppy,Tabby,Energetic; Playful; Affectionate,house_with_yard,relaxed,experienced,0,1,8_plus,Shy; Friendly,0,1,0,1,0,0,0,1,0,1,0,0,1,0,0,1,1,0,0,0,0,0.0,0,1,0,0,1,0,0,0,0,0,0,1,0,1,0,1,0,0
Matty,dog,Rottweiler Mix,young,Black,Friendly; Energetic; Playful,house_no_yard,high,first_time,1,0,8_plus,Playful; Shy,0,0,1,0,0,1,1,0,1,0,0,0,1,0,1,0,0,1,0,0,0,0.408248,0,0,0,0,1,1,0,0,0,1,0,1,0,1,0,0,0,1
Shelter Rescue,dog,Chihuahua Shorthair Mix,adult,Tricolor,Friendly; Calm; Affectionate,house_no_yard,moderate,first_time,0,1,4_7,Friendly; Energetic; Independent,0,0,1,0,1,0,1,0,0,1,0,1,0,0,1,0,0,0,1,0,0,0.333333,0,1,0,1,0,0,1,0,0,1,1,0,0,0,0,1,0,1
Shelter Rescue,cat,Domestic Medium Hair Mix,kitten_puppy,White,Energetic; Playful; Affectionate,apartment,moderate,experienced,0,1,0_3,Protective,1,0,0,0,1,0,0,1,0,1,1,0,0,0,0,1,1,0,0,0,0,0.0,1,0,0,0,0,0,0,0,1,0,0,1,0,1,0,1,0,1
*Cranberry,cat,Domestic Shorthair Mix,kitten_puppy,Gray,Energetic; Playful; Affectionate,apartment,moderate,first_time,0,0,0_3,Independent,1,0,0,0,1,0,1,0,0,0,1,0,0,1,0,1,1,0,0,0,0,0.0,1,0,0,0,0,0,1,0,0,0,0,1,0,1,0,1,0,1
Shelter Rescue,cat,Domestic Shorthair Mix,kitten_puppy,Black,Energetic; Playful; Affectionate,house_with_yard,high,first_time,0,1,8_plus,Calm,0,1,0,0,0,1,1,0,0,1,0,0,1,0,0,1,1,0,0,0,0,0.0,0,0,1,0,0,0,0,0,0,0,0,1,0,1,0,1,0,0
Shelter Rescue,dog,Border Terrier/Cardigan Welsh Corgi,kitten_puppy,White,Friendly; Energetic; Playful,apartment,high,first_time,1,0,4_7,Playful,1,0,0,0,0,1,1,0,1,0,0,1,0,0,1,0,1,0,0,0,0,0.57735,1,0,0,0,0,1,0,0,0,1,0,1,0,1,0,0,0,1
*Jackson,dog,German Shepherd Mix,young,Black,Friendly; Energetic; Playful; Protective,apartment,relaxed,first_time,0,0,0_3,Calm; Independent,1,0,0,1,0,0,1,0,0,0,1,0,0,0,1,0,0,1,0,0,0,0.0,0,0,1,0,0,0,1,0,0,1,0,1,0,1,0,0,1,0
Cooper,dog,Labrador Retriever Mix,young,Brown,Friendly; Energetic; Playful; Affectionate,house_no_yard,high,experienced,1,0,8_plus,Protective; Affectionate,0,0,1,0,0,1,0,1,1,0,0,0,1,0,1,0,0,1,0,0,0,0.353553,0,0,0,0,0,0,0,1,1,1,0,1,0,1,0,1,0,1
Ace,dog,German Shepherd Mix,young,White,Friendly; Energetic; Playful; Protective,house_with_yard,relaxed,first_time,1,1,0_3,Playful; Protective,0,1,0,1,0,0,1,0,1,1,1,0,0,0,1,0,0,1,0,0,0,0.707107,0,0,0,0,0,1,0,0,1,1,0,1,0,1,0,0,1,1
Tiny,dog,Cairn Terrier Mix,kitten_puppy,Brown,Friendly; Energetic; Playful,apartment,relaxed,first_time,0,1,0_3,Playful,1,0,0,1,0,0,1,0,0,1,1,0,0,1,1,0,1,0,0,0,0,0.57735,0,0,0,0,0,1,0,0,0,1,0,1,0,1,0,0,0,1
Sugar,cat,Siamese Mix,kitten_puppy,Brown,Energetic; Playful; Affectionate,apartment,moderate,experienced,0,0,8_plus,Friendly,1,0,0,0,1,0,0,1,0,0,0,0,1,0,0,1,1,0,0,0,0,0.0,0,1,0,0,0,0,0,0,0,0,0,1,0,1,0,1,0,0
Shelter Rescue,dog,Great Pyrenees Mix,young,White,Friendly; Energetic; Playful,house_no_yard,high,first_time,0,0,4_7,Affectionate,0,0,1,0,0,1,1,0,0,0,0,1,0,0,1,0,0,1,0,0,0,0.0,0,0,0,0,0,0,0,1,0,1,0,1,0,1,0,0,0,1
*Beau,cat,Domestic Shorthair Mix,kitten_puppy,Orange,Energetic; Playful; Affectionate,house_no_yard,high,first_time,0,1,0_3,Playful; Protective,0,0,1,0,0,1,1,0,0,1,1,0,0,0,0,1,1,0,0,0,0,0.408248,0,0,0,0,0,1,0,0,1,0,0,1,0,1,0,1,0,1
Le Le,dog,Jack Russell Terrier Mix,young,White,Friendly; Energetic; Playful,apartment,relaxed,first_time,0,1,4_7,Playful; Energetic,1,0,0,1,0,0,1,0,0,1,0,1,0,1,1,0,0,1,0,0,0,0.816497,0,0,0,1,0,1,0,0,0,1,0,1,0,1,0,0,0,1
Boba,dog,Akita/Australian Cattle Dog,young,Black,Friendly; Energetic; Playful,house_no_yard,moderate,experienced,0,0,4_7,Friendly,0,0,1,0,1,0,0,1,0,0,0,1,0,0,1,0,0,1,0,0,0,0.57735,1,1,0,0,0,0,0,0,0,1,0,1,0,1,0,0,0,1
Shelter Rescue,dog,Australian Shepherd Mix,kitten_puppy,White,Friendly; Energetic; Playful; Protective,house_no_yard,high,first_time,0,1,8_plus,Friendly,0,0,1,0,0,1,1,0,0,1,0,0,1,0,1,0,1,0,0,0,0,0.5,0,1,0,0,0,0,0,0,0,1,0,1,0,1,0,0,1,0
*Rosie,dog,Chihuahua Shorthair Mix,young,Tricolor,Friendly; Calm; Energetic; Playful; Affectionate,house_no_yard,moderate,experienced,0,0,0_3,Friendly; Energetic; Playful,0,0,1,0,1,0,0,1,0,0,1,0,0,0,1,0,0,1,0,0,0,0.774597,0,1,0,1,0,1,0,0,0,1,1,1,0,1,0,1,0,1
Shelter Rescue,dog,Chihuahua Shorthair Mix,young,Brown,Friendly; Calm; Energetic; Playful; Affectionate,house_no_yard,high,experienced,0,1,0_3,Protective,0,0,1,0,0,1,0,1,0,1,1,0,0,0,1,0,0,1,0,0,0,0.0,0,0,0,0,0,0,0,0,1,1,1,1,0,1,0,1,0,1
*Kirby,dog,Catahoula Mix,adult,Brown,Friendly; Affectionate,house_no_yard,moderate,experienced,1,1,4_7,Calm,0,0,1,0,1,0,0,1,1,1,0,1,0,0,1,0,0,0,1,0,0,0.0,0,0,1,0,0,0,0,0,0,1,0,0,0,0,0,1,0,0
Hans,dog,Dachshund Mix,adult,Orange,Friendly; Calm; Affectionate,house_with_yard,moderate,experienced,0,1,4_7,Affectionate,0,1,0,0,1,0,0,1,0,1,0,1,0,0,1,0,0,0,1,0,0,0.57735,0,0,0,0,0,0,0,1,0,1,1,0,0,0,0,1,0,1
Snowflake,dog,Miniature Poodle/Dachshund,adult,White,Friendly; Calm; Playful; Affectionate,house_no_yard,relaxed,experienced,0,1,4_7,Calm,0,0,1,1,0,0,0,1,0,1,0,1,0,0,1,0,0,0,1,0,0,0.5,0,0,1,0,0,0,0,0,0,1,1,0,0,1,0,1,0,1
*Matilda,dog,German Shepherd Mix,kitten_puppy,White,Friendly; Energetic; Playful; Protective,house_with_yard,high,experienced,0,1,4_7,Calm,0,1,0,0,0,1,0,1,0,1,0,1,0,0,1,0,1,0,0,0,0,0.0,0,0,1,0,0,0,0,0,0,1,0,1,0,1,0,0,1,1
Daisy,cat,Domestic Medium Hair Mix,young,Black,Calm; Independent; Affectionate,house_with_yard,relaxed,first_time,0,0,0_3,Independent; Shy; Protective,0,1,0,1,0,0,1,0,0,0,1,0,0,0,0,1,0,1,0,0,0,0.333333,1,0,0,0,1,0,1,0,1,0,1,0,0,0,1,1,0,1
*Carlos,cat,Domestic Shorthair Mix,kitten_puppy,Black,Energetic; Playful; Affectionate,house_no_yard,relaxed,first_time,1,1,4_7,Shy; Protective,0,0,1,1,0,0,1,0,1,1,0,1,0,0,0,1,1,0,0,0,0,0.0,0,0,0,0,1,0,0,0,1,0,0,1,0,1,0,1,0,0
Peanut,cat,Domestic Shorthair Mix,adult,Orange,Calm; Independent; Affectionate,apartment,high,first_time,0,0,4_7,Calm,1,0,0,0,0,1,1,0,0,0,0,1,0,1,0,1,0,0,1,0,0,0.57735,0,0,1,0,0,0,0,0,0,0,1,0,0,0,1,1,0,1
Simba,dog,Chow Chow Mix,adult,Orange,Friendly; Affectionate,apartment,relaxed,first_time,1,1,0_3,Independent; Energetic; Friendly,1,0,0,1,0,0,1,0,1,1,1,0,0,1,1,0,0,0,1,0,0,0.408248,0,1,0,1,0,0,1,0,0,1,0,0,0,0,0,1,0,1
*Buffy,cat,Domestic Shorthair Mix,kitten_puppy,White,Energetic; Playful; Affectionate,house_with_yard,relaxed,experienced,0,1,0_3,Playful; Calm,0,1,0,1,0,0,0,1,0,1,1,0,0,0,0,1,1,0,0,0,0,0.408248,0,0,1,0,0,1,0,0,0,0,0,1,0,1,0,1,0,1
*Santos,dog,Blue Lacy/Weimaraner,young,White,Friendly; Energetic; Playful,house_no_yard,moderate,experienced,1,1,4_7,Calm; Friendly,0,0,1,0,1,0,0,1,1,1,0,1,0,1,1,0,0,1,0,0,0,0.408248,0,1,1,0,0,0,0,0,0,1,0,1,0,1,0,0,0,1
King,dog,German Shepherd Mix,young,Black,Friendly; Energetic; Playful; Protective,house_with_yard,relaxed,experienced,0,0,8_plus,Playful; Protective; Affectionate,0,1,0,1,0,0,0,1,0,0,0,0,1,0,1,0,0,1,0,0,0,0.57735,0,0,0,0,0,1,0,1,1,1,0,1,0,1,0,0,1,1
Shelter Rescue,dog,Jack Russell Terrier Mix,kitten_puppy,Tricolor,Friendly; Energetic; Playful,apartment,relaxed,first_time,0,0,4_7,Friendly; Protective; Affectionate,1,0,0,1,0,0,1,0,0,0,0,1,0,0,1,0,1,0,0,0,0,0.333333,0,1,0,0,0,0,0,1,1,1,0,1,0,1,0,0,0,0
*Eleanor,cat,Himalayan Mix,kitten_puppy,Tricolor,Energetic; Playful; Affectionate,house_no_yard,moderate,first_time,0,0,8_plus,Calm; Energetic,0,0,1,0,1,0,1,0,0,0,0,0,1,0,0,1,1,0,0,0,0,0.408248,0,0,1,1,0,0,0,0,0,0,0,1,0,1,0,1,0,0
*Werner,dog,Border Collie Mix,young,Gray,Friendly; Energetic; Playful,house_no_yard,relaxed,experienced,0,0,0_3,Energetic; Calm,0,0,1,1,0,0,0,1,0,0,1,0,0,0,1,0,0,1,0,0,0,0.408248,0,0,1,1,0,0,0,0,0,1,0,1,0,1,0,0,0,0
Raven,dog,Labrador Retriever Mix,young,Black,Friendly; Energetic; Playful; Affectionate,house_with_yard,relaxed,first_time,0,0,4_7,Energetic; Independent; Protective,0,1,0,1,0,0,1,0,0,0,0,1,0,1,1,0,0,1,0,0,0,0.288675,0,0,0,1,0,0,1,0,1,1,0,1,0,1,0,1,0,1
Thayer,dog,Pit Bull Mix,young,Black,Friendly; Energetic; Playful,house_with_yard,relaxed,first_time,1,0,4_7,Energetic; Affectionate,0,1,0,1,0,0,1,0,1,0,0,1,0,1,1,0,0,1,0,0,0,0.408248,0,0,0,1,0,0,0,1,0,1,0,1,0,1,0,0,0,1
Bonnie,cat,Domestic Shorthair Mix,adult,Tricolor,Calm; Independent; Affectionate,apartment,high,first_time,0,1,4_7,Energetic,1,0,0,0,0,1,1,0,0,1,0,1,0,0,0,1,0,0,1,0,0,0.0,0,0,0,1,0,0,0,0,0,0,1,0,0,0,1,1,0,1
Shelter Rescue,cat,Domestic Shorthair Mix,kitten_puppy,Tabby,Energetic; Playful; Affectionate,apartment,high,experienced,1,1,0_3,Calm; Shy,1,0,0,0,0,1,0,1,1,1,1,0,0,0,0,1,1,0,0,0,0,0.0,0,0,1,0,1,0,0,0,0,0,0,1,0,1,0,1,0,1
Pally,dog,German Shepherd Mix,kitten_puppy,White,Friendly; Energetic; Playful; Protective,house_with_yard,relaxed,experienced,1,1,8_plus,Shy; Protective,0,1,0,1,0,0,0,1,1,1,0,0,1,1,1,0,1,0,0,0,0,0.353553,1,0,0,0,1,0,0,0,1,1,0,1,0,1,0,0,1,1
Shelter Rescue,cat,Domestic Shorthair Mix,kitten_puppy,Tabby,Energetic; Playful; Affectionate,apartment,moderate,experienced,1,1,8_plus,Affectionate; Independent; Energetic,1,0,0,0,1,0,0,1,1,1,0,0,1,0,0,1,1,0,0,0,0,0.666667,0,0,0,1,0,0,1,1,0,0,0,1,0,1,0,1,0,1
*Ryker,dog,Pit Bull Mix,young,White,Friendly; Energetic; Playful,apartment,relaxed,experienced,0,1,0_3,Protective,1,0,0,1,0,0,0,1,0,1,1,0,0,0,1,0,0,1,0,0,0,0.0,1,0,0,0,0,0,0,0,1,1,0,1,0,1,0,0,0,0
*Brad,cat,Domestic Shorthair Mix,kitten_puppy,Tabby,Energetic; Playful; Affectionate,house_no_yard,relaxed,experienced,1,1,8_plus,Calm,0,0,1,1,0,0,0,1,1,1,0,0,1,0,0,1,1,0,0,0,0,0.0,0,0,1,0,0,0,0,0,0,0,0,1,0,1,0,1,0,0
*Fanny,dog,Border Collie/Labrador Retriever,kitten_puppy,Black,Friendly; Energetic; Playful; Affectionate,apartment,high,first_time,0,1,0_3,Shy; Playful,1,0,0,0,0,1,1,0,0,1,1,0,0,0,1,0,1,0,0,0,0,0.353553,1,0,0,0,1,1,0,0,0,1,0,1,0,1,0,1,0,1
Shelter Rescue,cat,Domestic Shorthair Mix,kitten_puppy,Tabby,Energetic; Playful; Affectionate,house_no_yard,high,first_time,0,1,4_7,Playful; Independent; Shy,0,0,1,0,0,1,1,0,0,1,0,1,0,0,0,1,1,0,0,0,0,0.333333,0,0,0,0,1,1,1,0,0,0,0,1,0,1,0,1,0,1
Shadow,dog,German Shepherd Mix,young,Brown,Friendly; Energetic; Playful; Protective,apartment,high,experienced,0,0,0_3,Playful; Shy; Protective,1,0,0,0,0,1,0,1,0,0,1,0,0,0,1,0,0,1,0,0,0,0.57735,0,0,0,0,1,1,0,0,1,1,0,1,0,1,0,0,1,0
Hudson,dog,Soft Coated Wheaten Terrier Mix,kitten_puppy,White,Friendly; Energetic; Playful,house_no_yard,relaxed,experienced,0,0,4_7,Protective,0,0,1,1,0,0,0,1,0,0,0,1,0,1,1,0,1,0,0,0,0,0.0,1,0,0,0,0,0,0,0,1,1,0,1,0,1,0,0,0,0
*Marco,dog,Labrador Retriever Mix,kitten_puppy,White,Friendly; Energetic; Playful; Affectionate,apartment,high,first_time,0,0,8_plus,Shy; Affectionate; Independent,1,0,0,0,0,1,1,0,0,0,0,0,1,0,1,0,1,0,0,0,0,0.288675,0,0,0,0,1,0,1,1,0,1,0,1,0,1,0,1,0,0
*Miller,cat,Domestic Shorthair Mix,kitten_puppy,White,Energetic; Playful; Affectionate,apartment,high,first_time,0,0,0_3,Affectionate; Playful,1,0,0,0,0,1,1,0,0,0,1,0,0,0,0,1,1,0,0,0,0,0.816497,0,0,0,0,0,1,0,1,0,0,0,1,0,1,0,1,0,1
*Nala,cat,Domestic Shorthair Mix,kitten_puppy,Tabby,Energetic; Playful; Affectionate,house_no_yard,high,first_time,1,0,0_3,Affectionate; Playful,0,0,1,0,0,1,1,0,1,0,1,0,0,0,0,1,1,0,0,0,0,0.816497,0,0,0,0,0,1,0,1,0,0,0,1,0,1,0,1,0,1
Chance,dog,American Bulldog Mix,adult,Black,Friendly; Energetic; Affectionate,house_no_yard,high,first_time,1,0,4_7,Calm,0,0,1,0,0,1,1,0,1,0,0,1,0,0,1,0,0,0,1,0,0,0.0,0,0,1,0,0,0,0,0,0,1,0,1,0,0,0,1,0,1
Charlie,dog,Miniature Schnauzer/Chihuahua Shorthair,adult,White,Friendly; Calm; Affectionate,house_with_yard,relaxed,experienced,1,1,0_3,Shy; Energetic,0,1,0,1,0,0,0,1,1,1,1,0,0,0,1,0,0,0,1,0,0,0.0,0,0,0,1,1,0,0,0,0,1,1,0,0,0,0,1,0,1
*Franz,dog,Miniature Schnauzer Mix,adult,Black,Friendly; Affectionate,house_with_yard,relaxed,first_time,0,0,4_7,Energetic; Affectionate; Shy,0,1,0,1,0,0,1,0,0,0,0,1,0,0,1,0,0,0,1,0,0,0.408248,0,0,0,1,1,0,0,1,0,1,0,0,0,0,0,1,0,0
Bailey,dog,Labrador Retriever/Pug,adult,Orange,Friendly; Calm; Playful; Affectionate,house_no_yard,relaxed,experienced,1,1,0_3,Energetic; Calm,0,0,1,1,0,0,0,1,1,1,1,0,0,0,1,0,0,0,1,0,0,0.353553,0,0,1,1,0,0,0,0,0,1,1,0,0,1,0,1,0,1
Shelter Rescue,cat,Domestic Shorthair Mix,kitten_puppy,White,Energetic; Playful; Affectionate,house_no_yard,moderate,first_time,0,0,4_7,Affectionate; Energetic; Playful,0,0,1,0,1,0,1,0,0,0,0,1,0,0,0,1,1,0,0,0,0,1.0,0,0,0,1,0,1,0,1,0,0,0,1,0,1,0,1,0,1
*Badger,cat,Domestic Shorthair Mix,kitten_puppy,Tabby,Energetic; Playful; Affectionate,house_no_yard,high,experienced,1,1,4_7,Independent,0,0,1,0,0,1,0,1,1,1,0,1,0,0,0,1,1,0,0,0,0,0.0,0,0,0,0,0,0,1,0,0,0,0,1,0,1,0,1,0,1
*Fradey,cat,Domestic Shorthair Mix,kitten_puppy,Black,Energetic; Playful; Affectionate,house_with_yard,moderate,first_time,1,1,0_3,Calm; Protective; Shy,0,1,0,0,1,0,1,0,1,1,1,0,0,0,0,1,1,0,0,0,0,0.0,0,0,1,0,1,0,0,0,1,0,0,1,0,1,0,1,0,1
*Ivy,dog,Pit Bull Mix,young,White,Friendly; Energetic; Playful,house_with_yard,relaxed,first_time,0,1,8_plus,Energetic,0,1,0,1,0,0,1,0,0,1,0,0,1,0,1,0,0,1,0,0,0,0.57735,0,0,0,1,0,0,0,0,0,1,0,1,0,1,0,0,0,1
*Gramps,dog,English Bulldog Mix,adult,White,Friendly; Energetic; Affectionate,house_with_yard,high,first_time,1,0,0_3,Protective,0,1,0,0,0,1,1,0,1,0,1,0,0,0,1,0,0,0,1,0,0,0.0,0,0,0,0,0,0,0,0,1,1,0,1,0,0,0,1,0,1
*Berry,dog,Labrador Retriever Mix,young,Black,Friendly; Energetic; Playful; Affectionate,house_with_yard,high,first_time,0,1,8_plus,Affectionate,0,1,0,0,0,1,1,0,0,1,0,0,1,0,1,0,0,1,0,0,0,0.5,0,0,0,0,0,0,0,1,0,1,0,1,0,1,0,1,0,1
Shelter Rescue,dog,Rottweiler Mix,kitten_puppy,Black,Friendly; Energetic; Playful,house_with_yard,moderate,experienced,0,1,8_plus,Calm; Shy; Energetic,0,1,0,0,1,0,0,1,0,1,0,0,1,0,1,0,1,0,0,0,0,0.333333,1,0,1,1,1,0,0,0,0,1,0,1,0,1,0,0,0,0
*Florence,cat,Domestic Shorthair Mix,kitten_puppy,Tabby,Energetic; Playful; Affectionate,apartment,relaxed,experienced,0,1,0_3,Independent,1,0,0,1,0,0,0,1,0,1,1,0,0,0,0,1,1,0,0,0,0,0.0,0,0,0,0,0,0,1,0,0,0,0,1,0,1,0,1,0,1
Tex,dog,Pit Bull Mix,young,Black,Friendly; Energetic; Playful,house_no_yard,moderate,first_time,0,0,4_7,Shy; Independent; Affectionate,0,0,1,0,1,0,1,0,0,0,0,1,0,0,1,0,0,1,0,0,0,0.0,1,0,0,0,1,0,1,1,0,1,0,1,0,1,0,0,0,0
Shelter Rescue,cat,Domestic Shorthair Mix,kitten_puppy,White,Energetic; Playful; Affectionate,apartment,high,experienced,1,1,0_3,Playful,1,0,0,0,0,1,0,1,1,1,1,0,0,0,0,1,1,0,0,0,0,0.57735,1,0,0,0,0,1,0,0,0,0,0,1,0,1,0,1,0,1
Shelter Rescue,cat,Domestic Shorthair Mix,kitten_puppy,White,Energetic; Playful; Affectionate,apartment,relaxed,experienced,1,0,0_3,Playful; Energetic; Affectionate,1,0,0,1,0,0,0,1,1,0,1,0,0,0,0,1,1,0,0,0,0,1.0,1,0,0,1,0,1,0,1,0,0,0,1,0,1,0,1,0,1
Shelter Rescue,dog,Pit Bull Mix,kitten_puppy,Gray,Friendly; Energetic; Playful,house_with_yard,moderate,first_time,1,0,0_3,Protective; Affectionate; Shy,0,1,0,0,1,0,1,0,1,0,1,0,0,0,1,0,1,0,0,0,0,0.0,1,0,0,0,1,0,0,1,1,1,0,1,0,1,0,0,0,1
Honey,dog,Australian Cattle Dog Mix,young,Brown,Friendly; Energetic; Playful,house_no_yard,moderate,experienced,0,0,4_7,Energetic,0,0,1,0,1,0,0,1,0,0,0,1,0,0,1,0,0,1,0,0,0,0.57735,0,0,0,1,0,0,0,0,0,1,0,1,0,1,0,0,0,0
Stella,cat,Domestic Medium Hair Mix,kitten_puppy,Tabby,Energetic; Playful; Affectionate,house_with_yard,moderate,first_time,1,1,8_plus,Shy,0,1,0,0,1,0,1,0,1,1,0,0,1,1,0,1,1,0,0,0,0,0.0,0,0,0,0,1,0,0,0,0,0,0,1,0,1,0,1,0,0
*Yeti,dog,Great Pyrenees Mix,adult,White,Friendly; Affectionate,house_no_yard,high,first_time,0,0,4_7,Affectionate,0,0,1,0,0,1,1,0,0,0,0,1,0,0,1,0,0,0,1,0,0,0.707107,1,0,0,0,0,0,0,1,0,1,0,0,0,0,0,1,0,1
Daisy,dog,Cairn Terrier Mix,adult,Brown,Friendly; Energetic; Affectionate,house_with_yard,high,experienced,0,1,8_plus,Calm,0,1,0,0,0,1,0,1,0,1,0,0,1,0,1,0,0,0,1,0,0,0.0,0,0,1,0,0,0,0,0,0,1,0,1,0,0,0,1,0,1
*Cora,cat,Domestic Shorthair Mix,kitten_puppy,Black,Energetic; Playful; Affectionate,house_no_yard,relaxed,experienced,1,1,0_3,Affectionate,0,0,1,1,0,0,0,1,1,1,1,0,0,0,0,1,1,0,0,0,0,0.57735,1,0,0,0,0,0,0,1,0,0,0,1,0,1,0,1,0,1
Shelter Rescue,dog,Lhasa Apso Mix,young,Black,Friendly; Energetic; Playful,house_no_yard,high,first_time,1,0,4_7,Protective,0,0,1,0,0,1,1,0,1,0,0,1,0,1,1,0,0,1,0,0,0,0.0,0,0,0,0,0,0,0,0,1,1,0,1,0,1,0,0,0,1
*Steve,dog,Cairn Terrier Mix,kitten_puppy,Brown,Friendly; Energetic; Playful,house_no_yard,high,first_time,0,0,8_plus,Playful,0,0,1,0,0,1,1,0,0,0,0,0,1,1,1,0,1,0,0,0,0,0.57735,0,0,0,0,0,1,0,0,0,1,0,1,0,1,0,0,0,1
Arya,dog,Staffordshire,young,Black,Friendly; Energetic; Playful,house_no_yard,high,experienced,1,0,0_3,Protective; Energetic; Affectionate,0,0,1,0,0,1,0,1,1,0,1,0,0,0,1,0,0,1,0,0,0,0.333333,0,0,0,1,0,0,0,1,1,1,0,1,0,1,0,0,0,1
*Harrison,dog,Pit Bull Mix,young,White,Friendly; Energetic; Playful,house_no_yard,high,first_time,1,1,4_7,Energetic,0,0,1,0,0,1,1,0,1,1,0,1,0,0,1,0,0,1,0,0,0,0.57735,1,0,0,1,0,0,0,0,0,1,0,1,0,1,0,0,0,1
Ryuk,dog,Pit Bull Mix,kitten_puppy,White,Friendly; Energetic; Playful,house_no_yard,moderate,experienced,1,0,4_7,Energetic; Affectionate,0,0,1,0,1,0,0,1,1,0,0,1,0,1,1,0,1,0,0,0,0,0.408248,1,0,0,1,0,0,0,1,0,1,0,1,0,1,0,0,0,1
Lincoln,dog,Pit Bull Mix,adult,White,Friendly; Energetic; Affectionate,house_with_yard,relaxed,experienced,0,1,0_3,Shy,0,1,0,1,0,0,0,1,0,1,1,0,0,1,1,0,0,0,1,0,0,0.0,0,0,0,0,1,0,0,0,0,1,0,1,0,0,0,1,0,1
Leo,cat,Domestic Shorthair Mix,senior,Orange,Calm; Independent,house_with_yard,high,experienced,0,0,0_3,Calm; Shy,0,1,0,0,0,1,0,1,0,0,1,0,0,0,0,1,0,0,0,1,0,0.5,1,0,1,0,1,0,0,0,0,0,1,0,0,0,1,0,0,1
*Casey,dog,Catahoula Mix,kitten_puppy,White,Friendly; Energetic; Playful,house_with_yard,moderate,first_time,1,0,0_3,Affectionate; Calm,0,1,0,0,1,0,1,0,1,0,1,0,0,0,1,0,1,0,0,0,0,0.0,0,0,1,0,0,0,0,1,0,1,0,1,0,1,0,0,0,1
Shelter Rescue,dog,Siberian Husky Mix,kitten_puppy,Orange,Friendly; Energetic; Playful,house_with_yard,moderate,experienced,0,1,8_plus,Calm; Protective; Shy,0,1,0,0,1,0,0,1,0,1,0,0,1,1,1,0,1,0,0,0,0,0.0,0,0,1,0,1,0,0,0,1,1,0,1,0,1,0,0,0,0
*Penelope,cat,Domestic Shorthair Mix,young,Orange,Calm; Independent; Affectionate,house_no_yard,high,first_time,0,0,8_plus,Playful; Calm; Energetic,0,0,1,0,0,1,1,0,0,0,0,0,1,1,0,1,0,1,0,0,0,0.333333,1,0,1,1,0,1,0,0,0,0,1,0,0,0,1,1,0,1
Maggie,dog,Pit Bull Mix,adult,White,Friendly; Energetic; Affectionate,apartment,high,experienced,0,1,8_plus,Playful; Friendly; Energetic,1,0,0,0,0,1,0,1,0,1,0,0,1,0,1,0,0,0,1,0,0,0.666667,0,1,0,1,0,1,0,0,0,1,0,1,0,0,0,1,0,1
Zuko,cat,Domestic Shorthair Mix,kitten_puppy,Orange,Energetic; Playful; Affectionate,house_with_yard,relaxed,first_time,0,0,0_3,Independent,0,1,0,1,0,0,1,0,0,0,1,0,0,0,0,1,1,0,0,0,0,0.0,0,0,0,0,0,0,1,0,0,0,0,1,0,1,0,1,0,1
*Farley,dog,Catahoula Mix,young,Gray,Friendly; Energetic; Playful,house_no_yard,high,experienced,1,1,8_plus,Playful; Calm; Affectionate,0,0,1,0,0,1,0,1,1,1,0,0,1,0,1,0,0,1,0,0,0,0.333333,0,0,1,0,0,1,0,1,0,1,0,1,0,1,0,0,0,1
*Will,cat,Domestic Medium Hair Mix,kitten_puppy,Gray,Energetic; Playful; Affectionate,apartment,moderate,first_time,0,1,8_plus,Playful,1,0,0,0,1,0,1,0,0,1,0,0,1,0,0,1,1,0,0,0,0,0.57735,0,0,0,0,0,1,0,0,0,0,0,1,0,1,0,1,0,1
*Golden,cat,Domestic Longhair Mix,kitten_puppy,Tabby,Energetic; Playful; Affectionate,apartment,high,first_time,0,1,8_plus,Protective; Affectionate; Energetic,1,0,0,0,0,1,1,0,0,1,0,0,1,1,0,1,1,0,0,0,0,0.666667,0,0,0,1,0,0,0,1,1,0,0,1,0,1,0,1,0,1
Baby,cat,Domestic Shorthair Mix,adult,Tricolor,Calm; Independent; Affectionate,house_no_yard,high,first_time,0,0,0_3,Energetic; Independent; Friendly,0,0,1,0,0,1,1,0,0,0,1,0,0,0,0,1,0,0,1,0,0,0.333333,0,1,0,1,0,0,1,0,0,0,1,0,0,0,1,1,0,1
Wolfie,dog,German Shepherd Mix,kitten_puppy,Black,Friendly; Energetic; Playful; Protective,house_with_yard,moderate,experienced,1,0,4_7,Shy; Independent; Playful,0,1,0,0,1,0,0,1,1,0,0,1,0,1,1,0,1,0,0,0,0,0.288675,0,0,0,0,1,1,1,0,0,1,0,1,0,1,0,0,1,1
Shelter Rescue,dog,Labrador Retriever/Pit Bull,kitten_puppy,White,Friendly; Energetic; Playful; Affectionate,house_with_yard,moderate,experienced,0,0,4_7,Calm; Friendly; Protective,0,1,0,0,1,0,0,1,0,0,0,1,0,0,1,0,1,0,0,0,0,0.288675,0,1,1,0,0,0,0,0,1,1,0,1,0,1,0,1,0,1
*Lupe,dog,Pit Bull Mix,young,White,Friendly; Energetic; Playful,house_with_yard,high,first_time,0,0,0_3,Affectionate,0,1,0,0,0,1,1,0,0,0,1,0,0,0,1,0,0,1,0,0,0,0.0,1,0,0,0,0,0,0,1,0,1,0,1,0,1,0,0,0,1
Violet,dog,Labrador Retriever Mix,kitten_puppy,Black,Friendly; Energetic; Playful; Affectionate,house_no_yard,relaxed,experienced,0,0,8_plus,Calm; Independent; Affectionate,0,0,1,1,0,0,0,1,0,0,0,0,1,0,1,0,1,0,0,0,0,0.288675,0,0,1,0,0,0,1,1,0,1,0,1,0,1,0,1,0,0
*Jaxon,dog,Beagle Mix,adult,White,Friendly; Playful; Affectionate,house_no_yard,high,experienced,1,0,8_plus,Independent,0,0,1,0,0,1,0,1,1,0,0,0,1,0,1,0,0,0,1,0,0,0.0,0,0,0,0,0,0,1,0,0,1,0,0,0,1,0,1,0,1
Zoey,dog,Chihuahua Shorthair Mix,young,Brown,Friendly; Calm; Energetic; Playful; Affectionate,apartment,moderate,first_time,0,1,4_7,Playful,1,0,0,0,1,0,1,0,0,1,0,1,0,0,1,0,0,1,0,0,0,0.447214,0,0,0,0,0,1,0,0,0,1,1,1,0,1,0,1,0,1
Pink,dog,Chihuahua Shorthair Mix,kitten_puppy,Brown,Friendly; Calm; Energetic; Playful; Affectionate,apartment,moderate,experienced,1,1,8_plus,Friendly; Shy; Energetic,1,0,0,0,1,0,0,1,1,1,0,0,1,0,1,0,1,0,0,0,0,0.516398,0,1,0,1,1,0,0,0,0,1,1,1,0,1,0,1,0,1
Max,dog,Pit Bull/German Shepherd,young,Brown,Friendly; Energetic; Playful; Protective,house_no_yard,moderate,experienced,1,0,0_3,Protective; Playful,0,0,1,0,1,0,0,1,1,0,1,0,0,1,1,0,0,1,0,0,0,0.707107,0,0,0,0,0,1,0,0,1,1,0,1,0,1,0,0,1,1
*Austen,cat,Domestic Shorthair Mix,kitten_puppy,Black,Energetic; Playful; Affectionate,house_no_yard,high,experienced,1,0,8_plus,Playful; Friendly,0,0,1,0,0,1,0,1,1,0,0,0,1,1,0,1,1,0,0,0,0,0.408248,1,1,0,0,0,1,0,0,0,0,0,1,0,1,0,1,0,0
*Venus,cat,Domestic Shorthair Mix,kitten_puppy,Black,Energetic; Playful; Affectionate,apartment,high,experienced,1,0,8_plus,Shy,1,0,0,0,0,1,0,1,1,0,0,0,1,0,0,1,1,0,0,0,0,0.0,0,0,0,0,1,0,0,0,0,0,0,1,0,1,0,1,0,0
*Bingley,cat,Domestic Shorthair Mix,kitten_puppy,Orange,Energetic; Playful; Affectionate,apartment,moderate,first_time,1,1,0_3,Affectionate,1,0,0,0,1,0,1,0,1,1,1,0,0,0,0,1,1,0,0,0,0,0.57735,1,0,0,0,0,0,0,1,0,0,0,1,0,1,0,1,0,1
*Duke,dog,Pit Bull Mix,kitten_puppy,White,Friendly; Energetic; Playful,house_no_yard,moderate,first_time,1,0,4_7,Friendly,0,0,1,0,1,0,1,0,1,0,0,1,0,0,1,0,1,0,0,0,0,0.57735,0,1,0,0,0,0,0,0,0,1,0,1,0,1,0,0,0,1
*Boogie,dog,Chihuahua Shorthair Mix,kitten_puppy,White,Friendly; Calm; Energetic; Playful; Affectionate,apartment,moderate,experienced,1,0,8_plus,Playful,1,0,0,0,1,0,0,1,1,0,0,0,1,1,1,0,1,0,0,0,0,0.447214,0,0,0,0,0,1,0,0,0,1,1,1,0,1,0,1,0,1
*Noble,dog,Pit Bull Mix,adult,Black,Friendly; Energetic; Affectionate,apartment,high,experienced,0,1,4_7,Affectionate; Calm,1,0,0,0,0,1,0,1,0,1,0,1,0,0,1,0,0,0,1,0,0,0.408248,0,0,1,0,0,0,0,1,0,1,0,1,0,0,0,1,0,0
Caroline,cat,Domestic Shorthair Mix,young,Tabby,Calm; Independent; Affectionate,house_with_yard,high,experienced,0,1,4_7,Protective; Playful,0,1,0,0,0,1,0,1,0,1,0,1,0,0,0,1,0,1,0,0,0,0.0,0,0,0,0,0,1,0,0,1,0,1,0,0,0,1,1,0,0
Batman,dog,Chihuahua Shorthair Mix,young,Black,Friendly; Calm; Energetic; Playful; Affectionate,house_no_yard,moderate,experienced,1,0,8_plus,Affectionate; Shy,0,0,1,0,1,0,0,1,1,0,0,0,1,1,1,0,0,1,0,0,0,0.316228,1,0,0,0,1,0,0,1,0,1,1,1,0,1,0,1,0,1
Dexter,dog,Basset Hound Mix,kitten_puppy,Tricolor,Friendly; Energetic; Playful,house_with_yard,high,experienced,0,1,8_plus,Friendly,0,1,0,0,0,1,0,1,0,1,0,0,1,1,1,0,1,0,0,0,0,0.57735,0,1,0,0,0,0,0,0,0,1,0,1,0,1,0,0,0,1
*Jalapeno,cat,Domestic Shorthair Mix,kitten_puppy,Orange,Energetic; Playful; Affectionate,apartment,moderate,first_time,1,0,8_plus,Calm,1,0,0,0,1,0,1,0,1,0,0,0,1,0,0,1,1,0,0,0,0,0.0,0,0,1,0,0,0,0,0,0,0,0,1,0,1,0,1,0,0
Tux,dog,Pit Bull Mix,young,Black,Friendly; Energetic; Playful,house_with_yard,relaxed,first_time,0,1,4_7,Shy,0,1,0,1,0,0,1,0,0,1,0,1,0,0,1,0,0,1,0,0,0,0.0,0,0,0,0,1,0,0,0,0,1,0,1,0,1,0,0,0,1
*Dewey,cat,Domestic Shorthair Mix,kitten_puppy,Orange,Energetic; Playful; Affectionate,apartment,moderate,first_time,0,0,4_7,Protective; Playful; Energetic,1,0,0,0,1,0,1,0,0,0,0,1,0,0,0,1,1,0,0,0,0,0.666667,0,0,0,1,0,1,0,0,1,0,0,1,0,1,0,1,0,1
*Willa,dog,Labrador Retriever Mix,adult,Brown,Friendly; Playful; Affectionate,house_no_yard,moderate,first_time,1,0,0_3,Protective; Energetic; Playful,0,0,1,0,1,0,1,0,1,0,1,0,0,0,1,0,0,0,1,0,0,0.333333,0,0,0,1,0,1,0,0,1,1,0,0,0,1,0,1,0,1
Goliath,cat,Domestic Shorthair Mix,adult,White,Calm; Independent; Affectionate,apartment,moderate,first_time,1,1,0_3,Affectionate,1,0,0,0,1,0,1,0,1,1,1,0,0,1,0,1,0,0,1,0,0,0.57735,0,0,0,0,0,0,0,1,0,0,1,0,0,0,1,1,0,1
*Adam,cat,Domestic Shorthair Mix,kitten_puppy,Tabby,Energetic; Playful; Affectionate,house_with_yard,relaxed,experienced,1,1,4_7,Energetic; Friendly,0,1,0,1,0,0,0,1,1,1,0,1,0,0,0,1,1,0,0,0,0,0.408248,0,1,0,1,0,0,0,0,0,0,0,1,0,1,0,1,0,1
Cinnamon,cat,Domestic Shorthair Mix,adult,Tricolor,Calm; Independent; Affectionate,house_with_yard,relaxed,experienced,0,0,8_plus,Affectionate; Protective,0,1,0,1,0,0,0,1,0,0,0,0,1,0,0,1,0,0,1,0,0,0.408248,0,0,0,0,0,0,0,1,1,0,1,0,0,0,1,1,0,1
Shelter Rescue,cat,Domestic Shorthair Mix,kitten_puppy,Tabby,Energetic; Playful; Affectionate,apartment,high,experienced,0,0,0_3,Energetic; Affectionate,1,0,0,0,0,1,0,1,0,0,1,0,0,1,0,1,1,0,0,0,0,0.816497,0,0,0,1,0,0,0,1,0,0,0,1,0,1,0,1,0,1
Cookie,cat,Domestic Medium Hair Mix,young,Tricolor,Calm; Independent; Affectionate,house_with_yard,relaxed,first_time,0,1,4_7,Friendly; Independent,0,1,0,1,0,0,1,0,0,1,0,1,0,0,0,1,0,1,0,0,0,0.408248,1,1,0,0,0,0,1,0,0,0,1,0,0,0,1,1,0,1
*Taco,cat,Domestic Shorthair Mix,kitten_puppy,Tabby,Energetic; Playful; Affectionate,apartment,relaxed,experienced,0,0,8_plus,Friendly; Affectionate; Protective,1,0,0,1,0,0,0,1,0,0,0,0,1,0,0,1,1,0,0,0,0,0.333333,0,1,0,0,0,0,0,1,1,0,0,1,0,1,0,1,0,0
Kiki,cat,Domestic Shorthair Mix,kitten_puppy,Tabby,Energetic; Playful; Affectionate,house_no_yard,high,experienced,1,0,4_7,Shy; Protective; Energetic,0,0,1,0,0,1,0,1,1,0,0,1,0,0,0,1,1,0,0,0,0,0.333333,0,0,0,1,1,0,0,0,1,0,0,1,0,1,0,1,0,1
Shelter Rescue,cat,Domestic Shorthair Mix,kitten_puppy,White,Energetic; Playful; Affectionate,house_no_yard,moderate,first_time,1,0,0_3,Affectionate; Independent,0,0,1,0,1,0,1,0,1,0,1,0,0,0,0,1,1,0,0,0,0,0.408248,0,0,0,0,0,0,1,1,0,0,0,1,0,1,0,1,0,1
Cookie,dog,Podengo Pequeno Mix,adult,Black,Friendly; Affectionate,apartment,high,first_time,0,0,8_plus,Independent; Affectionate; Energetic,1,0,0,0,0,1,1,0,0,0,0,0,1,0,1,0,0,0,1,0,0,0.408248,0,0,0,1,0,0,1,1,0,1,0,0,0,0,0,1,0,0
Dosha,dog,Boxer Mix,kitten_puppy,Brown,Friendly; Energetic; Playful,apartment,relaxed,experienced,0,0,4_7,Shy; Affectionate,1,0,0,1,0,0,0,1,0,0,0,1,0,0,1,0,1,0,0,0,0,0.0,0,0,0,0,1,0,0,1,0,1,0,1,0,1,0,0,0,0
*Gaston,cat,Domestic Shorthair Mix,adult,Tabby,Calm; Independent; Affectionate,house_with_yard,high,first_time,1,0,4_7,Independent,0,1,0,0,0,1,1,0,1,0,0,1,0,0,0,1,0,0,1,0,0,0.57735,0,0,0,0,0,0,1,0,0,0,1,0,0,0,1,1,0,1
Max,dog,Wire Hair Fox Terrier Mix,kitten_puppy,Black,Friendly; Energetic; Playful,house_no_yard,relaxed,first_time,0,0,4_7,Energetic; Protective; Friendly,0,0,1,1,0,0,1,0,0,0,0,1,0,0,1,0,1,0,0,0,0,0.666667,1,1,0,1,0,0,0,0,1,1,0,1,0,1,0,0,0,1
Fynn,dog,Golden Retriever/Pembroke Welsh Corgi,adult,Brown,Friendly; Playful; Affectionate,house_with_yard,high,first_time,1,0,8_plus,Calm; Playful; Friendly,0,1,0,0,0,1,1,0,1,0,0,0,1,0,1,0,0,0,1,0,0,0.666667,0,1,1,0,0,1,0,0,0,1,0,0,0,1,0,1,0,1
*Dalton,dog,Pit Bull Mix,young,White,Friendly; Energetic; Playful,apartment,relaxed,first_time,0,0,0_3,Protective; Playful,1,0,0,1,0,0,1,0,0,0,1,0,0,0,1,0,0,1,0,0,0,0.408248,0,0,0,0,0,1,0,0,1,1,0,1,0,1,0,0,0,0
Penny,dog,Chihuahua Shorthair Mix,young,White,Friendly; Calm; Energetic; Playful; Affectionate,house_with_yard,relaxed,experienced,0,1,0_3,Friendly; Protective; Calm,0,1,0,1,0,0,0,1,0,1,1,0,0,0,1,0,0,1,0,0,0,0.516398,1,1,1,0,0,0,0,0,1,1,1,1,0,1,0,1,0,1
*Katerina,cat,Domestic Shorthair Mix,kitten_puppy,Black,Energetic; Playful; Affectionate,house_with_yard,relaxed,experienced,1,0,8_plus,Friendly,0,1,0,1,0,0,0,1,1,0,0,0,1,0,0,1,1,0,0,0,0,0.0,1,1,0,0,0,0,0,0,0,0,0,1,0,1,0,1,0,0
Bailey,dog,Manchester Terrier Mix,kitten_puppy,Black,Friendly; Energetic; Playful,house_no_yard,high,experienced,1,0,0_3,Affectionate; Protective,0,0,1,0,0,1,0,1,1,0,1,0,0,0,1,0,1,0,0,0,0,0.0,0,0,0,0,0,0,0,1,1,1,0,1,0,1,0,0,0,1
Shelter Rescue,dog,Miniature Schnauzer/Yorkshire Terrier,young,Gray,Friendly; Energetic; Playful,house_with_yard,high,experienced,0,0,0_3,Playful,0,1,0,0,0,1,0,1,0,0,1,0,0,0,1,0,0,1,0,0,0,0.57735,1,0,0,0,0,1,0,0,0,1,0,1,0,1,0,0,0,1
Lilith,cat,Domestic Shorthair Mix,kitten_puppy,Black,Energetic; Playful; Affectionate,apartment,moderate,experienced,0,1,4_7,Affectionate,1,0,0,0,1,0,0,1,0,1,0,1,0,0,0,1,1,0,0,0,0,0.57735,0,0,0,0,0,0,0,1,0,0,0,1,0,1,0,1,0,1
*Kinzy,dog,Anatol Shepherd Mix,kitten_puppy,White,Friendly; Energetic; Playful; Protective,house_with_yard,moderate,experienced,1,1,0_3,Energetic; Independent; Protective,0,1,0,0,1,0,0,1,1,1,1,0,0,0,1,0,1,0,0,0,0,0.57735,0,0,0,1,0,0,1,0,1,1,0,1,0,1,0,0,1,1
*Squid,cat,Domestic Shorthair Mix,young,Orange,Calm; Independent; Affectionate,house_no_yard,high,first_time,0,0,4_7,Affectionate; Independent,0,0,1,0,0,1,1,0,0,0,0,1,0,0,0,1,0,1,0,0,0,0.816497,0,0,0,0,0,0,1,1,0,0,1,0,0,0,1,1,0,1
*Sally,cat,Domestic Medium Hair,kitten_puppy,Black,Energetic; Playful; Affectionate,house_with_yard,high,first_time,0,0,0_3,Calm,0,1,0,0,0,1,1,0,0,0,1,0,0,0,0,1,1,0,0,0,0,0.0,0,0,1,0,0,0,0,0,0,0,0,1,0,1,0,1,0,1
Rose,cat,Domestic Shorthair Mix,kitten_puppy,Tabby,Energetic; Playful; Affectionate,house_with_yard,moderate,experienced,0,0,4_7,Independent; Shy; Energetic,0,1,0,0,1,0,0,1,0,0,0,1,0,0,0,1,1,0,0,0,0,0.333333,1,0,0,1,1,0,1,0,0,0,0,1,0,1,0,1,0,1
Lola,dog,Miniature Schnauzer Mix,young,Brown,Friendly; Energetic; Playful,apartment,high,experienced,0,1,8_plus,Independent; Protective; Friendly,1,0,0,0,0,1,0,1,0,1,0,0,1,0,1,0,0,1,0,0,0,0.333333,0,1,0,0,0,0,1,0,1,1,0,1,0,1,0,0,0,0
*Acher,cat,Snowshoe Mix,kitten_puppy,Brown,Energetic; Playful; Affectionate,apartment,moderate,first_time,0,1,4_7,Affectionate,1,0,0,0,1,0,1,0,0,1,0,1,0,0,0,1,1,0,0,0,0,0.57735,0,0,0,0,0,0,0,1,0,0,0,1,0,1,0,1,0,1
Clara,dog,Chihuahua Shorthair Mix,adult,White,Friendly; Calm; Affectionate,house_with_yard,relaxed,experienced,1,0,8_plus,Affectionate; Playful; Shy,0,1,0,1,0,0,0,1,1,0,0,0,1,0,1,0,0,0,1,0,0,0.333333,0,0,0,0,1,1,0,1,0,1,1,0,0,0,0,1,0,1
*Quetza,dog,Chihuahua Shorthair Mix,kitten_puppy,Black,Friendly; Calm; Energetic; Playful; Affectionate,house_with_yard,high,first_time,0,0,8_plus,Playful; Energetic; Independent,0,1,0,0,0,1,1,0,0,0,0,0,1,0,1,0,1,0,0,0,0,0.516398,0,0,0,1,0,1,1,0,0,1,1,1,0,1,0,1,0,1
*Pebbles,dog,Manchester Terrier Mix,adult,Tricolor,Friendly; Energetic; Affectionate,house_no_yard,moderate,first_time,1,1,8_plus,Calm; Friendly; Affectionate,0,0,1,0,1,0,1,0,1,1,0,0,1,0,1,0,0,0,1,0,0,0.666667,0,1,1,0,0,0,0,1,0,1,0,1,0,0,0,1,0,1
Shelter Rescue,dog,Chihuahua Shorthair Mix,kitten_puppy,Black,Friendly; Calm; Energetic; Playful; Affectionate,apartment,moderate,experienced,1,1,4_7,Shy; Friendly,1,0,0,0,1,0,0,1,1,1,0,1,0,0,1,0,1,0,0,0,0,0.316228,0,1,0,0,1,0,0,0,0,1,1,1,0,1,0,1,0,1
*Stanley,cat,Domestic Medium Hair Mix,kitten_puppy,Black,Energetic; Playful; Affectionate,apartment,high,experienced,0,0,4_7,Affectionate; Independent; Calm,1,0,0,0,0,1,0,1,0,0,0,1,0,0,0,1,1,0,0,0,0,0.333333,0,0,1,0,0,0,1,1,0,0,0,1,0,1,0,1,0,1
*Feather,dog,Basenji Mix,young,Brown,Friendly; Energetic; Playful,house_with_yard,high,experienced,0,0,8_plus,Protective,0,1,0,0,0,1,0,1,0,0,0,0,1,0,1,0,0,1,0,0,0,0.0,0,0,0,0,0,0,0,0,1,1,0,1,0,1,0,0,0,1
Rocky,dog,Plott Hound Mix,young,Brown,Friendly; Energetic; Playful,house_with_yard,relaxed,first_time,0,1,8_plus,Energetic,0,1,0,1,0,0,1,0,0,1,0,0,1,0,1,0,0,1,0,0,0,0.57735,0,0,0,1,0,0,0,0,0,1,0,1,0,1,0,0,0,1
*Perdita,dog,Labrador Retriever Mix,kitten_puppy,Black,Friendly; Energetic; Playful; Affectionate,house_with_yard,relaxed,experienced,1,0,0_3,Calm; Shy; Independent,0,1,0,1,0,0,0,1,1,0,1,0,0,0,1,0,1,0,0,0,0,0.0,0,0,1,0,1,0,1,0,0,1,0,1,0,1,0,1,0,1
*Angie,dog,Labrador Retriever Mix,adult,Black,Friendly; Playful; Affectionate,house_with_yard,high,experienced,1,0,8_plus,Playful,0,1,0,0,0,1,0,1,1,0,0,0,1,0,1,0,0,0,1,0,0,0.57735,1,0,0,0,0,1,0,0,0,1,0,0,0,1,0,1,0,1
*Scrappy,dog,Miniature Schnauzer Mix,kitten_puppy,Black,Friendly; Energetic; Playful,house_no_yard,high,first_time,1,1,8_plus,Affectionate,0,0,1,0,0,1,1,0,1,1,0,0,1,0,1,0,1,0,0,0,0,0.0,1,0,0,0,0,0,0,1,0,1,0,1,0,1,0,0,0,1
Shelter Rescue,dog,Pit Bull Mix,kitten_puppy,Brown,Friendly; Energetic; Playful,apartment,high,first_time,0,0,0_3,Affectionate,1,0,0,0,0,1,1,0,0,0,1,0,0,0,1,0,1,0,0,0,0,0.0,1,0,0,0,0,0,0,1,0,1,0,1,0,1,0,0,0,1
Soot,cat,Domestic Longhair Mix,kitten_puppy,Black,Energetic; Playful; Affectionate,apartment,relaxed,experienced,1,1,0_3,Calm,1,0,0,1,0,0,0,1,1,1,1,0,0,1,0,1,1,0,0,0,0,0.0,0,0,1,0,0,0,0,0,0,0,0,1,0,1,0,1,0,1
*Bongo,dog,Border Collie Mix,young,Black,Friendly; Energetic; Playful,house_no_yard,moderate,experienced,1,0,8_plus,Protective,0,0,1,0,1,0,0,1,1,0,0,0,1,0,1,0,0,1,0,0,0,0.0,0,0,0,0,0,0,0,0,1,1,0,1,0,1,0,0,0,0
Blackie Boy,cat,Domestic Shorthair Mix,young,Black,Calm; Independent; Affectionate,house_no_yard,high,experienced,0,0,0_3,Protective; Friendly; Calm,0,0,1,0,0,1,0,1,0,0,1,0,0,1,0,1,0,1,0,0,0,0.333333,1,1,1,0,0,0,0,0,1,0,1,0,0,0,1,1,0,1
*Tina,cat,Domestic Shorthair Mix,kitten_puppy,Tabby,Energetic; Playful; Affectionate,apartment,relaxed,experienced,0,0,0_3,Calm; Shy; Independent,1,0,0,1,0,0,0,1,0,0,1,0,0,0,0,1,1,0,0,0,0,0.0,0,0,1,0,1,0,1,0,0,0,0,1,0,1,0,1,0,1
*Selina,cat,Domestic Shorthair Mix,kitten_puppy,Black,Energetic; Playful; Affectionate,apartment,relaxed,experienced,0,0,0_3,Friendly,1,0,0,1,0,0,0,1,0,0,1,0,0,0,0,1,1,0,0,0,0,0.0,0,1,0,0,0,0,0,0,0,0,0,1,0,1,0,1,0,1
Cassius,dog,Pit Bull Mix,kitten_puppy,White,Friendly; Energetic; Playful,house_with_yard,high,experienced,1,0,8_plus,Protective; Affectionate,0,1,0,0,0,1,0,1,1,0,0,0,1,1,1,0,1,0,0,0,0,0.0,1,0,0,0,0,0,0,1,1,1,0,1,0,1,0,0,0,1
Shelter Rescue,dog,Jack Russell Terrier/Australian Cattle Dog,kitten_puppy,White,Friendly; Energetic; Playful,house_no_yard,high,first_time,1,0,8_plus,Independent; Protective; Friendly,0,0,1,0,0,1,1,0,1,0,0,0,1,1,1,0,1,0,0,0,0,0.333333,0,1,0,0,0,0,1,0,1,1,0,1,0,1,0,0,0,1
*Chuck,dog,Black Mouth Cur Mix,kitten_puppy,Black,Friendly; Energetic; Playful,house_no_yard,high,first_time,1,0,4_7,Shy; Independent,0,0,1,0,0,1,1,0,1,0,0,1,0,0,1,0,1,0,0,0,0,0.0,1,0,0,0,1,0,1,0,0,1,0,1,0,1,0,0,0,1
*Norm,dog,Pit Bull Mix,adult,White,Friendly; Energetic; Affectionate,apartment,relaxed,experienced,0,0,8_plus,Independent; Energetic; Shy,1,0,0,1,0,0,0,1,0,0,0,0,1,1,1,0,0,0,1,0,0,0.333333,1,0,0,1,1,0,1,0,0,1,0,1,0,0,0,1,0,0
*Rosie,dog,Labrador Retriever Mix,kitten_puppy,Black,Friendly; Energetic; Playful; Affectionate,house_no_yard,high,first_time,0,1,8_plus,Protective; Shy; Calm,0,0,1,0,0,1,1,0,0,1,0,0,1,0,1,0,1,0,0,0,0,0.0,0,0,1,0,1,0,0,0,1,1,0,1,0,1,0,1,0,0
Shelter Rescue,cat,Siamese Mix,kitten_puppy,Brown,Energetic; Playful; Affectionate,house_no_yard,high,experienced,0,1,4_7,Affectionate,0,0,1,0,0,1,0,1,0,1,0,1,0,0,0,1,1,0,0,0,0,0.57735,1,0,0,0,0,0,0,1,0,0,0,1,0,1,0,1,0,1
*Latte,dog,Black Mouth Cur/Staffordshire,adult,Brown,Friendly; Affectionate,apartment,high,first_time,1,1,4_7,Protective; Friendly,1,0,0,0,0,1,1,0,1,1,0,1,0,1,1,0,0,0,1,0,0,0.5,0,1,0,0,0,0,0,0,1,1,0,0,0,0,0,1,0,1
Shelter Rescue,dog,Cairn Terrier Mix,young,Black,Friendly; Energetic; Playful,apartment,relaxed,experienced,0,1,8_plus,Independent; Affectionate,1,0,0,1,0,0,0,1,0,1,0,0,1,0,1,0,0,1,0,0,0,0.0,0,0,0,0,0,0,1,1,0,1,0,1,0,1,0,0,0,0
*Rajesh,cat,Domestic Shorthair Mix,kitten_puppy,Black,Energetic; Playful; Affectionate,house_no_yard,moderate,first_time,0,1,4_7,Playful; Friendly; Shy,0,0,1,0,1,0,1,0,0,1,0,1,0,0,0,1,1,0,0,0,0,0.333333,0,1,0,0,1,1,0,0,0,0,0,1,0,1,0,1,0,0
Shelter Rescue,dog,Labrador Retriever Mix,kitten_puppy,Black,Friendly; Energetic; Playful; Affectionate,house_no_yard,moderate,first_time,0,0,0_3,Affectionate; Energetic,0,0,1,0,1,0,1,0,0,0,1,0,0,0,1,0,1,0,0,0,0,0.707107,0,0,0,1,0,0,0,1,0,1,0,1,0,1,0,1,0,1
*Daisy,cat,Domestic Shorthair Mix,kitten_puppy,Gray,Energetic; Playful; Affectionate,house_no_yard,moderate,experienced,0,0,0_3,Friendly; Independent; Shy,0,0,1,0,1,0,0,1,0,0,1,0,0,0,0,1,1,0,0,0,0,0.0,1,1,0,0,1,0,1,0,0,0,0,1,0,1,0,1,0,0
Baboo,cat,Domestic Shorthair Mix,adult,White,Calm; Independent; Affectionate,house_no_yard,high,first_time,0,1,4_7,Friendly; Playful; Independent,0,0,1,0,0,1,1,0,0,1,0,1,0,0,0,1,0,0,1,0,0,0.333333,0,1,0,0,0,1,1,0,0,0,1,0,0,0,1,1,0,0
*Juleeta,cat,Domestic Shorthair Mix,kitten_puppy,Tricolor,Energetic; Playful; Affectionate,house_no_yard,high,experienced,0,0,8_plus,Calm,0,0,1,0,0,1,0,1,0,0,0,0,1,0,0,1,1,0,0,0,0,0.0,0,0,1,0,0,0,0,0,0,0,0,1,0,1,0,1,0,0
Bleu,dog,Labrador Retriever/Border Collie,young,White,Friendly; Energetic; Playful; Affectionate,house_no_yard,high,first_time,0,1,4_7,Energetic; Playful; Affectionate,0,0,1,0,0,1,1,0,0,1,0,1,0,0,1,0,0,1,0,0,0,0.866025,0,0,0,1,0,1,0,1,0,1,0,1,0,1,0,1,0,1
*Lolly,dog,Pit Bull Mix,young,Black,Friendly; Energetic; Playful,house_with_yard,high,experienced,0,1,8_plus,Energetic; Independent; Affectionate,0,1,0,0,0,1,0,1,0,1,0,0,1,0,1,0,0,1,0,0,0,0.333333,1,0,0,1,0,0,1,1,0,1,0,1,0,1,0,0,0,1
Bosco,dog,Chihuahua Shorthair Mix,young,White,Friendly; Calm; Energetic; Playful; Affectionate,apartment,moderate,experienced,0,1,8_plus,Independent,1,0,0,0,1,0,0,1,0,1,0,0,1,0,1,0,0,1,0,0,0,0.0,1,0,0,0,0,0,1,0,0,1,1,1,0,1,0,1,0,1
*Trooper,dog,Labrador Retriever Mix,adult,Black,Friendly; Playful; Affectionate,house_with_yard,high,experienced,0,0,0_3,Affectionate,0,1,0,0,0,1,0,1,0,0,1,0,0,1,1,0,0,0,1,0,0,0.57735,0,0,0,0,0,0,0,1,0,1,0,0,0,1,0,1,0,1
*Tina,dog,Labrador Retriever Mix,kitten_puppy,Black,Friendly; Energetic; Playful; Affectionate,house_no_yard,relaxed,first_time,0,0,8_plus,Playful; Energetic,0,0,1,1,0,0,1,0,0,0,0,0,1,0,1,0,1,0,0,0,0,0.707107,1,0,0,1,0,1,0,0,0,1,0,1,0,1,0,1,0,0
*Olivia,cat,Domestic Medium Hair Mix,kitten_puppy,Tricolor,Energetic; Playful; Affectionate,apartment,relaxed,first_time,0,0,4_7,Calm; Playful; Affectionate,1,0,0,1,0,0,1,0,0,0,0,1,0,0,0,1,1,0,0,0,0,0.666667,1,0,1,0,0,1,0,1,0,0,0,1,0,1,0,1,0,1
*Amigo,dog,Pit Bull Mix,young,White,Friendly; Energetic; Playful,apartment,high,first_time,1,0,4_7,Playful; Friendly; Protective,1,0,0,0,0,1,1,0,1,0,0,1,0,0,1,0,0,1,0,0,0,0.666667,0,1,0,0,0,1,0,0,1,1,0,1,0,1,0,0,0,1
*Ghost,cat,Domestic Shorthair Mix,kitten_puppy,White,Energetic; Playful; Affectionate,house_with_yard,high,first_time,0,1,8_plus,Energetic; Calm; Shy,0,1,0,0,0,1,1,0,0,1,0,0,1,1,0,1,1,0,0,0,0,0.333333,0,0,1,1,1,0,0,0,0,0,0,1,0,1,0,1,0,1
Butler,dog,Labrador Retriever Mix,kitten_puppy,Black,Friendly; Energetic; Playful; Affectionate,apartment,relaxed,first_time,0,0,4_7,Shy; Energetic; Protective,1,0,0,1,0,0,1,0,0,0,0,1,0,0,1,0,1,0,0,0,0,0.288675,1,0,0,1,1,0,0,0,1,1,0,1,0,1,0,1,0,0
Shelter Rescue,dog,Miniature Poodle Mix,adult,Black,Friendly; Playful; Affectionate,house_with_yard,high,experienced,1,0,0_3,Independent; Friendly; Shy,0,1,0,0,0,1,0,1,1,0,1,0,0,0,1,0,0,0,1,0,0,0.333333,0,1,0,0,1,0,1,0,0,1,0,0,0,1,0,1,0,1
*Sammy,dog,Labrador Retriever Mix,young,Black,Friendly; Energetic; Playful; Affectionate,house_no_yard,moderate,first_time,1,1,4_7,Protective; Energetic,0,0,1,0,1,0,1,0,1,1,0,1,0,0,1,0,0,1,0,0,0,0.353553,0,0,0,1,0,0,0,0,1,1,0,1,0,1,0,1,0,1
*Montgomery,dog,Labrador Retriever Mix,adult,Brown,Friendly; Playful; Affectionate,house_no_yard,moderate,experienced,0,1,4_7,Independent; Calm,0,0,1,0,1,0,0,1,0,1,0,1,0,0,1,0,0,0,1,0,0,0.0,0,0,1,0,0,0,1,0,0,1,0,0,0,1,0,1,0,0
Dez Peanut,dog,Dachshund/Chihuahua Shorthair,young,Brown,Friendly; Calm; Energetic; Playful; Affectionate,apartment,high,experienced,0,0,8_plus,Friendly; Playful,1,0,0,0,0,1,0,1,0,0,0,0,1,0,1,0,0,1,0,0,0,0.632456,0,1,0,0,0,1,0,0,0,1,1,1,0,1,0,1,0,1
*Abby,dog,Chihuahua Shorthair Mix,young,Black,Friendly; Calm; Energetic; Playful; Affectionate,apartment,relaxed,experienced,1,1,8_plus,Energetic; Shy,1,0,0,1,0,0,0,1,1,1,0,0,1,0,1,0,0,1,0,0,0,0.316228,0,0,0,1,1,0,0,0,0,1,1,1,0,1,0,1,0,1
Daisy Mae,dog,Toy Poodle Mix,adult,Gray,Friendly; Playful; Affectionate,apartment,relaxed,experienced,0,1,0_3,Affectionate; Shy,1,0,0,1,0,0,0,1,0,1,1,0,0,1,1,0,0,0,1,0,0,0.408248,1,0,0,0,1,0,0,1,0,1,0,0,0,1,0,1,0,1
Ozzie,dog,Rat Terrier Mix,senior,Tricolor,Friendly; Calm; Energetic; Independent; Affectionate,apartment,moderate,first_time,0,0,0_3,Shy; Friendly,1,0,0,0,1,0,1,0,0,0,1,0,0,0,1,0,0,0,0,1,0,0.316228,0,1,0,0,1,0,0,0,0,1,1,1,0,0,1,1,0,1
Luna,dog,Soft Coated Wheaten Terrier Mix,kitten_puppy,White,Friendly; Energetic; Playful,house_with_yard,high,first_time,1,1,4_7,Calm; Independent,0,1,0,0,0,1,1,0,1,1,0,1,0,1,1,0,1,0,0,0,0,0.0,1,0,1,0,0,0,1,0,0,1,0,1,0,1,0,0,0,1
*Cassie,cat,Domestic Shorthair Mix,kitten_puppy,White,Energetic; Playful; Affectionate,house_with_yard,high,first_time,0,1,0_3,Shy; Affectionate; Friendly,0,1,0,0,0,1,1,0,0,1,1,0,0,1,0,1,1,0,0,0,0,0.333333,0,1,0,0,1,0,0,1,0,0,0,1,0,1,0,1,0,1
*Veronica,cat,Domestic Shorthair Mix,kitten_puppy,Tricolor,Energetic; Playful; Affectionate,house_with_yard,relaxed,first_time,1,1,4_7,Friendly,0,1,0,1,0,0,1,0,1,1,0,1,0,0,0,1,1,0,0,0,0,0.0,0,1,0,0,0,0,0,0,0,0,0,1,0,1,0,1,0,1
*Clark,cat,Domestic Shorthair Mix,kitten_puppy,Black,Energetic; Playful; Affectionate,house_no_yard,relaxed,first_time,0,1,8_plus,Affectionate,0,0,1,1,0,0,1,0,0,1,0,0,1,0,0,1,1,0,0,0,0,0.57735,0,0,0,0,0,0,0,1,0,0,0,1,0,1,0,1,0,0
*Thomas,cat,Domestic Longhair Mix,kitten_puppy,Tabby,Energetic; Playful; Affectionate,house_no_yard,moderate,experienced,1,0,4_7,Energetic; Friendly; Playful,0,0,1,0,1,0,0,1,1,0,0,1,0,1,0,1,1,0,0,0,0,0.666667,0,1,0,1,0,1,0,0,0,0,0,1,0,1,0,1,0,1
*Lyra,cat,Domestic Shorthair Mix,kitten_puppy,Tricolor,Energetic; Playful; Affectionate,apartment,relaxed,first_time,1,0,8_plus,Shy; Affectionate; Protective,1,0,0,1,0,0,1,0,1,0,0,0,1,0,0,1,1,0,0,0,0,0.333333,0,0,0,0,1,0,0,1,1,0,0,1,0,1,0,1,0,0
*Rose,dog,Catahoula Mix,adult,Brown,Friendly; Affectionate,house_with_yard,high,experienced,0,0,8_plus,Energetic; Shy; Friendly,0,1,0,0,0,1,0,1,0,0,0,0,1,0,1,0,0,0,1,0,0,0.408248,1,1,0,1,1,0,0,0,0,1,0,0,0,0,0,1,0,1
Sophie,dog,German Shepherd Mix,young,Black,Friendly; Energetic; Playful; Protective,apartment,moderate,experienced,0,0,8_plus,Shy,1,0,0,0,1,0,0,1,0,0,0,0,1,0,1,0,0,1,0,0,0,0.0,0,0,0,0,1,0,0,0,0,1,0,1,0,1,0,0,1,0
*Chelsea,dog,Bull Terrier Mix,young,White,Friendly; Energetic; Playful,house_with_yard,relaxed,experienced,0,0,4_7,Friendly,0,1,0,1,0,0,0,1,0,0,0,1,0,0,1,0,0,1,0,0,0,0.57735,0,1,0,0,0,0,0,0,0,1,0,1,0,1,0,0,0,1
Chica,dog,Chihuahua Shorthair/Dachshund,kitten_puppy,Tricolor,Friendly; Calm; Energetic; Playful; Affectionate,house_no_yard,moderate,experienced,0,1,8_plus,Independent,0,0,1,0,1,0,0,1,0,1,0,0,1,0,1,0,1,0,0,0,0,0.0,0,0,0,0,0,0,1,0,0,1,1,1,0,1,0,1,0,0
Shelter Rescue,cat,Domestic Medium Hair Mix,kitten_puppy,White,Energetic; Playful; Affectionate,house_no_yard,high,first_time,1,1,4_7,Playful,0,0,1,0,0,1,1,0,1,1,0,1,0,0,0,1,1,0,0,0,0,0.57735,0,0,0,0,0,1,0,0,0,0,0,1,0,1,0,1,0,1
Shelter Rescue,cat,Domestic Shorthair Mix,kitten_puppy,White,Energetic; Playful; Affectionate,apartment,high,first_time,1,1,8_plus,Playful; Affectionate; Protective,1,0,0,0,0,1,1,0,1,1,0,0,1,0,0,1,1,0,0,0,0,0.666667,0,0,0,0,0,1,0,1,1,0,0,1,0,1,0,1,0,1
*Hershey,cat,Domestic Medium Hair Mix,kitten_puppy,Black,Energetic; Playful; Affectionate,apartment,relaxed,first_time,1,1,8_plus,Energetic,1,0,0,1,0,0,1,0,1,1,0,0,1,0,0,1,1,0,0,0,0,0.57735,0,0,0,1,0,0,0,0,0,0,0,1,0,1,0,1,0,1
Perseus,cat,Domestic Longhair Mix,senior,White,Calm; Independent,house_no_yard,relaxed,first_time,0,1,0_3,Calm,0,0,1,1,0,0,1,0,0,1,1,0,0,0,0,1,0,0,0,1,0,0.707107,0,0,1,0,0,0,0,0,0,0,1,0,0,0,1,0,0,1
*Willie,dog,Australian Cattle Dog Mix,young,Orange,Friendly; Energetic; Playful,apartment,relaxed,experienced,0,0,0_3,Friendly; Protective; Playful,1,0,0,1,0,0,0,1,0,0,1,0,0,0,1,0,0,1,0,0,0,0.666667,0,1,0,0,0,1,0,0,1,1,0,1,0,1,0,0,0,0
Shelter Rescue,dog,Bernese Mountain Dog Mix,kitten_puppy,Black,Friendly; Energetic; Playful,house_no_yard,moderate,first_time,0,1,4_7,Energetic,0,0,1,0,1,0,1,0,0,1,0,1,0,0,1,0,1,0,0,0,0,0.57735,1,0,0,1,0,0,0,0,0,1,0,1,0,1,0,0,0,1
Shelter Rescue,dog,Chihuahua Shorthair/Dachshund,adult,Brown,Friendly; Calm; Affectionate,apartment,relaxed,experienced,0,0,4_7,Shy; Energetic,1,0,0,1,0,0,0,1,0,0,0,1,0,1,1,0,0,0,1,0,0,0.0,0,0,0,1,1,0,0,0,0,1,1,0,0,0,0,1,0,1
Scooby,dog,Cocker Spaniel/Miniature Poodle,adult,Brown,Friendly; Playful; Affectionate,house_with_yard,moderate,first_time,0,1,4_7,Shy; Protective; Affectionate,0,1,0,0,1,0,1,0,0,1,0,1,0,1,1,0,0,0,1,0,0,0.333333,1,0,0,0,1,0,0,1,1,1,0,0,0,1,0,1,0,1
Ty,dog,German Shepherd/Labrador Retriever,adult,Black,Friendly; Energetic; Playful; Affectionate; Protective,house_with_yard,high,experienced,0,1,8_plus,Energetic; Protective; Friendly,0,1,0,0,0,1,0,1,0,1,0,0,1,1,1,0,0,0,1,0,0,0.774597,1,1,0,1,0,0,0,0,1,1,0,1,0,1,0,1,1,1
*John,cat,Domestic Shorthair Mix,kitten_puppy,Black,Energetic; Playful; Affectionate,house_no_yard,high,first_time,1,0,0_3,Independent; Friendly; Playful,0,0,1,0,0,1,1,0,1,0,1,0,0,0,0,1,1,0,0,0,0,0.333333,0,1,0,0,0,1,1,0,0,0,0,1,0,1,0,1,0,1
Shelter Rescue,dog,Cairn Terrier Mix,young,Brown,Friendly; Energetic; Playful,apartment,relaxed,first_time,0,0,4_7,Energetic; Shy,1,0,0,1,0,0,1,0,0,0,0,1,0,0,1,0,0,1,0,0,0,0.408248,0,0,0,1,1,0,0,0,0,1,0,1,0,1,0,0,0,0
Ruca,cat,Domestic Shorthair Mix,kitten_puppy,Tricolor,Energetic; Playful; Affectionate,house_no_yard,relaxed,experienced,0,0,4_7,Protective; Calm; Energetic,0,0,1,1,0,0,0,1,0,0,0,1,0,0,0,1,1,0,0,0,0,0.333333,1,0,1,1,0,0,0,0,1,0,0,1,0,1,0,1,0,0
Shelter Rescue,dog,Chihuahua Shorthair/Dachshund,kitten_puppy,White,Friendly; Calm; Energetic; Playful; Affectionate,house_no_yard,moderate,experienced,1,1,8_plus,Energetic; Shy; Affectionate,0,0,1,0,1,0,0,1,1,1,0,0,1,0,1,0,1,0,0,0,0,0.516398,0,0,0,1,1,0,0,1,0,1,1,1,0,1,0,1,0,1
*Whittlesey,cat,Domestic Shorthair Mix,kitten_puppy,Tabby,Energetic; Playful; Affectionate,apartment,relaxed,experienced,1,1,8_plus,Friendly,1,0,0,1,0,0,0,1,1,1,0,0,1,0,0,1,1,0,0,0,0,0.0,1,1,0,0,0,0,0,0,0,0,0,1,0,1,0,1,0,0
*Bailey,dog,Great Pyrenees Mix,young,White,Friendly; Energetic; Playful,house_no_yard,moderate,first_time,0,1,0_3,Friendly,0,0,1,0,1,0,1,0,0,1,1,0,0,1,1,0,0,1,0,0,0,0.57735,0,1,0,0,0,0,0,0,0,1,0,1,0,1,0,0,0,1
Carson,cat,Domestic Longhair Mix,young,White,Calm; Independent; Affectionate,apartment,relaxed,experienced,1,1,4_7,Friendly; Shy; Independent,1,0,0,1,0,0,0,1,1,1,0,1,0,0,0,1,0,1,0,0,0,0.333333,0,1,0,0,1,0,1,0,0,0,1,0,0,0,1,1,0,1
Louie,dog,Dachshund/Chihuahua Shorthair,kitten_puppy,Brown,Friendly; Calm; Energetic; Playful; Affectionate,house_with_yard,moderate,experienced,1,1,4_7,Shy; Protective,0,1,0,0,1,0,0,1,1,1,0,1,0,0,1,0,1,0,0,0,0,0.0,0,0,0,0,1,0,0,0,1,1,1,1,0,1,0,1,0,1
Dutchess,dog,Pit Bull Mix,kitten_puppy,White,Friendly; Energetic; Playful,house_with_yard,moderate,experienced,1,1,8_plus,Energetic,0,1,0,0,1,0,0,1,1,1,0,0,1,0,1,0,1,0,0,0,0,0.57735,0,0,0,1,0,0,0,0,0,1,0,1,0,1,0,0,0,1
Tiger,dog,Maltese/Chihuahua Shorthair,adult,White,Friendly; Calm; Affectionate,house_with_yard,moderate,first_time,0,0,8_plus,Affectionate; Calm; Protective,0,1,0,0,1,0,1,0,0,0,0,0,1,1,1,0,0,0,1,0,0,0.666667,0,0,1,0,0,0,0,1,1,1,1,0,0,0,0,1,0,1
Ohana,dog,German Shepherd Mix,adult,Brown,Friendly; Energetic; Affectionate; Protective,apartment,moderate,first_time,1,1,0_3,Shy,1,0,0,0,1,0,1,0,1,1,1,0,0,0,1,0,0,0,1,0,0,0.0,0,0,0,0,1,0,0,0,0,1,0,1,0,0,0,1,1,0
Parker,dog,Brittany Mix,young,White,Friendly; Energetic; Playful,house_with_yard,relaxed,experienced,1,1,8_plus,Affectionate,0,1,0,1,0,0,0,1,1,1,0,0,1,0,1,0,0,1,0,0,0,0.0,0,0,0,0,0,0,0,1,0,1,0,1,0,1,0,0,0,1
Shelter Rescue,cat,Domestic Shorthair Mix,kitten_puppy,White,Energetic; Playful; Affectionate,apartment,moderate,experienced,0,1,8_plus,Playful; Calm; Independent,1,0,0,0,1,0,0,1,0,1,0,0,1,0,0,1,1,0,0,0,0,0.333333,0,0,1,0,0,1,1,0,0,0,0,1,0,1,0,1,0,0
*Conner,dog,Border Collie/Whippet,kitten_puppy,Black,Friendly; Energetic; Playful,house_with_yard,high,experienced,1,0,4_7,Friendly,0,1,0,0,0,1,0,1,1,0,0,1,0,1,1,0,1,0,0,0,0,0.57735,0,1,0,0,0,0,0,0,0,1,0,1,0,1,0,0,0,1
Bella,dog,Cairn Terrier Mix,young,Brown,Friendly; Energetic; Playful,house_no_yard,high,experienced,1,0,4_7,Friendly,0,0,1,0,0,1,0,1,1,0,0,1,0,0,1,0,0,1,0,0,0,0.57735,1,1,0,0,0,0,0,0,0,1,0,1,0,1,0,0,0,1
*Faya,dog,Pit Bull,young,White,Friendly; Energetic; Playful,house_no_yard,moderate,experienced,0,1,4_7,Friendly; Playful; Independent,0,0,1,0,1,0,0,1,0,1,0,1,0,0,1,0,0,1,0,0,0,0.666667,0,1,0,0,0,1,1,0,0,1,0,1,0,1,0,0,0,1
Shelter Rescue,dog,German Shepherd Mix,kitten_puppy,Brown,Friendly; Energetic; Playful; Protective,house_no_yard,high,first_time,0,0,4_7,Protective,0,0,1,0,0,1,1,0,0,0,0,1,0,0,1,0,1,0,0,0,0,0.5,0,0,0,0,0,0,0,0,1,1,0,1,0,1,0,0,1,1
Shelter Rescue,dog,Cairn Terrier,young,White,Friendly; Energetic; Playful,house_with_yard,relaxed,first_time,0,1,8_plus,Playful; Friendly; Affectionate,0,1,0,1,0,0,1,0,0,1,0,0,1,1,1,0,0,1,0,0,0,0.666667,0,1,0,0,0,1,0,1,0,1,0,1,0,1,0,0,0,1
*Torino,dog,Pit Bull Mix,young,Black,Friendly; Energetic; Playful,apartment,moderate,experienced,0,1,8_plus,Shy,1,0,0,0,1,0,0,1,0,1,0,0,1,0,1,0,0,1,0,0,0,0.0,1,0,0,0,1,0,0,0,0,1,0,1,0,1,0,0,0,0
*Marco,dog,Chihuahua Shorthair/Beagle,young,White,Friendly; Calm; Energetic; Playful; Affectionate,house_with_yard,moderate,experienced,0,1,8_plus,Energetic,0,1,0,0,1,0,0,1,0,1,0,0,1,0,1,0,0,1,0,0,0,0.447214,1,0,0,1,0,0,0,0,0,1,1,1,0,1,0,1,0,1
Little Eddie,cat,Domestic Medium Hair Mix,kitten_puppy,Tricolor,Energetic; Playful; Affectionate,house_with_yard,relaxed,experienced,1,1,0_3,Energetic; Protective,0,1,0,1,0,0,0,1,1,1,1,0,0,0,0,1,1,0,0,0,0,0.408248,0,0,0,1,0,0,0,0,1,0,0,1,0,1,0,1,0,1
Nagini,dog,Boxer Mix,young,White,Friendly; Energetic; Playful,house_with_yard,relaxed,first_time,0,1,0_3,Calm; Energetic; Playful,0,1,0,1,0,0,1,0,0,1,1,0,0,1,1,0,0,1,0,0,0,0.666667,0,0,1,1,0,1,0,0,0,1,0,1,0,1,0,0,0,1
*Valentine,dog,Pit Bull Mix,kitten_puppy,White,Friendly; Energetic; Playful,apartment,high,first_time,0,1,4_7,Independent,1,0,0,0,0,1,1,0,0,1,0,1,0,0,1,0,1,0,0,0,0,0.0,0,0,0,0,0,0,1,0,0,1,0,1,0,1,0,0,0,0
Cersei,cat,Domestic Shorthair Mix,kitten_puppy,Tabby,Energetic; Playful; Affectionate,apartment,moderate,experienced,1,0,8_plus,Playful,1,0,0,0,1,0,0,1,1,0,0,0,1,0,0,1,1,0,0,0,0,0.57735,0,0,0,0,0,1,0,0,0,0,0,1,0,1,0,1,0,1
Shelter Rescue,dog,Dachshund Mix,young,White,Friendly; Calm; Energetic; Playful; Affectionate,house_with_yard,high,first_time,0,1,8_plus,Shy; Calm,0,1,0,0,0,1,1,0,0,1,0,0,1,0,1,0,0,1,0,0,0,0.316228,0,0,1,0,1,0,0,0,0,1,1,1,0,1,0,1,0,1
Red,dog,Plott Hound Mix,young,Orange,Friendly; Energetic; Playful,apartment,relaxed,first_time,1,0,4_7,Protective; Calm; Independent,1,0,0,1,0,0,1,0,1,0,0,1,0,0,1,0,0,1,0,0,0,0.0,0,0,1,0,0,0,1,0,1,1,0,1,0,1,0,0,0,0
Gus,dog,Australian Cattle Dog Mix,adult,Orange,Friendly; Affectionate,house_no_yard,high,experienced,1,0,4_7,Energetic; Playful; Independent,0,0,1,0,0,1,0,1,1,0,0,1,0,1,1,0,0,0,1,0,0,0.0,1,0,0,1,0,1,1,0,0,1,0,0,0,0,0,1,0,0
Ziggy Marley,cat,Domestic Shorthair Mix,young,Black,Calm; Independent; Affectionate,apartment,high,experienced,0,1,4_7,Affectionate,1,0,0,0,0,1,0,1,0,1,0,1,0,0,0,1,0,1,0,0,0,0.57735,0,0,0,0,0,0,0,1,0,0,1,0,0,0,1,1,0,1
Kane,dog,Redbone Hound/Dachshund,kitten_puppy,Orange,Friendly; Calm; Energetic; Playful; Affectionate,house_with_yard,moderate,first_time,1,1,8_plus,Friendly,0,1,0,0,1,0,1,0,1,1,0,0,1,0,1,0,1,0,0,0,0,0.447214,0,1,0,0,0,0,0,0,0,1,1,1,0,1,0,1,0,1
Drake,dog,Keeshond Mix,young,Brown,Friendly; Energetic; Playful,house_no_yard,moderate,first_time,0,0,8_plus,Independent,0,0,1,0,1,0,1,0,0,0,0,0,1,1,1,0,0,1,0,0,0,0.0,0,0,0,0,0,0,1,0,0,1,0,1,0,1,0,0,0,0
*Leonard,cat,Domestic Shorthair Mix,kitten_puppy,Black,Energetic; Playful; Affectionate,house_no_yard,relaxed,first_time,0,1,0_3,Playful; Calm; Affectionate,0,0,1,1,0,0,1,0,0,1,1,0,0,0,0,1,1,0,0,0,0,0.666667,0,0,1,0,0,1,0,1,0,0,0,1,0,1,0,1,0,1
Leo,cat,Domestic Shorthair Mix,kitten_puppy,Orange,Energetic; Playful; Affectionate,house_no_yard,moderate,first_time,0,1,0_3,Calm; Energetic,0,0,1,0,1,0,1,0,0,1,1,0,0,0,0,1,1,0,0,0,0,0.408248,1,0,1,1,0,0,0,0,0,0,0,1,0,1,0,1,0,1
Max,dog,Anatol Shepherd/Labrador Retriever,young,White,Friendly; Energetic; Playful; Affectionate; Protective,house_with_yard,relaxed,experienced,1,1,4_7,Shy,0,1,0,1,0,0,0,1,1,1,0,1,0,0,1,0,0,1,0,0,0,0.0,1,0,0,0,1,0,0,0,0,1,0,1,0,1,0,1,1,1
*Polly,cat,Domestic Longhair Mix,kitten_puppy,Tricolor,Energetic; Playful; Affectionate,house_no_yard,moderate,first_time,0,1,0_3,Independent,0,0,1,0,1,0,1,0,0,1,1,0,0,0,0,1,1,0,0,0,0,0.0,0,0,0,0,0,0,1,0,0,0,0,1,0,1,0,1,0,1
Will,dog,Beauceron,kitten_puppy,Black,Friendly; Energetic; Playful,house_no_yard,high,first_time,1,1,0_3,Friendly; Shy,0,0,1,0,0,1,1,0,1,1,1,0,0,0,1,0,1,0,0,0,0,0.408248,0,1,0,0,1,0,0,0,0,1,0,1,0,1,0,0,0,1
Shelter Rescue,dog,Toy Poodle Mix,kitten_puppy,Brown,Friendly; Energetic; Playful; Affectionate,house_no_yard,moderate,experienced,0,1,4_7,Playful,0,0,1,0,1,0,0,1,0,1,0,1,0,0,1,0,1,0,0,0,0,0.5,0,0,0,0,0,1,0,0,0,1,0,1,0,1,0,1,0,1
Shelter Rescue,dog,German Shepherd Mix,kitten_puppy,Black,Friendly; Energetic; Playful; Protective,house_with_yard,relaxed,first_time,1,1,8_plus,Playful,0,1,0,1,0,0,1,0,1,1,0,0,1,0,1,0,1,0,0,0,0,0.5,1,0,0,0,0,1,0,0,0,1,0,1,0,1,0,0,1,1
Andy,dog,Rat Terrier Mix,young,Black,Friendly; Energetic; Playful,house_with_yard,high,first_time,1,1,8_plus,Playful; Calm,0,1,0,0,0,1,1,0,1,1,0,0,1,0,1,0,0,1,0,0,0,0.408248,0,0,1,0,0,1,0,0,0,1,0,1,0,1,0,0,0,1
Goliath,dog,Pit Bull Mix,adult,White,Friendly; Energetic; Affectionate,house_no_yard,high,first_time,0,0,8_plus,Affectionate; Shy,0,0,1,0,0,1,1,0,0,0,0,0,1,0,1,0,0,0,1,0,0,0.408248,0,0,0,0,1,0,0,1,0,1,0,1,0,0,0,1,0,1
Shelter Rescue,dog,Queensland Heeler Mix,kitten_puppy,Gray,Friendly; Energetic; Playful,apartment,high,experienced,0,0,4_7,Protective,1,0,0,0,0,1,0,1,0,0,0,1,0,1,1,0,1,0,0,0,0,0.0,1,0,0,0,0,0,0,0,1,1,0,1,0,1,0,0,0,0
Nick,cat,Siamese Mix,kitten_puppy,Brown,Energetic; Playful; Affectionate,apartment,relaxed,first_time,1,1,0_3,Shy; Playful; Energetic,1,0,0,1,0,0,1,0,1,1,1,0,0,0,0,1,1,0,0,0,0,0.666667,0,0,0,1,1,1,0,0,0,0,0,1,0,1,0,1,0,1
Layla,dog,Boxer Mix,adult,White,Friendly; Energetic; Affectionate,house_no_yard,high,first_time,0,0,0_3,Energetic; Protective,0,0,1,0,0,1,1,0,0,0,1,0,0,0,1,0,0,0,1,0,0,0.408248,1,0,0,1,0,0,0,0,1,1,0,1,0,0,0,1,0,1
Mindy,cat,Domestic Shorthair Mix,adult,Tabby,Calm; Independent; Affectionate,house_no_yard,high,experienced,1,0,0_3,Independent; Shy,0,0,1,0,0,1,0,1,1,0,1,0,0,1,0,1,0,0,1,0,0,0.408248,0,0,0,0,1,0,1,0,0,0,1,0,0,0,1,1,0,1
*Janine,cat,Domestic Shorthair Mix,kitten_puppy,White,Energetic; Playful; Affectionate,apartment,relaxed,first_time,0,0,8_plus,Calm,1,0,0,1,0,0,1,0,0,0,0,0,1,0,0,1,1,0,0,0,0,0.0,0,0,1,0,0,0,0,0,0,0,0,1,0,1,0,1,0,0
Denver,dog,German Shepherd Mix,young,Black,Friendly; Energetic; Playful; Protective,house_with_yard,moderate,experienced,0,0,4_7,Protective; Playful; Shy,0,1,0,0,1,0,0,1,0,0,0,1,0,0,1,0,0,1,0,0,0,0.57735,0,0,0,0,1,1,0,0,1,1,0,1,0,1,0,0,1,1
Shelter Rescue,dog,Border Terrier Mix,kitten_puppy,Brown,Friendly; Energetic; Playful,house_with_yard,moderate,first_time,1,0,4_7,Independent,0,1,0,0,1,0,1,0,1,0,0,1,0,0,1,0,1,0,0,0,0,0.0,0,0,0,0,0,0,1,0,0,1,0,1,0,1,0,0,0,1
Phoeby,cat,Domestic Shorthair Mix,kitten_puppy,White,Energetic; Playful; Affectionate,house_with_yard,high,experienced,0,0,0_3,Playful,0,1,0,0,0,1,0,1,0,0,1,0,0,1,0,1,1,0,0,0,0,0.57735,0,0,0,0,0,1,0,0,0,0,0,1,0,1,0,1,0,1
Rocky,dog,Rottweiler,young,Black,Friendly; Energetic; Playful,house_with_yard,moderate,first_time,1,0,4_7,Shy; Independent,0,1,0,0,1,0,1,0,1,0,0,1,0,1,1,0,0,1,0,0,0,0.0,1,0,0,0,1,0,1,0,0,1,0,1,0,1,0,0,0,1
Miles,cat,Domestic Longhair Mix,senior,Orange,Calm; Independent,house_with_yard,high,experienced,0,1,0_3,Independent; Shy,0,1,0,0,0,1,0,1,0,1,1,0,0,0,0,1,0,0,0,1,0,0.5,1,0,0,0,1,0,1,0,0,0,1,0,0,0,1,0,0,0
Tootsie,cat,Persian Mix,adult,Black,Calm; Independent; Affectionate,house_with_yard,relaxed,experienced,0,0,0_3,Shy,0,1,0,1,0,0,0,1,0,0,1,0,0,0,0,1,0,0,1,0,0,0.0,1,0,0,0,1,0,0,0,0,0,1,0,0,0,1,1,0,1
*Penny,dog,Manchester Terrier/Dachshund,young,Black,Friendly; Calm; Energetic; Playful; Affectionate,house_no_yard,moderate,first_time,1,1,0_3,Independent; Energetic; Shy,0,0,1,0,1,0,1,0,1,1,1,0,0,1,1,0,0,1,0,0,0,0.258199,0,0,0,1,1,0,1,0,0,1,1,1,0,1,0,1,0,1
*Consuela,cat,Domestic Shorthair Mix,kitten_puppy,Tricolor,Energetic; Playful; Affectionate,house_with_yard,relaxed,experienced,0,0,8_plus,Protective,0,1,0,1,0,0,0,1,0,0,0,0,1,0,0,1,1,0,0,0,0,0.0,0,0,0,0,0,0,0,0,1,0,0,1,0,1,0,1,0,0
Sadie,dog,German Shepherd/Mastiff,kitten_puppy,Brown,Friendly; Energetic; Playful; Protective,house_no_yard,relaxed,experienced,0,1,8_plus,Independent; Shy; Friendly,0,0,1,1,0,0,0,1,0,1,0,0,1,0,1,0,1,0,0,0,0,0.288675,0,1,0,0,1,0,1,0,0,1,0,1,0,1,0,0,1,0
Lulu,dog,Beagle/Basset Hound,adult,Tricolor,Friendly; Energetic; Playful; Affectionate,house_no_yard,moderate,first_time,0,1,4_7,Protective; Shy,0,0,1,0,1,0,1,0,0,1,0,1,0,0,1,0,0,0,1,0,0,0.0,0,0,0,0,1,0,0,0,1,1,0,1,0,1,0,1,0,0
*Pearl,dog,Chinese Sharpei/Bull Terrier,young,Black,Friendly; Energetic; Playful,apartment,relaxed,first_time,0,1,4_7,Independent; Friendly,1,0,0,1,0,0,1,0,0,1,0,1,0,0,1,0,0,1,0,0,0,0.408248,1,1,0,0,0,0,1,0,0,1,0,1,0,1,0,0,0,0
*Reynaldo,cat,Domestic Shorthair Mix,young,White,Calm; Independent; Affectionate,house_with_yard,moderate,first_time,0,1,8_plus,Protective,0,1,0,0,1,0,1,0,0,1,0,0,1,0,0,1,0,1,0,0,0,0.0,0,0,0,0,0,0,0,0,1,0,1,0,0,0,1,1,0,1
*Mcgruff,dog,Pit Bull Mix,young,Brown,Friendly; Energetic; Playful,house_with_yard,relaxed,first_time,0,1,0_3,Independent,0,1,0,1,0,0,1,0,0,1,1,0,0,0,1,0,0,1,0,0,0,0.0,0,0,0,0,0,0,1,0,0,1,0,1,0,1,0,0,0,1
*Reyna,dog,German Shepherd Mix,adult,Black,Friendly; Energetic; Affectionate; Protective,house_no_yard,relaxed,first_time,0,1,0_3,Shy; Affectionate,0,0,1,1,0,0,1,0,0,1,1,0,0,1,1,0,0,0,1,0,0,0.353553,1,0,0,0,1,0,0,1,0,1,0,1,0,0,0,1,1,1
*Bubbles,cat,Domestic Shorthair Mix,adult,Black,Calm; Independent; Affectionate,house_with_yard,high,first_time,0,1,4_7,Calm; Independent; Protective,0,1,0,0,0,1,1,0,0,1,0,1,0,0,0,1,0,0,1,0,0,0.666667,1,0,1,0,0,0,1,0,1,0,1,0,0,0,1,1,0,1
*Milo,dog,Pit Bull Mix,young,Black,Friendly; Energetic; Playful,apartment,moderate,experienced,1,1,4_7,Energetic; Playful,1,0,0,0,1,0,0,1,1,1,0,1,0,0,1,0,0,1,0,0,0,0.816497,0,0,0,1,0,1,0,0,0,1,0,1,0,1,0,0,0,1
*Georgia,dog,Pointer/Labrador Retriever,young,Black,Friendly; Energetic; Playful; Affectionate,house_with_yard,relaxed,experienced,0,0,0_3,Energetic,0,1,0,1,0,0,0,1,0,0,1,0,0,0,1,0,0,1,0,0,0,0.5,0,0,0,1,0,0,0,0,0,1,0,1,0,1,0,1,0,1
Shelter Rescue,dog,Dalmatian Mix,young,Black,Friendly; Energetic; Playful,house_with_yard,relaxed,experienced,0,0,8_plus,Protective; Friendly,0,1,0,1,0,0,0,1,0,0,0,0,1,0,1,0,0,1,0,0,0,0.408248,0,1,0,0,0,0,0,0,1,1,0,1,0,1,0,0,0,1
Stella,dog,Chihuahua Longhair Mix,young,Brown,Friendly; Calm; Energetic; Playful; Affectionate,apartment,relaxed,first_time,0,1,4_7,Shy; Independent; Energetic,1,0,0,1,0,0,1,0,0,1,0,1,0,0,1,0,0,1,0,0,0,0.258199,1,0,0,1,1,0,1,0,0,1,1,1,0,1,0,1,0,1
Oso,dog,Rottweiler,kitten_puppy,Black,Friendly; Energetic; Playful,apartment,moderate,experienced,0,1,8_plus,Protective; Energetic; Playful,1,0,0,0,1,0,0,1,0,1,0,0,1,0,1,0,1,0,0,0,0,0.666667,0,0,0,1,0,1,0,0,1,1,0,1,0,1,0,0,0,0
Cooper,dog,Labrador Retriever Mix,kitten_puppy,Black,Friendly; Energetic; Playful; Affectionate,apartment,relaxed,first_time,0,1,0_3,Calm; Friendly; Energetic,1,0,0,1,0,0,1,0,0,1,1,0,0,0,1,0,1,0,0,0,0,0.57735,0,1,1,1,0,0,0,0,0,1,0,1,0,1,0,1,0,1
Margot,cat,Domestic Shorthair Mix,kitten_puppy,White,Energetic; Playful; Affectionate,house_with_yard,relaxed,first_time,0,0,8_plus,Calm; Independent,0,1,0,1,0,0,1,0,0,0,0,0,1,0,0,1,1,0,0,0,0,0.0,0,0,1,0,0,0,1,0,0,0,0,1,0,1,0,1,0,0
Chlupa Btman,dog,Cairn Terrier Mix,young,Brown,Friendly; Energetic; Playful,apartment,moderate,experienced,1,1,0_3,Playful,1,0,0,0,1,0,0,1,1,1,1,0,0,0,1,0,0,1,0,0,0,0.57735,0,0,0,0,0,1,0,0,0,1,0,1,0,1,0,0,0,1
Shelter Rescue,dog,Dachshund Wirehair/Border Terrier,kitten_puppy,Brown,Friendly; Calm; Energetic; Playful; Affectionate,apartment,relaxed,experienced,1,1,0_3,Energetic,1,0,0,1,0,0,0,1,1,1,1,0,0,0,1,0,1,0,0,0,0,0.447214,0,0,0,1,0,0,0,0,0,1,1,1,0,1,0,1,0,1
*Spice,cat,Domestic Shorthair Mix,kitten_puppy,Tricolor,Energetic; Playful; Affectionate,apartment,moderate,first_time,1,1,4_7,Friendly; Independent,1,0,0,0,1,0,1,0,1,1,0,1,0,0,0,1,1,0,0,0,0,0.0,0,1,0,0,0,0,1,0,0,0,0,1,0,1,0,1,0,1
Taffy,dog,Pit Bull Mix,young,White,Friendly; Energetic; Playful,apartment,high,experienced,0,0,0_3,Friendly; Calm,1,0,0,0,0,1,0,1,0,0,1,0,0,0,1,0,0,1,0,0,0,0.408248,0,1,1,0,0,0,0,0,0,1,0,1,0,1,0,0,0,0
Shelter Rescue,dog,Australian Shepherd Mix,kitten_puppy,White,Friendly; Energetic; Playful; Protective,house_with_yard,relaxed,experienced,0,0,8_plus,Affectionate,0,1,0,1,0,0,0,1,0,0,0,0,1,1,1,0,1,0,0,0,0,0.0,0,0,0,0,0,0,0,1,0,1,0,1,0,1,0,0,1,0
*Annie,cat,Domestic Shorthair Mix,kitten_puppy,Tricolor,Energetic; Playful; Affectionate,house_no_yard,relaxed,experienced,0,1,8_plus,Calm; Energetic,0,0,1,1,0,0,0,1,0,1,0,0,1,1,0,1,1,0,0,0,0,0.408248,0,0,1,1,0,0,0,0,0,0,0,1,0,1,0,1,0,0
Harper,dog,Carolina Dog Mix,kitten_puppy,Brown,Friendly; Energetic; Playful,apartment,high,first_time,0,0,0_3,Friendly; Energetic; Shy,1,0,0,0,0,1,1,0,0,0,1,0,0,1,1,0,1,0,0,0,0,0.666667,0,1,0,1,1,0,0,0,0,1,0,1,0,1,0,0,0,1
Lestat,cat,Domestic Shorthair Mix,young,Tabby,Calm; Independent; Affectionate,house_no_yard,relaxed,first_time,0,1,0_3,Energetic; Shy,0,0,1,1,0,0,1,0,0,1,1,0,0,0,0,1,0,1,0,0,0,0.0,0,0,0,1,1,0,0,0,0,0,1,0,0,0,1,1,0,1
Goldie,dog,Chihuahua Shorthair/Dachshund,young,White,Friendly; Calm; Energetic; Playful; Affectionate,house_no_yard,relaxed,first_time,0,0,4_7,Energetic; Independent,0,0,1,1,0,0,1,0,0,0,0,1,0,0,1,0,0,1,0,0,0,0.316228,0,0,0,1,0,0,1,0,0,1,1,1,0,1,0,1,0,1
Shyla,cat,Domestic Shorthair Mix,young,White,Calm; Independent; Affectionate,apartment,moderate,experienced,0,1,8_plus,Friendly; Independent; Affectionate,1,0,0,0,1,0,0,1,0,1,0,0,1,1,0,1,0,1,0,0,0,0.666667,1,1,0,0,0,0,1,1,0,0,1,0,0,0,1,1,0,1
*Dallas,dog,Staffordshire Mix,young,White,Friendly; Energetic; Playful,house_no_yard,relaxed,experienced,0,1,4_7,Affectionate,0,0,1,1,0,0,0,1,0,1,0,1,0,0,1,0,0,1,0,0,0,0.0,1,0,0,0,0,0,0,1,0,1,0,1,0,1,0,0,0,0
Hans,dog,Dachshund,young,Black,Friendly; Calm; Energetic; Playful; Affectionate,apartment,relaxed,first_time,0,0,4_7,Affectionate; Energetic; Protective,1,0,0,1,0,0,1,0,0,0,0,1,0,1,1,0,0,1,0,0,0,0.516398,0,0,0,1,0,0,0,1,1,1,1,1,0,1,0,1,0,1
Rizzo,dog,Rottweiler Mix,young,Black,Friendly; Energetic; Playful,house_no_yard,relaxed,experienced,0,1,0_3,Affectionate; Independent,0,0,1,1,0,0,0,1,0,1,1,0,0,0,1,0,0,1,0,0,0,0.0,0,0,0,0,0,0,1,1,0,1,0,1,0,1,0,0,0,0
*Moon,cat,Domestic Shorthair Mix,kitten_puppy,Tricolor,Energetic; Playful; Affectionate,apartment,relaxed,first_time,1,1,4_7,Calm; Energetic,1,0,0,1,0,0,1,0,1,1,0,1,0,0,0,1,1,0,0,0,0,0.408248,1,0,1,1,0,0,0,0,0,0,0,1,0,1,0,1,0,1
Shelter Rescue,cat,Domestic Shorthair Mix,kitten_puppy,Tricolor,Energetic; Playful; Affectionate,house_no_yard,moderate,first_time,1,0,4_7,Energetic; Calm; Affectionate,0,0,1,0,1,0,1,0,1,0,0,1,0,0,0,1,1,0,0,0,0,0.666667,1,0,1,1,0,0,0,1,0,0,0,1,0,1,0,1,0,1
*Starsky,dog,German Shepherd Mix,kitten_puppy,Brown,Friendly; Energetic; Playful; Protective,apartment,high,experienced,0,0,4_7,Friendly; Playful,1,0,0,0,0,1,0,1,0,0,0,1,0,0,1,0,1,0,0,0,0,0.707107,0,1,0,0,0,1,0,0,0,1,0,1,0,1,0,0,1,0
*Gemma,dog,German Shepherd Mix,young,Black,Friendly; Energetic; Playful; Protective,house_with_yard,relaxed,first_time,1,0,0_3,Affectionate; Energetic,0,1,0,1,0,0,1,0,1,0,1,0,0,0,1,0,0,1,0,0,0,0.353553,0,0,0,1,0,0,0,1,0,1,0,1,0,1,0,0,1,1
*Rafa,cat,Domestic Shorthair Mix,kitten_puppy,Black,Energetic; Playful; Affectionate,house_with_yard,high,experienced,1,0,8_plus,Shy; Independent,0,1,0,0,0,1,0,1,1,0,0,0,1,0,0,1,1,0,0,0,0,0.0,0,0,0,0,1,0,1,0,0,0,0,1,0,1,0,1,0,0
Shelter Rescue,dog,Labrador Retriever Mix,kitten_puppy,Black,Friendly; Energetic; Playful; Affectionate,house_with_yard,relaxed,experienced,1,1,8_plus,Shy,0,1,0,1,0,0,0,1,1,1,0,0,1,0,1,0,1,0,0,0,0,0.0,0,0,0,0,1,0,0,0,0,1,0,1,0,1,0,1,0,0
*Rob,dog,Queensland Heeler Mix,young,Orange,Friendly; Energetic; Playful,house_with_yard,high,first_time,1,1,4_7,Energetic,0,1,0,0,0,1,1,0,1,1,0,1,0,1,1,0,0,1,0,0,0,0.57735,0,0,0,1,0,0,0,0,0,1,0,1,0,1,0,0,0,1
*Arabella,cat,Domestic Medium Hair Mix,kitten_puppy,Black,Energetic; Playful; Affectionate,house_no_yard,high,first_time,0,1,8_plus,Protective,0,0,1,0,0,1,1,0,0,1,0,0,1,0,0,1,1,0,0,0,0,0.0,1,0,0,0,0,0,0,0,1,0,0,1,0,1,0,1,0,0
Shelter Rescue,cat,Domestic Shorthair Mix,kitten_puppy,Black,Energetic; Playful; Affectionate,house_with_yard,high,first_time,0,0,4_7,Friendly; Affectionate,0,1,0,0,0,1,1,0,0,0,0,1,0,0,0,1,1,0,0,0,0,0.408248,0,1,0,0,0,0,0,1,0,0,0,1,0,1,0,1,0,1
Shelter Rescue,dog,Golden Retriever Mix,kitten_puppy,White,Friendly; Energetic; Playful; Affectionate,house_no_yard,high,experienced,1,1,8_plus,Independent,0,0,1,0,0,1,0,1,1,1,0,0,1,0,1,0,1,0,0,0,0,0.0,1,0,0,0,0,0,1,0,0,1,0,1,0,1,0,1,0,0
*Luke,cat,Domestic Shorthair Mix,kitten_puppy,White,Energetic; Playful; Affectionate,house_no_yard,high,first_time,0,1,4_7,Friendly,0,0,1,0,0,1,1,0,0,1,0,1,0,1,0,1,1,0,0,0,0,0.0,0,1,0,0,0,0,0,0,0,0,0,1,0,1,0,1,0,1
Shelter Rescue,dog,Anatol Shepherd Mix,kitten_puppy,White,Friendly; Energetic; Playful; Protective,apartment,high,first_time,1,1,0_3,Energetic; Independent; Friendly,1,0,0,0,0,1,1,0,1,1,1,0,0,0,1,0,1,0,0,0,0,0.57735,0,1,0,1,0,0,1,0,0,1,0,1,0,1,0,0,1,1
*Newton,cat,Domestic Shorthair Mix,kitten_puppy,Black,Energetic; Playful; Affectionate,house_with_yard,moderate,first_time,0,0,8_plus,Energetic; Independent; Calm,0,1,0,0,1,0,1,0,0,0,0,0,1,0,0,1,1,0,0,0,0,0.333333,1,0,1,1,0,0,1,0,0,0,0,1,0,1,0,1,0,0
*Skippy,dog,Cardigan Welsh Corgi/Chihuahua Shorthair,adult,White,Friendly; Calm; Affectionate,house_no_yard,high,first_time,1,0,4_7,Playful; Friendly; Independent,0,0,1,0,0,1,1,0,1,0,0,1,0,0,1,0,0,0,1,0,0,0.333333,0,1,0,0,0,1,1,0,0,1,1,0,0,0,0,1,0,1
*Prince,dog,Chihuahua Shorthair Mix,adult,Brown,Friendly; Calm; Affectionate,house_no_yard,relaxed,experienced,0,1,8_plus,Playful; Shy,0,0,1,1,0,0,0,1,0,1,0,0,1,0,1,0,0,0,1,0,0,0.0,0,0,0,0,1,1,0,0,0,1,1,0,0,0,0,1,0,1
Sparkle,dog,Labrador Retriever Mix,adult,Black,Friendly; Playful; Affectionate,apartment,high,experienced,0,0,8_plus,Energetic; Protective; Shy,1,0,0,0,0,1,0,1,0,0,0,0,1,1,1,0,0,0,1,0,0,0.0,0,0,0,1,1,0,0,0,1,1,0,0,0,1,0,1,0,0
*Mesha,dog,Staffordshire Mix,young,White,Friendly; Energetic; Playful,house_no_yard,moderate,experienced,1,0,4_7,Independent; Shy; Playful,0,0,1,0,1,0,0,1,1,0,0,1,0,0,1,0,0,1,0,0,0,0.333333,0,0,0,0,1,1,1,0,0,1,0,1,0,1,0,0,0,0
*Dana,cat,Domestic Shorthair Mix,kitten_puppy,Black,Energetic; Playful; Affectionate,apartment,high,experienced,1,0,4_7,Friendly; Calm,1,0,0,0,0,1,0,1,1,0,0,1,0,0,0,1,1,0,0,0,0,0.0,0,1,1,0,0,0,0,0,0,0,0,1,0,1,0,1,0,1
*Viola,cat,Domestic Shorthair Mix,kitten_puppy,Black,Energetic; Playful; Affectionate,apartment,high,experienced,1,0,0_3,Affectionate; Calm,1,0,0,0,0,1,0,1,1,0,1,0,0,0,0,1,1,0,0,0,0,0.408248,1,0,1,0,0,0,0,1,0,0,0,1,0,1,0,1,0,1
*Oliver,cat,Domestic Shorthair Mix,kitten_puppy,Tabby,Energetic; Playful; Affectionate,apartment,high,experienced,0,0,0_3,Shy; Friendly,1,0,0,0,0,1,0,1,0,0,1,0,0,0,0,1,1,0,0,0,0,0.0,0,1,0,0,1,0,0,0,0,0,0,1,0,1,0,1,0,1
Remus,cat,Domestic Shorthair Mix,kitten_puppy,Black,Energetic; Playful; Affectionate,apartment,relaxed,experienced,1,1,8_plus,Energetic,1,0,0,1,0,0,0,1,1,1,0,0,1,1,0,1,1,0,0,0,0,0.57735,0,0,0,1,0,0,0,0,0,0,0,1,0,1,0,1,0,1
Anthony,cat,Domestic Shorthair Mix,kitten_puppy,Black,Energetic; Playful; Affectionate,house_with_yard,high,first_time,0,0,0_3,Calm; Playful; Affectionate,0,1,0,0,0,1,1,0,0,0,1,0,0,0,0,1,1,0,0,0,0,0.666667,0,0,1,0,0,1,0,1,0,0,0,1,0,1,0,1,0,1
*Sally,cat,Domestic Shorthair,kitten_puppy,Tricolor,Energetic; Playful; Affectionate,house_with_yard,moderate,first_time,0,0,0_3,Friendly; Shy; Affectionate,0,1,0,0,1,0,1,0,0,0,1,0,0,0,0,1,1,0,0,0,0,0.333333,0,1,0,0,1,0,0,1,0,0,0,1,0,1,0,1,0,1
Shelter Rescue,dog,German Shepherd/Catahoula,kitten_puppy,Black,Friendly; Energetic; Playful; Protective,house_with_yard,high,experienced,0,0,8_plus,Protective; Calm; Independent,0,1,0,0,0,1,0,1,0,0,0,0,1,1,1,0,1,0,0,0,0,0.288675,0,0,1,0,0,0,1,0,1,1,0,1,0,1,0,0,1,0
*Otto,dog,Pug/Chihuahua Shorthair,adult,Brown,Friendly; Calm; Affectionate,apartment,relaxed,experienced,1,0,0_3,Shy,1,0,0,1,0,0,0,1,1,0,1,0,0,1,1,0,0,0,1,0,0,0.0,0,0,0,0,1,0,0,0,0,1,1,0,0,0,0,1,0,1
*Samuel,dog,Chihuahua Shorthair Mix,kitten_puppy,Black,Friendly; Calm; Energetic; Playful; Affectionate,house_no_yard,high,experienced,0,1,8_plus,Energetic,0,0,1,0,0,1,0,1,0,1,0,0,1,0,1,0,1,0,0,0,0,0.447214,0,0,0,1,0,0,0,0,0,1,1,1,0,1,0,1,0,1
Rock,dog,Pit Bull Mix,kitten_puppy,Black,Friendly; Energetic; Playful,house_no_yard,relaxed,experienced,0,0,0_3,Protective; Friendly,0,0,1,1,0,0,0,1,0,0,1,0,0,0,1,0,1,0,0,0,0,0.408248,0,1,0,0,0,0,0,0,1,1,0,1,0,1,0,0,0,1
Shadow,cat,Domestic Shorthair Mix,kitten_puppy,Black,Energetic; Playful; Affectionate,apartment,moderate,first_time,1,1,0_3,Protective,1,0,0,0,1,0,1,0,1,1,1,0,0,0,0,1,1,0,0,0,0,0.0,0,0,0,0,0,0,0,0,1,0,0,1,0,1,0,1,0,1
Chip,dog,Boxer Mix,young,White,Friendly; Energetic; Playful,house_no_yard,relaxed,experienced,0,0,8_plus,Independent; Playful; Friendly,0,0,1,1,0,0,0,1,0,0,0,0,1,0,1,0,0,1,0,0,0,0.666667,0,1,0,0,0,1,1,0,0,1,0,1,0,1,0,0,0,0
Mimo,dog,Chihuahua Shorthair/Rat Terrier,young,White,Friendly; Calm; Energetic; Playful; Affectionate,apartment,moderate,first_time,0,1,4_7,Energetic,1,0,0,0,1,0,1,0,0,1,0,1,0,0,1,0,0,1,0,0,0,0.447214,0,0,0,1,0,0,0,0,0,1,1,1,0,1,0,1,0,1
Hannah,dog,Basenji Mix,young,Tricolor,Friendly; Energetic; Playful,house_with_yard,moderate,experienced,1,0,0_3,Calm,0,1,0,0,1,0,0,1,1,0,1,0,0,0,1,0,0,1,0,0,0,0.0,0,0,1,0,0,0,0,0,0,1,0,1,0,1,0,0,0,1
*Zelda,cat,Domestic Shorthair Mix,young,Black,Calm; Independent; Affectionate,apartment,moderate,experienced,0,1,8_plus,Affectionate; Protective,1,0,0,0,1,0,0,1,0,1,0,0,1,0,0,1,0,1,0,0,0,0.408248,0,0,0,0,0,0,0,1,1,0,1,0,0,0,1,1,0,1
Shelter Rescue,dog,Miniature Schnauzer/West Highland,young,White,Friendly; Energetic; Playful,apartment,moderate,first_time,0,0,4_7,Energetic,1,0,0,0,1,0,1,0,0,0,0,1,0,1,1,0,0,1,0,0,0,0.57735,0,0,0,1,0,0,0,0,0,1,0,1,0,1,0,0,0,0
Shelter Rescue,dog,Labrador Retriever Mix,kitten_puppy,White,Friendly; Energetic; Playful; Affectionate,apartment,moderate,first_time,1,1,8_plus,Protective; Independent; Energetic,1,0,0,0,1,0,1,0,1,1,0,0,1,0,1,0,1,0,0,0,0,0.288675,0,0,0,1,0,0,1,0,1,1,0,1,0,1,0,1,0,0
Shelter Rescue,cat,Domestic Shorthair Mix,kitten_puppy,Tabby,Energetic; Playful; Affectionate,apartment,moderate,experienced,1,1,8_plus,Affectionate; Shy,1,0,0,0,1,0,0,1,1,1,0,0,1,0,0,1,1,0,0,0,0,0.408248,0,0,0,0,1,0,0,1,0,0,0,1,0,1,0,1,0,1
Shelter Rescue,cat,Domestic Shorthair Mix,kitten_puppy,Gray,Energetic; Playful; Affectionate,house_no_yard,high,first_time,0,1,0_3,Independent,0,0,1,0,0,1,1,0,0,1,1,0,0,1,0,1,1,0,0,0,0,0.0,1,0,0,0,0,0,1,0,0,0,0,1,0,1,0,1,0,1
Spot,dog,Australian Cattle Dog Mix,adult,Black,Friendly; Affectionate,house_no_yard,relaxed,experienced,1,0,0_3,Shy; Affectionate; Playful,0,0,1,1,0,0,0,1,1,0,1,0,0,0,1,0,0,0,1,0,0,0.408248,0,0,0,0,1,1,0,1,0,1,0,0,0,0,0,1,0,1
*Princess Sn,cat,Domestic Shorthair Mix,kitten_puppy,White,Energetic; Playful; Affectionate,house_with_yard,moderate,first_time,0,1,8_plus,Friendly; Playful,0,1,0,0,1,0,1,0,0,1,0,0,1,0,0,1,1,0,0,0,0,0.408248,0,1,0,0,0,1,0,0,0,0,0,1,0,1,0,1,0,0
Maya,dog,Boxer Mix,young,White,Friendly; Energetic; Playful,house_with_yard,moderate,experienced,1,0,0_3,Playful; Affectionate,0,1,0,0,1,0,0,1,1,0,1,0,0,0,1,0,0,1,0,0,0,0.408248,1,0,0,0,0,1,0,1,0,1,0,1,0,1,0,0,0,1
Jayce,dog,Anatol Shepherd Mix,young,Brown,Friendly; Energetic; Playful; Protective,house_no_yard,moderate,experienced,0,0,0_3,Friendly; Calm,0,0,1,0,1,0,0,1,0,0,1,0,0,0,1,0,0,1,0,0,0,0.353553,0,1,1,0,0,0,0,0,0,1,0,1,0,1,0,0,1,0
Minkee,cat,Domestic Shorthair Mix,adult,White,Calm; Independent; Affectionate,apartment,relaxed,experienced,0,1,4_7,Playful,1,0,0,1,0,0,0,1,0,1,0,1,0,0,0,1,0,0,1,0,0,0.0,1,0,0,0,0,1,0,0,0,0,1,0,0,0,1,1,0,1
Luna,dog,Anatol Shepherd Mix,kitten_puppy,Tricolor,Friendly; Energetic; Playful; Protective,house_no_yard,high,first_time,1,0,4_7,Affectionate,0,0,1,0,0,1,1,0,1,0,0,1,0,0,1,0,1,0,0,0,0,0.0,0,0,0,0,0,0,0,1,0,1,0,1,0,1,0,0,1,1
Rusty,dog,Labrador Retriever Mix,adult,Brown,Friendly; Playful; Affectionate,house_no_yard,moderate,first_time,1,1,8_plus,Energetic,0,0,1,0,1,0,1,0,1,1,0,0,1,1,1,0,0,0,1,0,0,0.0,0,0,0,1,0,0,0,0,0,1,0,0,0,1,0,1,0,1
Tucker,cat,Siamese Mix,kitten_puppy,Brown,Energetic; Playful; Affectionate,apartment,relaxed,experienced,0,1,0_3,Shy; Affectionate; Independent,1,0,0,1,0,0,0,1,0,1,1,0,0,1,0,1,1,0,0,0,0,0.333333,0,0,0,0,1,0,1,1,0,0,0,1,0,1,0,1,0,1
Chilidog,dog,Dachshund Mix,young,Brown,Friendly; Calm; Energetic; Playful; Affectionate,house_with_yard,high,experienced,0,1,8_plus,Playful,0,1,0,0,0,1,0,1,0,1,0,0,1,0,1,0,0,1,0,0,0,0.447214,0,0,0,0,0,1,0,0,0,1,1,1,0,1,0,1,0,1
*Finn,cat,Domestic Shorthair Mix,kitten_puppy,Orange,Energetic; Playful; Affectionate,house_with_yard,high,first_time,1,1,8_plus,Calm; Protective,0,1,0,0,0,1,1,0,1,1,0,0,1,0,0,1,1,0,0,0,0,0.0,0,0,1,0,0,0,0,0,1,0,0,1,0,1,0,1,0,1
*Ernie,cat,Domestic Shorthair Mix,kitten_puppy,White,Energetic; Playful; Affectionate,house_no_yard,moderate,experienced,1,0,0_3,Shy; Friendly; Affectionate,0,0,1,0,1,0,0,1,1,0,1,0,0,1,0,1,1,0,0,0,0,0.333333,0,1,0,0,1,0,0,1,0,0,0,1,0,1,0,1,0,1
*Morpheus,cat,Domestic Shorthair Mix,kitten_puppy,Tabby,Energetic; Playful; Affectionate,house_no_yard,relaxed,experienced,1,1,4_7,Independent; Playful,0,0,1,1,0,0,0,1,1,1,0,1,0,1,0,1,1,0,0,0,0,0.408248,1,0,0,0,0,1,1,0,0,0,0,1,0,1,0,1,0,1
Austin P,cat,Domestic Shorthair Mix,kitten_puppy,White,Energetic; Playful; Affectionate,house_no_yard,relaxed,experienced,1,1,0_3,Energetic; Shy,0,0,1,1,0,0,0,1,1,1,1,0,0,1,0,1,1,0,0,0,0,0.408248,0,0,0,1,1,0,0,0,0,0,0,1,0,1,0,1,0,1
Vera,dog,Chihuahua Shorthair,adult,Brown,Friendly; Calm; Affectionate,apartment,relaxed,first_time,0,0,0_3,Independent; Playful,1,0,0,1,0,0,1,0,0,0,1,0,0,1,1,0,0,0,1,0,0,0.0,0,0,0,0,0,1,1,0,0,1,1,0,0,0,0,1,0,1
Arya,cat,Domestic Shorthair Mix,kitten_puppy,Black,Energetic; Playful; Affectionate,house_with_yard,high,experienced,1,0,8_plus,Calm,0,1,0,0,0,1,0,1,1,0,0,0,1,0,0,1,1,0,0,0,0,0.0,1,0,1,0,0,0,0,0,0,0,0,1,0,1,0,1,0,1
Ike,dog,Australian Shepherd Mix,kitten_puppy,White,Friendly; Energetic; Playful; Protective,apartment,high,first_time,1,0,4_7,Independent; Energetic,1,0,0,0,0,1,1,0,1,0,0,1,0,0,1,0,1,0,0,0,0,0.353553,1,0,0,1,0,0,1,0,0,1,0,1,0,1,0,0,1,1
Brisket,dog,German Shepherd/Labrador Retriever,young,White,Friendly; Energetic; Playful; Affectionate; Protective,house_with_yard,high,experienced,1,1,8_plus,Independent; Shy,0,1,0,0,0,1,0,1,1,1,0,0,1,0,1,0,0,1,0,0,0,0.0,0,0,0,0,1,0,1,0,0,1,0,1,0,1,0,1,1,1
Peaches,cat,Domestic Shorthair Mix,kitten_puppy,White,Energetic; Playful; Affectionate,house_no_yard,moderate,first_time,0,0,0_3,Protective; Shy,0,0,1,0,1,0,1,0,0,0,1,0,0,0,0,1,1,0,0,0,0,0.0,0,0,0,0,1,0,0,0,1,0,0,1,0,1,0,1,0,0
Shelter Rescue,cat,Domestic Shorthair Mix,kitten_puppy,Tabby,Energetic; Playful; Affectionate,apartment,high,first_time,0,0,0_3,Affectionate,1,0,0,0,0,1,1,0,0,0,1,0,0,0,0,1,1,0,0,0,0,0.57735,0,0,0,0,0,0,0,1,0,0,0,1,0,1,0,1,0,1
*Waldo,dog,Blue Lacy Mix,young,White,Friendly; Energetic; Playful,house_with_yard,moderate,first_time,0,0,0_3,Playful,0,1,0,0,1,0,1,0,0,0,1,0,0,1,1,0,0,1,0,0,0,0.57735,0,0,0,0,0,1,0,0,0,1,0,1,0,1,0,0,0,1
*Pam,dog,Labrador Retriever Mix,kitten_puppy,Black,Friendly; Energetic; Playful; Affectionate,apartment,relaxed,first_time,0,1,0_3,Energetic; Calm; Playful,1,0,0,1,0,0,1,0,0,1,1,0,0,1,1,0,1,0,0,0,0,0.57735,0,0,1,1,0,1,0,0,0,1,0,1,0,1,0,1,0,1
Shelter Rescue,cat,Domestic Shorthair Mix,kitten_puppy,Tabby,Energetic; Playful; Affectionate,house_no_yard,high,first_time,1,0,8_plus,Friendly; Calm,0,0,1,0,0,1,1,0,1,0,0,0,1,0,0,1,1,0,0,0,0,0.0,1,1,1,0,0,0,0,0,0,0,0,1,0,1,0,1,0,0
Shelter Rescue,cat,Domestic Shorthair Mix,kitten_puppy,Black,Energetic; Playful; Affectionate,house_no_yard,high,experienced,1,0,4_7,Energetic; Protective; Shy,0,0,1,0,0,1,0,1,1,0,0,1,0,0,0,1,1,0,0,0,0,0.333333,0,0,0,1,1,0,0,0,1,0,0,1,0,1,0,1,0,1
London,dog,Rottweiler Mix,kitten_puppy,Black,Friendly; Energetic; Playful,apartment,high,first_time,0,0,4_7,Friendly; Independent,1,0,0,0,0,1,1,0,0,0,0,1,0,0,1,0,1,0,0,0,0,0.408248,0,1,0,0,0,0,1,0,0,1,0,1,0,1,0,0,0,0
Skylar,cat,Russian Blue Mix,kitten_puppy,Gray,Energetic; Playful; Affectionate,house_with_yard,high,first_time,0,1,4_7,Independent,0,1,0,0,0,1,1,0,0,1,0,1,0,0,0,1,1,0,0,0,0,0.0,0,0,0,0,0,0,1,0,0,0,0,1,0,1,0,1,0,1
Cody,dog,Labrador Retriever/Border Collie,young,Black,Friendly; Energetic; Playful; Affectionate,house_no_yard,high,experienced,1,1,8_plus,Friendly; Affectionate,0,0,1,0,0,1,0,1,1,1,0,0,1,0,1,0,0,1,0,0,0,0.707107,0,1,0,0,0,0,0,1,0,1,0,1,0,1,0,1,0,1
*Frenchie,dog,Catahoula Mix,kitten_puppy,White,Friendly; Energetic; Playful,apartment,moderate,experienced,1,0,4_7,Calm; Friendly; Shy,1,0,0,0,1,0,0,1,1,0,0,1,0,0,1,0,1,0,0,0,0,0.333333,0,1,1,0,1,0,0,0,0,1,0,1,0,1,0,0,0,0
Kovu,cat,Domestic Shorthair Mix,kitten_puppy,Tabby,Energetic; Playful; Affectionate,house_no_yard,relaxed,first_time,0,1,0_3,Playful; Protective,0,0,1,1,0,0,1,0,0,1,1,0,0,1,0,1,1,0,0,0,0,0.408248,0,0,0,0,0,1,0,0,1,0,0,1,0,1,0,1,0,1
Willie,cat,Domestic Shorthair Mix,kitten_puppy,Orange,Energetic; Playful; Affectionate,house_with_yard,relaxed,experienced,1,0,4_7,Independent; Energetic; Friendly,0,1,0,1,0,0,0,1,1,0,0,1,0,0,0,1,1,0,0,0,0,0.333333,0,1,0,1,0,0,1,0,0,0,0,1,0,1,0,1,0,1
*Chanterelle,cat,Siamese Mix,kitten_puppy,Brown,Energetic; Playful; Affectionate,house_with_yard,high,first_time,1,0,0_3,Energetic,0,1,0,0,0,1,1,0,1,0,1,0,0,0,0,1,1,0,0,0,0,0.57735,0,0,0,1,0,0,0,0,0,0,0,1,0,1,0,1,0,1
Nieves,dog,Great Pyrenees Mix,kitten_puppy,White,Friendly; Energetic; Playful,house_no_yard,relaxed,experienced,1,0,8_plus,Friendly,0,0,1,1,0,0,0,1,1,0,0,0,1,1,1,0,1,0,0,0,0,0.57735,0,1,0,0,0,0,0,0,0,1,0,1,0,1,0,0,0,0
Nikko,dog,German Shepherd/Pembroke Welsh Corgi,kitten_puppy,Black,Friendly; Energetic; Playful; Protective,house_with_yard,relaxed,experienced,1,1,0_3,Shy,0,1,0,1,0,0,0,1,1,1,1,0,0,1,1,0,1,0,0,0,0,0.0,1,0,0,0,1,0,0,0,0,1,0,1,0,1,0,0,1,1
Shelter Rescue,dog,Labrador Retriever Mix,young,Brown,Friendly; Energetic; Playful; Affectionate,apartment,high,experienced,0,0,8_plus,Calm; Independent; Energetic,1,0,0,0,0,1,0,1,0,0,0,0,1,0,1,0,0,1,0,0,0,0.288675,1,0,1,1,0,0,1,0,0,1,0,1,0,1,0,1,0,1
*Yogi Bear,dog,American Pit Bull Terrier Mix,young,Black,Friendly; Energetic; Playful,house_no_yard,moderate,first_time,0,0,4_7,Friendly; Energetic,0,0,1,0,1,0,1,0,0,0,0,1,0,0,1,0,0,1,0,0,0,0.816497,0,1,0,1,0,0,0,0,0,1,0,1,0,1,0,0,0,1
*Batman,cat,Domestic Shorthair Mix,kitten_puppy,Black,Energetic; Playful; Affectionate,house_no_yard,moderate,experienced,1,1,8_plus,Protective; Affectionate,0,0,1,0,1,0,0,1,1,1,0,0,1,0,0,1,1,0,0,0,0,0.408248,0,0,0,0,0,0,0,1,1,0,0,1,0,1,0,1,0,0
*Octavio,dog,Collie Smooth/Siberian Husky,young,Tricolor,Friendly; Energetic; Playful,house_with_yard,relaxed,first_time,1,1,0_3,Protective; Shy; Independent,0,1,0,1,0,0,1,0,1,1,1,0,0,0,1,0,0,1,0,0,0,0.0,0,0,0,0,1,0,1,0,1,1,0,1,0,1,0,0,0,1
*Brad,dog,Chihuahua Shorthair Mix,senior,Brown,Friendly; Calm; Independent; Affectionate,house_with_yard,moderate,experienced,1,1,8_plus,Energetic; Protective,0,1,0,0,1,0,0,1,1,1,0,0,1,0,1,0,0,0,0,1,0,0.0,0,0,0,1,0,0,0,0,1,1,1,0,0,0,1,1,0,1
Rex,dog,Mastiff/Boxer,young,White,Friendly; Energetic; Playful,house_with_yard,relaxed,experienced,1,1,0_3,Playful,0,1,0,1,0,0,0,1,1,1,1,0,0,0,1,0,0,1,0,0,0,0.57735,0,0,0,0,0,1,0,0,0,1,0,1,0,1,0,0,0,1
*Alf,dog,German Shepherd Mix,adult,Orange,Friendly; Energetic; Affectionate; Protective,apartment,high,experienced,0,0,4_7,Friendly; Calm,1,0,0,0,0,1,0,1,0,0,0,1,0,0,1,0,0,0,1,0,0,0.353553,1,1,1,0,0,0,0,0,0,1,0,1,0,0,0,1,1,1
Bartholomew,cat,Domestic Shorthair Mix,kitten_puppy,Tricolor,Energetic; Playful; Affectionate,apartment,relaxed,first_time,0,1,4_7,Energetic,1,0,0,1,0,0,1,0,0,1,0,1,0,0,0,1,1,0,0,0,0,0.57735,1,0,0,1,0,0,0,0,0,0,0,1,0,1,0,1,0,1
Piper,dog,Chihuahua Shorthair Mix,young,Black,Friendly; Calm; Energetic; Playful; Affectionate,apartment,relaxed,first_time,0,1,0_3,Protective,1,0,0,1,0,0,1,0,0,1,1,0,0,0,1,0,0,1,0,0,0,0.0,0,0,0,0,0,0,0,0,1,1,1,1,0,1,0,1,0,1
Penny,dog,Chihuahua Longhair Mix,kitten_puppy,Black,Friendly; Calm; Energetic; Playful; Affectionate,house_with_yard,moderate,first_time,1,0,0_3,Affectionate; Energetic; Calm,0,1,0,0,1,0,1,0,1,0,1,0,0,0,1,0,1,0,0,0,0,0.774597,0,0,1,1,0,0,0,1,0,1,1,1,0,1,0,1,0,1
Memow,cat,Domestic Shorthair Mix,kitten_puppy,Black,Energetic; Playful; Affectionate,house_no_yard,moderate,experienced,0,0,8_plus,Protective; Playful,0,0,1,0,1,0,0,1,0,0,0,0,1,0,0,1,1,0,0,0,0,0.408248,1,0,0,0,0,1,0,0,1,0,0,1,0,1,0,1,0,0
Poppy,dog,Australian Cattle Dog Mix,kitten_puppy,Tricolor,Friendly; Energetic; Playful,apartment,high,first_time,0,1,8_plus,Playful,1,0,0,0,0,1,1,0,0,1,0,0,1,0,1,0,1,0,0,0,0,0.57735,0,0,0,0,0,1,0,0,0,1,0,1,0,1,0,0,0,0
*Titus,cat,Domestic Shorthair Mix,adult,Black,Calm; Independent; Affectionate,house_with_yard,moderate,first_time,1,0,4_7,Independent; Friendly,0,1,0,0,1,0,1,0,1,0,0,1,0,0,0,1,0,0,1,0,0,0.408248,0,1,0,0,0,0,1,0,0,0,1,0,0,0,1,1,0,0
Gracie,dog,American Staffordshire Terrier Mix,young,White,Friendly; Energetic; Playful,house_with_yard,relaxed,first_time,1,0,4_7,Friendly; Affectionate; Calm,0,1,0,1,0,0,1,0,1,0,0,1,0,0,1,0,0,1,0,0,0,0.333333,0,1,1,0,0,0,0,1,0,1,0,1,0,1,0,0,0,1
*Ashara,cat,Domestic Shorthair Mix,kitten_puppy,Tabby,Energetic; Playful; Affectionate,house_with_yard,high,experienced,0,1,4_7,Shy,0,1,0,0,0,1,0,1,0,1,0,1,0,0,0,1,1,0,0,0,0,0.0,0,0,0,0,1,0,0,0,0,0,0,1,0,1,0,1,0,1
*Suzie,cat,Domestic Shorthair Mix,kitten_puppy,Tricolor,Energetic; Playful; Affectionate,apartment,high,first_time,1,1,4_7,Energetic; Affectionate,1,0,0,0,0,1,1,0,1,1,0,1,0,0,0,1,1,0,0,0,0,0.816497,0,0,0,1,0,0,0,1,0,0,0,1,0,1,0,1,0,1
Marmalade,cat,Domestic Shorthair Mix,kitten_puppy,Orange,Energetic; Playful; Affectionate,house_with_yard,relaxed,first_time,0,0,8_plus,Energetic; Shy,0,1,0,1,0,0,1,0,0,0,0,0,1,0,0,1,1,0,0,0,0,0.408248,0,0,0,1,1,0,0,0,0,0,0,1,0,1,0,1,0,0
*Charlie,cat,Domestic Shorthair Mix,kitten_puppy,Orange,Energetic; Playful; Affectionate,house_no_yard,relaxed,experienced,0,0,4_7,Energetic; Affectionate; Playful,0,0,1,1,0,0,0,1,0,0,0,1,0,0,0,1,1,0,0,0,0,1.0,0,0,0,1,0,1,0,1,0,0,0,1,0,1,0,1,0,1
*Levi,dog,Border Collie Mix,young,White,Friendly; Energetic; Playful,apartment,moderate,experienced,1,0,4_7,Energetic; Independent,1,0,0,0,1,0,0,1,1,0,0,1,0,0,1,0,0,1,0,0,0,0.408248,0,0,0,1,0,0,1,0,0,1,0,1,0,1,0,0,0,0
*Nemo,dog,Bruss Griffon Mix,adult,Brown,Friendly; Affectionate,apartment,high,first_time,1,0,4_7,Friendly; Calm,1,0,0,0,0,1,1,0,1,0,0,1,0,1,1,0,0,0,1,0,0,0.5,0,1,1,0,0,0,0,0,0,1,0,0,0,0,0,1,0,1
*Merrilee,dog,Australian Cattle Dog Mix,kitten_puppy,Orange,Friendly; Energetic; Playful,house_no_yard,high,experienced,0,1,4_7,Protective; Affectionate,0,0,1,0,0,1,0,1,0,1,0,1,0,0,1,0,1,0,0,0,0,0.0,0,0,0,0,0,0,0,1,1,1,0,1,0,1,0,0,0,1
Rosie,dog,Chihuahua Shorthair Mix,young,Black,Friendly; Calm; Energetic; Playful; Affectionate,house_with_yard,moderate,first_time,1,1,8_plus,Calm; Affectionate,0,1,0,0,1,0,1,0,1,1,0,0,1,0,1,0,0,1,0,0,0,0.632456,0,0,1,0,0,0,0,1,0,1,1,1,0,1,0,1,0,1
Presley,cat,Domestic Shorthair Mix,kitten_puppy,Gray,Energetic; Playful; Affectionate,apartment,high,first_time,0,1,0_3,Friendly; Affectionate; Playful,1,0,0,0,0,1,1,0,0,1,1,0,0,1,0,1,1,0,0,0,0,0.666667,0,1,0,0,0,1,0,1,0,0,0,1,0,1,0,1,0,1
Shelter Rescue,dog,Catahoula Mix,kitten_puppy,Gray,Friendly; Energetic; Playful,house_with_yard,high,experienced,1,1,8_plus,Shy,0,1,0,0,0,1,0,1,1,1,0,0,1,0,1,0,1,0,0,0,0,0.0,0,0,0,0,1,0,0,0,0,1,0,1,0,1,0,0,0,1
*Piglet,dog,Chihuahua Longhair Mix,kitten_puppy,White,Friendly; Calm; Energetic; Playful; Affectionate,apartment,high,first_time,0,1,0_3,Energetic; Independent,1,0,0,0,0,1,1,0,0,1,1,0,0,0,1,0,1,0,0,0,0,0.316228,0,0,0,1,0,0,1,0,0,1,1,1,0,1,0,1,0,1
*Chino,dog,Pit Bull Mix,young,White,Friendly; Energetic; Playful,apartment,high,first_time,0,0,8_plus,Friendly; Shy; Protective,1,0,0,0,0,1,1,0,0,0,0,0,1,1,1,0,0,1,0,0,0,0.333333,1,1,0,0,1,0,0,0,1,1,0,1,0,1,0,0,0,1
Braker,dog,Labrador Retriever Mix,young,Black,Friendly; Energetic; Playful; Affectionate,apartment,relaxed,first_time,1,1,0_3,Protective; Independent,1,0,0,1,0,0,1,0,1,1,1,0,0,0,1,0,0,1,0,0,0,0.0,0,0,0,0,0,0,1,0,1,1,0,1,0,1,0,1,0,1
*Donahue,dog,Pit Bull Mix,young,Black,Friendly; Energetic; Playful,house_with_yard,high,first_time,1,0,4_7,Protective; Playful; Energetic,0,1,0,0,0,1,1,0,1,0,0,1,0,1,1,0,0,1,0,0,0,0.666667,0,0,0,1,0,1,0,0,1,1,0,1,0,1,0,0,0,1
Milo,cat,Domestic Shorthair Mix,kitten_puppy,Black,Energetic; Playful; Affectionate,apartment,moderate,experienced,1,1,4_7,Energetic; Protective,1,0,0,0,1,0,0,1,1,1,0,1,0,0,0,1,1,0,0,0,0,0.408248,0,0,0,1,0,0,0,0,1,0,0,1,0,1,0,1,0,1
Sallie,cat,Domestic Shorthair Mix,kitten_puppy,Tricolor,Energetic; Playful; Affectionate,house_no_yard,high,experienced,1,1,0_3,Calm,0,0,1,0,0,1,0,1,1,1,1,0,0,0,0,1,1,0,0,0,0,0.0,1,0,1,0,0,0,0,0,0,0,0,1,0,1,0,1,0,1
*Angie,dog,Australian Kelpie Mix,young,Orange,Friendly; Energetic; Playful,house_no_yard,relaxed,first_time,1,1,0_3,Playful; Friendly; Shy,0,0,1,1,0,0,1,0,1,1,1,0,0,0,1,0,0,1,0,0,0,0.666667,0,1,0,0,1,1,0,0,0,1,0,1,0,1,0,0,0,1
Lilly,cat,Domestic Medium Hair Mix,kitten_puppy,Black,Energetic; Playful; Affectionate,house_with_yard,high,experienced,0,1,0_3,Energetic; Independent; Protective,0,1,0,0,0,1,0,1,0,1,1,0,0,1,0,1,1,0,0,0,0,0.333333,0,0,0,1,0,0,1,0,1,0,0,1,0,1,0,1,0,1
Shelter Rescue,cat,American Shorthair Mix,kitten_puppy,Black,Energetic; Playful; Affectionate,house_no_yard,high,experienced,0,1,0_3,Energetic,0,0,1,0,0,1,0,1,0,1,1,0,0,0,0,1,1,0,0,0,0,0.57735,0,0,0,1,0,0,0,0,0,0,0,1,0,1,0,1,0,1
Chance,dog,Labrador Retriever/Pit Bull,adult,Brown,Friendly; Energetic; Playful; Affectionate,house_no_yard,high,first_time,0,0,4_7,Playful; Friendly,0,0,1,0,0,1,1,0,0,0,0,1,0,0,1,0,0,0,1,0,0,0.707107,0,1,0,0,0,1,0,0,0,1,0,1,0,1,0,1,0,1
*Buster,dog,Chihuahua Shorthair/Dachshund,kitten_puppy,White,Friendly; Calm; Energetic; Playful; Affectionate,house_with_yard,high,first_time,1,0,0_3,Energetic,0,1,0,0,0,1,1,0,1,0,1,0,0,0,1,0,1,0,0,0,0,0.447214,0,0,0,1,0,0,0,0,0,1,1,1,0,1,0,1,0,1
Willow,cat,Domestic Shorthair Mix,kitten_puppy,White,Energetic; Playful; Affectionate,apartment,relaxed,experienced,0,1,4_7,Energetic,1,0,0,1,0,0,0,1,0,1,0,1,0,0,0,1,1,0,0,0,0,0.57735,0,0,0,1,0,0,0,0,0,0,0,1,0,1,0,1,0,1
Dojo,dog,American Bulldog Mix,young,White,Friendly; Energetic; Playful,house_no_yard,relaxed,first_time,0,0,0_3,Protective; Affectionate; Calm,0,0,1,1,0,0,1,0,0,0,1,0,0,0,1,0,0,1,0,0,0,0.0,0,0,1,0,0,0,0,1,1,1,0,1,0,1,0,0,0,0
Marley,dog,Jack Russell Terrier Mix,kitten_puppy,White,Friendly; Energetic; Playful,house_with_yard,moderate,first_time,0,0,0_3,Friendly; Protective; Calm,0,1,0,0,1,0,1,0,0,0,1,0,0,0,1,0,1,0,0,0,0,0.333333,0,1,1,0,0,0,0,0,1,1,0,1,0,1,0,0,0,1
Chance,dog,Labrador Retriever Mix,young,Black,Friendly; Energetic; Playful; Affectionate,apartment,relaxed,first_time,0,0,8_plus,Energetic; Calm; Independent,1,0,0,1,0,0,1,0,0,0,0,0,1,0,1,0,0,1,0,0,0,0.288675,0,0,1,1,0,0,1,0,0,1,0,1,0,1,0,1,0,0
*Sage,dog,Chihuahua Shorthair Mix,kitten_puppy,Brown,Friendly; Calm; Energetic; Playful; Affectionate,house_with_yard,high,first_time,0,1,4_7,Energetic; Friendly; Calm,0,1,0,0,0,1,1,0,0,1,0,1,0,1,1,0,1,0,0,0,0,0.774597,0,1,1,1,0,0,0,0,0,1,1,1,0,1,0,1,0,1
Shelter Rescue,cat,Domestic Shorthair Mix,kitten_puppy,Black,Energetic; Playful; Affectionate,apartment,high,experienced,0,0,8_plus,Independent; Playful,1,0,0,0,0,1,0,1,0,0,0,0,1,0,0,1,1,0,0,0,0,0.408248,1,0,0,0,0,1,1,0,0,0,0,1,0,1,0,1,0,1
*Macaroni,dog,Miniature Schnauzer/Miniature Poodle,kitten_puppy,White,Friendly; Energetic; Playful; Affectionate,apartment,relaxed,experienced,1,1,0_3,Calm,1,0,0,1,0,0,0,1,1,1,1,0,0,0,1,0,1,0,0,0,0,0.0,0,0,1,0,0,0,0,0,0,1,0,1,0,1,0,1,0,0
*Pee Wee,cat,Domestic Shorthair Mix,kitten_puppy,Black,Energetic; Playful; Affectionate,house_no_yard,moderate,first_time,1,0,4_7,Friendly; Independent,0,0,1,0,1,0,1,0,1,0,0,1,0,0,0,1,1,0,0,0,0,0.0,0,1,0,0,0,0,1,0,0,0,0,1,0,1,0,1,0,0
Charlie,dog,Australian Shepherd Mix,adult,White,Friendly; Energetic; Affectionate; Protective,house_no_yard,relaxed,experienced,0,1,4_7,Protective; Calm; Affectionate,0,0,1,1,0,0,0,1,0,1,0,1,0,0,1,0,0,0,1,0,0,0.57735,0,0,1,0,0,0,0,1,1,1,0,1,0,0,0,1,1,1
Straw,cat,Domestic Shorthair Mix,kitten_puppy,Black,Energetic; Playful; Affectionate,apartment,high,experienced,1,1,8_plus,Shy; Calm; Friendly,1,0,0,0,0,1,0,1,1,1,0,0,1,0,0,1,1,0,0,0,0,0.0,1,1,1,0,1,0,0,0,0,0,0,1,0,1,0,1,0,1
*Tessa,cat,Domestic Shorthair Mix,kitten_puppy,Tricolor,Energetic; Playful; Affectionate,apartment,relaxed,experienced,0,0,8_plus,Affectionate; Calm,1,0,0,1,0,0,0,1,0,0,0,0,1,0,0,1,1,0,0,0,0,0.408248,1,0,1,0,0,0,0,1,0,0,0,1,0,1,0,1,0,0
Joplin,cat,Domestic Medium Hair Mix,kitten_puppy,Black,Energetic; Playful; Affectionate,house_with_yard,high,first_time,1,1,4_7,Shy,0,1,0,0,0,1,1,0,1,1,0,1,0,0,0,1,1,0,0,0,0,0.0,1,0,0,0,1,0,0,0,0,0,0,1,0,1,0,1,0,1
Myles,dog,Catahoula/Labrador Retriever,young,White,Friendly; Energetic; Playful; Affectionate,house_no_yard,high,first_time,1,1,4_7,Playful; Energetic; Shy,0,0,1,0,0,1,1,0,1,1,0,1,0,0,1,0,0,1,0,0,0,0.57735,1,0,0,1,1,1,0,0,0,1,0,1,0,1,0,1,0,1
Jade,dog,Basset Hound/Border Collie,kitten_puppy,Black,Friendly; Energetic; Playful,house_no_yard,relaxed,experienced,0,0,0_3,Energetic; Independent; Protective,0,0,1,1,0,0,0,1,0,0,1,0,0,0,1,0,1,0,0,0,0,0.333333,1,0,0,1,0,0,1,0,1,1,0,1,0,1,0,0,0,1
*Cadabra,cat,Domestic Shorthair Mix,kitten_puppy,Tricolor,Energetic; Playful; Affectionate,house_with_yard,moderate,experienced,0,0,0_3,Independent; Friendly,0,1,0,0,1,0,0,1,0,0,1,0,0,0,0,1,1,0,0,0,0,0.0,0,1,0,0,0,0,1,0,0,0,0,1,0,1,0,1,0,1
Blondie,dog,German Shepherd Mix,adult,Brown,Friendly; Energetic; Affectionate; Protective,house_no_yard,relaxed,first_time,0,0,4_7,Protective; Shy; Energetic,0,0,1,1,0,0,1,0,0,0,0,1,0,0,1,0,0,0,1,0,0,0.57735,0,0,0,1,1,0,0,0,1,1,0,1,0,0,0,1,1,0
*Doc,cat,Domestic Shorthair Mix,kitten_puppy,Tabby,Energetic; Playful; Affectionate,house_no_yard,moderate,experienced,1,1,0_3,Calm; Shy,0,0,1,0,1,0,0,1,1,1,1,0,0,0,0,1,1,0,0,0,0,0.0,1,0,1,0,1,0,0,0,0,0,0,1,0,1,0,1,0,1
*Evelyn,dog,Chihuahua Shorthair Mix,young,Black,Friendly; Calm; Energetic; Playful; Affectionate,house_no_yard,high,first_time,0,1,4_7,Protective; Calm; Energetic,0,0,1,0,0,1,1,0,0,1,0,1,0,0,1,0,0,1,0,0,0,0.516398,0,0,1,1,0,0,0,0,1,1,1,1,0,1,0,1,0,1
*Tarek,cat,Domestic Shorthair Mix,kitten_puppy,Black,Energetic; Playful; Affectionate,house_no_yard,relaxed,first_time,0,1,8_plus,Calm; Shy,0,0,1,1,0,0,1,0,0,1,0,0,1,0,0,1,1,0,0,0,0,0.0,0,0,1,0,1,0,0,0,0,0,0,1,0,1,0,1,0,0
*Portia,dog,Pit Bull Mix,adult,Brown,Friendly; Energetic; Affectionate,house_no_yard,moderate,first_time,0,0,0_3,Affectionate; Calm; Playful,0,0,1,0,1,0,1,0,0,0,1,0,0,0,1,0,0,0,1,0,0,0.333333,0,0,1,0,0,1,0,1,0,1,0,1,0,0,0,1,0,1
*Daisy,dog,Chihuahua Shorthair Mix,kitten_puppy,Black,Friendly; Calm; Energetic; Playful; Affectionate,house_no_yard,high,experienced,1,0,4_7,Affectionate; Protective; Independent,0,0,1,0,0,1,0,1,1,0,0,1,0,1,1,0,1,0,0,0,0,0.258199,0,0,0,0,0,0,1,1,1,1,1,1,0,1,0,1,0,1
Angie,cat,Domestic Shorthair Mix,young,Tricolor,Calm; Independent; Affectionate,house_no_yard,high,experienced,1,1,4_7,Energetic; Friendly,0,0,1,0,0,1,0,1,1,1,0,1,0,0,0,1,0,1,0,0,0,0.0,0,1,0,1,0,0,0,0,0,0,1,0,0,0,1,1,0,0
Shelter Rescue,dog,Labrador Retriever Mix,kitten_puppy,Black,Friendly; Energetic; Playful; Affectionate,house_with_yard,high,experienced,1,0,0_3,Calm,0,1,0,0,0,1,0,1,1,0,1,0,0,0,1,0,1,0,0,0,0,0.0,0,0,1,0,0,0,0,0,0,1,0,1,0,1,0,1,0,1
Shelter Rescue,dog,Chihuahua Shorthair/Dachshund,young,Black,Friendly; Calm; Energetic; Playful; Affectionate,house_with_yard,relaxed,experienced,0,0,4_7,Playful; Independent,0,1,0,1,0,0,0,1,0,0,0,1,0,0,1,0,0,1,0,0,0,0.316228,0,0,0,0,0,1,1,0,0,1,1,1,0,1,0,1,0,1
Fancy-Nancy,dog,Australian Cattle Dog Mix,kitten_puppy,Black,Friendly; Energetic; Playful,apartment,high,experienced,1,0,4_7,Independent; Calm,1,0,0,0,0,1,0,1,1,0,0,1,0,0,1,0,1,0,0,0,0,0.0,0,0,1,0,0,0,1,0,0,1,0,1,0,1,0,0,0,0
Coco,dog,Old English Bulldog Mix,young,Black,Friendly; Energetic; Playful,house_with_yard,relaxed,experienced,0,1,0_3,Playful; Independent; Shy,0,1,0,1,0,0,0,1,0,1,1,0,0,1,1,0,0,1,0,0,0,0.333333,1,0,0,0,1,1,1,0,0,1,0,1,0,1,0,0,0,1
*Pearl,cat,Domestic Shorthair Mix,kitten_puppy,Tricolor,Energetic; Playful; Affectionate,house_with_yard,high,first_time,0,1,0_3,Playful; Friendly,0,1,0,0,0,1,1,0,0,1,1,0,0,0,0,1,1,0,0,0,0,0.408248,0,1,0,0,0,1,0,0,0,0,0,1,0,1,0,1,0,1
Giovanni,cat,Siamese Mix,adult,White,Calm; Playful; Independent; Affectionate,house_with_yard,moderate,experienced,0,1,8_plus,Protective; Calm; Affectionate,0,1,0,0,1,0,0,1,0,1,0,0,1,0,0,1,0,0,1,0,0,0.57735,0,0,1,0,0,0,0,1,1,0,1,0,0,1,1,1,0,1
Donnatelo,dog,Anatol Shepherd/Border Collie,kitten_puppy,Black,Friendly; Energetic; Playful; Protective,apartment,relaxed,experienced,0,0,8_plus,Friendly; Shy; Playful,1,0,0,1,0,0,0,1,0,0,0,0,1,0,1,0,1,0,0,0,0,0.57735,0,1,0,0,1,1,0,0,0,1,0,1,0,1,0,0,1,0
George,dog,Jack Russell Terrier Mix,kitten_puppy,White,Friendly; Energetic; Playful,house_no_yard,high,experienced,1,1,4_7,Affectionate,0,0,1,0,0,1,0,1,1,1,0,1,0,0,1,0,1,0,0,0,0,0.0,1,0,0,0,0,0,0,1,0,1,0,1,0,1,0,0,0,1
Alexis,cat,Domestic Shorthair Mix,kitten_puppy,Tabby,Energetic; Playful; Affectionate,house_with_yard,relaxed,experienced,0,0,4_7,Protective; Playful,0,1,0,1,0,0,0,1,0,0,0,1,0,0,0,1,1,0,0,0,0,0.408248,0,0,0,0,0,1,0,0,1,0,0,1,0,1,0,1,0,1
*Luke,dog,Labrador Retriever Mix,young,Black,Friendly; Energetic; Playful; Affectionate,house_with_yard,high,experienced,0,0,0_3,Independent; Friendly; Protective,0,1,0,0,0,1,0,1,0,0,1,0,0,1,1,0,0,1,0,0,0,0.288675,0,1,0,0,0,0,1,0,1,1,0,1,0,1,0,1,0,1
Thor,cat,Domestic Shorthair Mix,kitten_puppy,Black,Energetic; Playful; Affectionate,apartment,relaxed,experienced,1,0,8_plus,Protective,1,0,0,1,0,0,0,1,1,0,0,0,1,0,0,1,1,0,0,0,0,0.0,0,0,0,0,0,0,0,0,1,0,0,1,0,1,0,1,0,0
*Zelda,cat,Domestic Shorthair Mix,kitten_puppy,Tabby,Energetic; Playful; Affectionate,house_no_yard,relaxed,experienced,0,1,8_plus,Protective; Energetic,0,0,1,1,0,0,0,1,0,1,0,0,1,1,0,1,1,0,0,0,0,0.408248,0,0,0,1,0,0,0,0,1,0,0,1,0,1,0,1,0,0
Shelter Rescue,dog,Rat Terrier Mix,kitten_puppy,Tricolor,Friendly; Energetic; Playful,house_no_yard,high,first_time,0,1,0_3,Affectionate; Protective,0,0,1,0,0,1,1,0,0,1,1,0,0,0,1,0,1,0,0,0,0,0.0,1,0,0,0,0,0,0,1,1,1,0,1,0,1,0,0,0,1
Shelter Rescue,cat,Domestic Shorthair Mix,kitten_puppy,White,Energetic; Playful; Affectionate,house_no_yard,relaxed,first_time,1,0,0_3,Energetic,0,0,1,1,0,0,1,0,1,0,1,0,0,0,0,1,1,0,0,0,0,0.57735,0,0,0,1,0,0,0,0,0,0,0,1,0,1,0,1,0,1
Shelter Rescue,cat,Domestic Shorthair Mix,kitten_puppy,Tabby,Energetic; Playful; Affectionate,house_no_yard,high,experienced,0,1,8_plus,Calm; Shy,0,0,1,0,0,1,0,1,0,1,0,0,1,0,0,1,1,0,0,0,0,0.0,0,0,1,0,1,0,0,0,0,0,0,1,0,1,0,1,0,0
Bailey,dog,Chihuahua Shorthair Mix,young,White,Friendly; Calm; Energetic; Playful; Affectionate,house_no_yard,high,first_time,1,0,8_plus,Playful; Energetic,0,0,1,0,0,1,1,0,1,0,0,0,1,0,1,0,0,1,0,0,0,0.632456,0,0,0,1,0,1,0,0,0,1,1,1,0,1,0,1,0,1
Shelter Rescue,dog,Chihuahua Shorthair Mix,kitten_puppy,Black,Friendly; Calm; Energetic; Playful; Affectionate,apartment,high,experienced,0,0,4_7,Friendly; Shy; Protective,1,0,0,0,0,1,0,1,0,0,0,1,0,1,1,0,1,0,0,0,0,0.258199,0,1,0,0,1,0,0,0,1,1,1,1,0,1,0,1,0,1
*Shiner,dog,Australian Cattle Dog Mix,kitten_puppy,White,Friendly; Energetic; Playful,apartment,relaxed,first_time,0,0,0_3,Independent; Calm,1,0,0,1,0,0,1,0,0,0,1,0,0,1,1,0,1,0,0,0,0,0.0,0,0,1,0,0,0,1,0,0,1,0,1,0,1,0,0,0,0
Bodhi,dog,Pit Bull Mix,young,White,Friendly; Energetic; Playful,apartment,high,experienced,0,0,8_plus,Energetic,1,0,0,0,0,1,0,1,0,0,0,0,1,0,1,0,0,1,0,0,0,0.57735,0,0,0,1,0,0,0,0,0,1,0,1,0,1,0,0,0,0
*Carlo,cat,Domestic Shorthair Mix,kitten_puppy,Black,Energetic; Playful; Affectionate,house_no_yard,moderate,first_time,0,0,0_3,Affectionate,0,0,1,0,1,0,1,0,0,0,1,0,0,0,0,1,1,0,0,0,0,0.57735,0,0,0,0,0,0,0,1,0,0,0,1,0,1,0,1,0,1
*Ayla,dog,Labrador Retriever Mix,adult,Black,Friendly; Playful; Affectionate,house_no_yard,moderate,experienced,1,1,0_3,Shy; Friendly; Protective,0,0,1,0,1,0,0,1,1,1,1,0,0,0,1,0,0,0,1,0,0,0.333333,0,1,0,0,1,0,0,0,1,1,0,0,0,1,0,1,0,1
Fluff,cat,Domestic Shorthair Mix,adult,Gray,Calm; Independent; Affectionate,apartment,moderate,experienced,0,1,0_3,Energetic; Protective,1,0,0,0,1,0,0,1,0,1,1,0,0,0,0,1,0,0,1,0,0,0.0,0,0,0,1,0,0,0,0,1,0,1,0,0,0,1,1,0,1
*Samantha,dog,Boxer/Labrador Retriever,young,Black,Friendly; Energetic; Playful; Affectionate,house_with_yard,moderate,experienced,0,1,0_3,Friendly; Independent,0,1,0,0,1,0,0,1,0,1,1,0,0,0,1,0,0,1,0,0,0,0.353553,1,1,0,0,0,0,1,0,0,1,0,1,0,1,0,1,0,1
Shelter Rescue,cat,Domestic Longhair Mix,kitten_puppy,Black,Energetic; Playful; Affectionate,house_with_yard,moderate,first_time,0,1,4_7,Energetic; Playful,0,1,0,0,1,0,1,0,0,1,0,1,0,0,0,1,1,0,0,0,0,0.816497,0,0,0,1,0,1,0,0,0,0,0,1,0,1,0,1,0,1
Daisy,dog,Pit Bull Mix,young,Black,Friendly; Energetic; Playful,apartment,high,experienced,0,1,8_plus,Shy; Independent,1,0,0,0,0,1,0,1,0,1,0,0,1,0,1,0,0,1,0,0,0,0.0,0,0,0,0,1,0,1,0,0,1,0,1,0,1,0,0,0,0
*George,dog,Chihuahua Shorthair/Cardigan Welsh Corgi,kitten_puppy,White,Friendly; Calm; Energetic; Playful; Affectionate,house_no_yard,relaxed,first_time,0,0,8_plus,Affectionate; Protective; Independent,0,0,1,1,0,0,1,0,0,0,0,0,1,0,1,0,1,0,0,0,0,0.258199,0,0,0,0,0,0,1,1,1,1,1,1,0,1,0,1,0,1
Maury,dog,Basenji Mix,senior,Orange,Friendly; Calm; Independent; Affectionate,house_no_yard,relaxed,experienced,0,0,8_plus,Independent; Protective,0,0,1,1,0,0,0,1,0,0,0,0,1,0,1,0,0,0,0,1,0,0.353553,0,0,0,0,0,0,1,0,1,1,1,0,0,0,1,1,0,1
*Balthasar,dog,Miniature Schnauzer Mix,young,Black,Friendly; Energetic; Playful,house_with_yard,moderate,first_time,0,0,8_plus,Friendly; Protective; Energetic,0,1,0,0,1,0,1,0,0,0,0,0,1,0,1,0,0,1,0,0,0,0.666667,0,1,0,1,0,0,0,0,1,1,0,1,0,1,0,0,0,1
*Maggie,dog,Dachshund Mix,young,White,Friendly; Calm; Energetic; Playful; Affectionate,apartment,relaxed,first_time,0,0,0_3,Independent; Affectionate; Energetic,1,0,0,1,0,0,1,0,0,0,1,0,0,1,1,0,0,1,0,0,0,0.516398,0,0,0,1,0,0,1,1,0,1,1,1,0,1,0,1,0,1
Susuwatari,cat,Domestic Shorthair Mix,kitten_puppy,Tricolor,Energetic; Playful; Affectionate,apartment,high,first_time,1,0,8_plus,Friendly; Shy,1,0,0,0,0,1,1,0,1,0,0,0,1,0,0,1,1,0,0,0,0,0.0,0,1,0,0,1,0,0,0,0,0,0,1,0,1,0,1,0,0
Kalina,cat,Domestic Shorthair Mix,kitten_puppy,Black,Energetic; Playful; Affectionate,house_with_yard,relaxed,experienced,1,0,8_plus,Playful; Protective; Energetic,0,1,0,1,0,0,0,1,1,0,0,0,1,0,0,1,1,0,0,0,0,0.666667,0,0,0,1,0,1,0,0,1,0,0,1,0,1,0,1,0,1
Stella,cat,Snowshoe,young,White,Calm; Independent; Affectionate,house_no_yard,moderate,first_time,0,0,0_3,Shy; Independent,0,0,1,0,1,0,1,0,0,0,1,0,0,0,0,1,0,1,0,0,0,0.408248,1,0,0,0,1,0,1,0,0,0,1,0,0,0,1,1,0,1
*Nicolai,cat,Domestic Medium Hair Mix,kitten_puppy,White,Energetic; Playful; Affectionate,apartment,moderate,experienced,0,0,4_7,Energetic; Playful; Protective,1,0,0,0,1,0,0,1,0,0,0,1,0,0,0,1,1,0,0,0,0,0.666667,0,0,0,1,0,1,0,0,1,0,0,1,0,1,0,1,0,1
*Lamar,dog,Chihuahua Shorthair Mix,young,Black,Friendly; Calm; Energetic; Playful; Affectionate,apartment,moderate,first_time,0,0,4_7,Protective; Shy,1,0,0,0,1,0,1,0,0,0,0,1,0,0,1,0,0,1,0,0,0,0.0,0,0,0,0,1,0,0,0,1,1,1,1,0,1,0,1,0,1
Bruiser,dog,Boxer Mix,kitten_puppy,White,Friendly; Energetic; Playful,house_no_yard,high,first_time,1,1,4_7,Calm; Playful,0,0,1,0,0,1,1,0,1,1,0,1,0,0,1,0,1,0,0,0,0,0.408248,0,0,1,0,0,1,0,0,0,1,0,1,0,1,0,0,0,1
Edgar,dog,Border Collie Mix,young,Black,Friendly; Energetic; Playful,house_with_yard,relaxed,first_time,0,0,0_3,Playful; Shy,0,1,0,1,0,0,1,0,0,0,1,0,0,0,1,0,0,1,0,0,0,0.408248,1,0,0,0,1,1,0,0,0,1,0,1,0,1,0,0,0,1
Shelter Rescue,cat,Domestic Shorthair Mix,kitten_puppy,Black,Energetic; Playful; Affectionate,apartment,relaxed,experienced,1,0,4_7,Affectionate; Energetic; Playful,1,0,0,1,0,0,0,1,1,0,0,1,0,0,0,1,1,0,0,0,0,1.0,0,0,0,1,0,1,0,1,0,0,0,1,0,1,0,1,0,1
*Jericho,dog,Afghan Hound/Labrador Retriever,young,Black,Friendly; Energetic; Playful; Affectionate,house_with_yard,moderate,first_time,0,0,4_7,Calm; Friendly; Protective,0,1,0,0,1,0,1,0,0,0,0,1,0,1,1,0,0,1,0,0,0,0.288675,0,1,1,0,0,0,0,0,1,1,0,1,0,1,0,1,0,1
Jasmine,cat,Domestic Shorthair Mix,kitten_puppy,Gray,Energetic; Playful; Affectionate,house_with_yard,relaxed,experienced,0,1,4_7,Affectionate; Friendly,0,1,0,1,0,0,0,1,0,1,0,1,0,0,0,1,1,0,0,0,0,0.408248,0,1,0,0,0,0,0,1,0,0,0,1,0,1,0,1,0,1
Shelter Rescue,dog,Plott Hound Mix,kitten_puppy,White,Friendly; Energetic; Playful,house_with_yard,moderate,experienced,0,1,4_7,Playful,0,1,0,0,1,0,0,1,0,1,0,1,0,0,1,0,1,0,0,0,0,0.57735,0,0,0,0,0,1,0,0,0,1,0,1,0,1,0,0,0,1
Ramsey,dog,Manchester Terrier Mix,young,Black,Friendly; Energetic; Playful,house_with_yard,moderate,first_time,1,0,4_7,Independent,0,1,0,0,1,0,1,0,1,0,0,1,0,1,1,0,0,1,0,0,0,0.0,0,0,0,0,0,0,1,0,0,1,0,1,0,1,0,0,0,1
Hercules,dog,Pit Bull Mix,adult,White,Friendly; Energetic; Affectionate,house_with_yard,high,experienced,0,1,4_7,Energetic,0,1,0,0,0,1,0,1,0,1,0,1,0,0,1,0,0,0,1,0,0,0.57735,0,0,0,1,0,0,0,0,0,1,0,1,0,0,0,1,0,1
*Psylocke,cat,Domestic Shorthair Mix,kitten_puppy,White,Energetic; Playful; Affectionate,house_no_yard,high,experienced,0,0,8_plus,Energetic,0,0,1,0,0,1,0,1,0,0,0,0,1,1,0,1,1,0,0,0,0,0.57735,1,0,0,1,0,0,0,0,0,0,0,1,0,1,0,1,0,0
Rocky,dog,Boxer Mix,young,White,Friendly; Energetic; Playful,apartment,relaxed,first_time,0,1,4_7,Independent; Affectionate,1,0,0,1,0,0,1,0,0,1,0,1,0,0,1,0,0,1,0,0,0,0.0,0,0,0,0,0,0,1,1,0,1,0,1,0,1,0,0,0,0
Shelter Rescue,dog,Pit Bull Mix,kitten_puppy,White,Friendly; Energetic; Playful,apartment,high,first_time,1,0,8_plus,Protective; Calm; Playful,1,0,0,0,0,1,1,0,1,0,0,0,1,0,1,0,1,0,0,0,0,0.333333,0,0,1,0,0,1,0,0,1,1,0,1,0,1,0,0,0,0
Buster,cat,Domestic Shorthair Mix,adult,Tabby,Calm; Independent; Affectionate,house_with_yard,moderate,experienced,0,1,4_7,Energetic,0,1,0,0,1,0,0,1,0,1,0,1,0,0,0,1,0,0,1,0,0,0.0,1,0,0,1,0,0,0,0,0,0,1,0,0,0,1,1,0,0
Maggie,dog,Chihuahua Shorthair Mix,adult,White,Friendly; Calm; Affectionate,apartment,relaxed,experienced,1,1,4_7,Calm,1,0,0,1,0,0,0,1,1,1,0,1,0,0,1,0,0,0,1,0,0,0.57735,0,0,1,0,0,0,0,0,0,1,1,0,0,0,0,1,0,1
*Griffin,cat,Domestic Shorthair Mix,kitten_puppy,Black,Energetic; Playful; Affectionate,apartment,high,first_time,0,0,0_3,Calm; Friendly; Protective,1,0,0,0,0,1,1,0,0,0,1,0,0,0,0,1,1,0,0,0,0,0.0,0,1,1,0,0,0,0,0,1,0,0,1,0,1,0,1,0,1
Charlie,dog,Treeing Cur Mix,young,Brown,Friendly; Energetic; Playful,house_no_yard,moderate,first_time,0,1,8_plus,Energetic,0,0,1,0,1,0,1,0,0,1,0,0,1,0,1,0,0,1,0,0,0,0.57735,1,0,0,1,0,0,0,0,0,1,0,1,0,1,0,0,0,1
*Midnight,cat,Domestic Shorthair Mix,kitten_puppy,Black,Energetic; Playful; Affectionate,house_no_yard,high,first_time,1,0,8_plus,Friendly; Energetic; Shy,0,0,1,0,0,1,1,0,1,0,0,0,1,0,0,1,1,0,0,0,0,0.333333,0,1,0,1,1,0,0,0,0,0,0,1,0,1,0,1,0,0
*Margot,dog,Australian Shepherd Mix,young,White,Friendly; Energetic; Playful; Protective,house_with_yard,moderate,first_time,1,1,0_3,Playful,0,1,0,0,1,0,1,0,1,1,1,0,0,0,1,0,0,1,0,0,0,0.5,0,0,0,0,0,1,0,0,0,1,0,1,0,1,0,0,1,1
Shelter Rescue,dog,Miniature Schnauzer Mix,kitten_puppy,Black,Friendly; Energetic; Playful,house_no_yard,high,first_time,1,1,8_plus,Friendly,0,0,1,0,0,1,1,0,1,1,0,0,1,0,1,0,1,0,0,0,0,0.57735,0,1,0,0,0,0,0,0,0,1,0,1,0,1,0,0,0,1
Shelter Rescue,dog,Labrador Retriever Mix,kitten_puppy,Black,Friendly; Energetic; Playful; Affectionate,house_no_yard,moderate,experienced,1,1,0_3,Affectionate,0,0,1,0,1,0,0,1,1,1,1,0,0,0,1,0,1,0,0,0,0,0.5,1,0,0,0,0,0,0,1,0,1,0,1,0,1,0,1,0,1
*Debu,cat,Domestic Shorthair Mix,kitten_puppy,Tricolor,Energetic; Playful; Affectionate,house_with_yard,high,first_time,0,1,0_3,Energetic,0,1,0,0,0,1,1,0,0,1,1,0,0,0,0,1,1,0,0,0,0,0.57735,0,0,0,1,0,0,0,0,0,0,0,1,0,1,0,1,0,1
Riley,dog,Boxer Mix,young,Brown,Friendly; Energetic; Playful,apartment,high,experienced,1,0,0_3,Affectionate; Friendly,1,0,0,0,0,1,0,1,1,0,1,0,0,1,1,0,0,1,0,0,0,0.408248,0,1,0,0,0,0,0,1,0,1,0,1,0,1,0,0,0,0
Milo,dog,Australian Cattle Dog Mix,young,White,Friendly; Energetic; Playful,apartment,high,first_time,0,0,8_plus,Playful; Independent; Shy,1,0,0,0,0,1,1,0,0,0,0,0,1,0,1,0,0,1,0,0,0,0.333333,1,0,0,0,1,1,1,0,0,1,0,1,0,1,0,0,0,1
Smokey,cat,Russian Blue Mix,kitten_puppy,Gray,Energetic; Playful; Affectionate,house_with_yard,high,first_time,1,1,4_7,Affectionate; Calm,0,1,0,0,0,1,1,0,1,1,0,1,0,0,0,1,1,0,0,0,0,0.408248,1,0,1,0,0,0,0,1,0,0,0,1,0,1,0,1,0,1
*Bounce,dog,Black Mouth Cur/Mastiff,young,Black,Friendly; Energetic; Playful,house_with_yard,moderate,experienced,1,1,8_plus,Affectionate; Energetic,0,1,0,0,1,0,0,1,1,1,0,0,1,0,1,0,0,1,0,0,0,0.408248,1,0,0,1,0,0,0,1,0,1,0,1,0,1,0,0,0,1
Cinder,cat,Domestic Shorthair Mix,young,Gray,Calm; Independent; Affectionate,apartment,moderate,first_time,0,0,8_plus,Independent,1,0,0,0,1,0,1,0,0,0,0,0,1,0,0,1,0,1,0,0,0,0.57735,0,0,0,0,0,0,1,0,0,0,1,0,0,0,1,1,0,1
Daisy,dog,Beagle Mix,young,Tricolor,Friendly; Energetic; Playful; Affectionate,house_with_yard,moderate,first_time,0,0,4_7,Calm,0,1,0,0,1,0,1,0,0,0,0,1,0,0,1,0,0,1,0,0,0,0.0,0,0,1,0,0,0,0,0,0,1,0,1,0,1,0,1,0,1
*Aspen,cat,Domestic Shorthair Mix,kitten_puppy,Orange,Energetic; Playful; Affectionate,house_no_yard,relaxed,experienced,0,1,4_7,Affectionate; Friendly,0,0,1,1,0,0,0,1,0,1,0,1,0,0,0,1,1,0,0,0,0,0.408248,0,1,0,0,0,0,0,1,0,0,0,1,0,1,0,1,0,0
Shelter Rescue,cat,Domestic Shorthair Mix,kitten_puppy,White,Energetic; Playful; Affectionate,house_with_yard,relaxed,experienced,0,0,0_3,Calm,0,1,0,1,0,0,0,1,0,0,1,0,0,1,0,1,1,0,0,0,0,0.0,0,0,1,0,0,0,0,0,0,0,0,1,0,1,0,1,0,1
*Blue,cat,Domestic Shorthair Mix,kitten_puppy,White,Energetic; Playful; Affectionate,house_with_yard,relaxed,first_time,1,1,0_3,Affectionate,0,1,0,1,0,0,1,0,1,1,1,0,0,0,0,1,1,0,0,0,0,0.57735,1,0,0,0,0,0,0,1,0,0,0,1,0,1,0,1,0,1
Abby,dog,Beagle Mix,adult,Tricolor,Friendly; Playful; Affectionate,apartment,relaxed,first_time,0,1,4_7,Calm; Protective; Shy,1,0,0,1,0,0,1,0,0,1,0,1,0,0,1,0,0,0,1,0,0,0.0,0,0,1,0,1,0,0,0,1,1,0,0,0,1,0,1,0,0
Puppy 2,dog,Jack Russell Terrier Mix,kitten_puppy,White,Friendly; Energetic; Playful,house_no_yard,relaxed,first_time,1,0,8_plus,Playful; Energetic; Protective,0,0,1,1,0,0,1,0,1,0,0,0,1,0,1,0,1,0,0,0,0,0.666667,1,0,0,1,0,1,0,0,1,1,0,1,0,1,0,0,0,1
*Eddie,dog,Jack Russell Terrier Mix,kitten_puppy,White,Friendly; Energetic; Playful,house_no_yard,high,first_time,1,0,0_3,Protective; Calm,0,0,1,0,0,1,1,0,1,0,1,0,0,0,1,0,1,0,0,0,0,0.0,0,0,1,0,0,0,0,0,1,1,0,1,0,1,0,0,0,1
Chrissy,dog,Miniature Pinscher Mix,adult,Black,Friendly; Affectionate,house_with_yard,high,experienced,1,0,8_plus,Protective; Friendly; Energetic,0,1,0,0,0,1,0,1,1,0,0,0,1,0,1,0,0,0,1,0,0,0.408248,0,1,0,1,0,0,0,0,1,1,0,0,0,0,0,1,0,0
*Zachary,dog,Collie Smooth Mix,young,White,Friendly; Energetic; Playful,apartment,high,experienced,0,1,8_plus,Calm; Playful,1,0,0,0,0,1,0,1,0,1,0,0,1,0,1,0,0,1,0,0,0,0.408248,1,0,1,0,0,1,0,0,0,1,0,1,0,1,0,0,0,1
Azule,dog,Australian Cattle Dog Mix,young,Gray,Friendly; Energetic; Playful,house_no_yard,moderate,experienced,0,1,4_7,Friendly; Shy; Affectionate,0,0,1,0,1,0,0,1,0,1,0,1,0,0,1,0,0,1,0,0,0,0.333333,0,1,0,0,1,0,0,1,0,1,0,1,0,1,0,0,0,0
*Melody,dog,Dogue De Bordeaux Mix,adult,White,Friendly; Affectionate,house_no_yard,relaxed,experienced,1,0,8_plus,Energetic; Playful; Protective,0,0,1,1,0,0,0,1,1,0,0,0,1,0,1,0,0,0,1,0,0,0.0,0,0,0,1,0,1,0,0,1,1,0,0,0,0,0,1,0,0
*Luka,cat,Domestic Shorthair Mix,kitten_puppy,Tabby,Energetic; Playful; Affectionate,house_with_yard,high,experienced,0,0,4_7,Affectionate,0,1,0,0,0,1,0,1,0,0,0,1,0,0,0,1,1,0,0,0,0,0.57735,0,0,0,0,0,0,0,1,0,0,0,1,0,1,0,1,0,1
*Samuel,dog,Catahoula Mix,young,White,Friendly; Energetic; Playful,house_with_yard,high,experienced,0,1,8_plus,Calm,0,1,0,0,0,1,0,1,0,1,0,0,1,0,1,0,0,1,0,0,0,0.0,0,0,1,0,0,0,0,0,0,1,0,1,0,1,0,0,0,1
*Bubbles,cat,Domestic Shorthair,kitten_puppy,Black,Energetic; Playful; Affectionate,house_with_yard,moderate,experienced,0,1,4_7,Protective; Shy; Playful,0,1,0,0,1,0,0,1,0,1,0,1,0,0,0,1,1,0,0,0,0,0.333333,0,0,0,0,1,1,0,0,1,0,0,1,0,1,0,1,0,1
*Tobie,cat,Domestic Medium Hair Mix,kitten_puppy,Black,Energetic; Playful; Affectionate,apartment,relaxed,experienced,0,1,4_7,Independent; Shy,1,0,0,1,0,0,0,1,0,1,0,1,0,0,0,1,1,0,0,0,0,0.0,0,0,0,0,1,0,1,0,0,0,0,1,0,1,0,1,0,1
Diamond,dog,Staffordshire Mix,adult,Orange,Friendly; Affectionate,house_no_yard,moderate,first_time,1,1,0_3,Protective,0,0,1,0,1,0,1,0,1,1,1,0,0,0,1,0,0,0,1,0,0,0.0,0,0,0,0,0,0,0,0,1,1,0,0,0,0,0,1,0,1
*Hazel,cat,Domestic Shorthair Mix,kitten_puppy,Tabby,Energetic; Playful; Affectionate,house_no_yard,relaxed,experienced,0,0,8_plus,Affectionate; Shy; Energetic,0,0,1,1,0,0,0,1,0,0,0,0,1,1,0,1,1,0,0,0,0,0.666667,0,0,0,1,1,0,0,1,0,0,0,1,0,1,0,1,0,0
*Lacey,dog,Catahoula Mix,kitten_puppy,White,Friendly; Energetic; Playful,house_with_yard,moderate,first_time,1,0,0_3,Playful; Friendly; Independent,0,1,0,0,1,0,1,0,1,0,1,0,0,0,1,0,1,0,0,0,0,0.666667,1,1,0,0,0,1,1,0,0,1,0,1,0,1,0,0,0,1
Louie,dog,Australian Cattle Dog/Beagle,young,Tricolor,Friendly; Energetic; Playful; Affectionate,house_no_yard,relaxed,experienced,0,1,0_3,Playful,0,0,1,1,0,0,0,1,0,1,1,0,0,0,1,0,0,1,0,0,0,0.5,1,0,0,0,0,1,0,0,0,1,0,1,0,1,0,1,0,1
Noodle,dog,Toy Poodle Mix,young,White,Friendly; Energetic; Playful; Affectionate,apartment,moderate,first_time,0,1,4_7,Protective,1,0,0,0,1,0,1,0,0,1,0,1,0,0,1,0,0,1,0,0,0,0.0,0,0,0,0,0,0,0,0,1,1,0,1,0,1,0,1,0,0
*Alvin,dog,Flat Coat Retriever Mix,adult,Black,Friendly; Playful; Affectionate,apartment,relaxed,experienced,1,0,8_plus,Affectionate; Playful,1,0,0,1,0,0,0,1,1,0,0,0,1,0,1,0,0,0,1,0,0,0.816497,0,0,0,0,0,1,0,1,0,1,0,0,0,1,0,1,0,1
Shelter Rescue,cat,Domestic Medium Hair Mix,young,Orange,Calm; Independent; Affectionate,house_with_yard,moderate,experienced,0,1,8_plus,Energetic,0,1,0,0,1,0,0,1,0,1,0,0,1,0,0,1,0,1,0,0,0,0.0,0,0,0,1,0,0,0,0,0,0,1,0,0,0,1,1,0,0
*Amber,cat,Domestic Shorthair Mix,young,Orange,Calm; Independent; Affectionate,house_with_yard,moderate,experienced,0,0,0_3,Playful; Energetic; Protective,0,1,0,0,1,0,0,1,0,0,1,0,0,0,0,1,0,1,0,0,0,0.0,0,0,0,1,0,1,0,0,1,0,1,0,0,0,1,1,0,0
Sophie,dog,Australian Cattle Dog Mix,young,Black,Friendly; Energetic; Playful,house_no_yard,relaxed,experienced,0,1,0_3,Energetic; Independent; Protective,0,0,1,1,0,0,0,1,0,1,1,0,0,0,1,0,0,1,0,0,0,0.333333,0,0,0,1,0,0,1,0,1,1,0,1,0,1,0,0,0,0
*Maria,dog,Pit Bull Mix,young,Brown,Friendly; Energetic; Playful,house_with_yard,relaxed,first_time,0,0,0_3,Affectionate,0,1,0,1,0,0,1,0,0,0,1,0,0,0,1,0,0,1,0,0,0,0.0,1,0,0,0,0,0,0,1,0,1,0,1,0,1,0,0,0,1
*Honey,dog,Blue Lacy Mix,kitten_puppy,White,Friendly; Energetic; Playful,apartment,relaxed,first_time,1,1,8_plus,Playful,1,0,0,1,0,0,1,0,1,1,0,0,1,0,1,0,1,0,0,0,0,0.57735,0,0,0,0,0,1,0,0,0,1,0,1,0,1,0,0,0,0
Kimchi,dog,Rottweiler/Labrador Retriever,young,Black,Friendly; Energetic; Playful; Affectionate,apartment,moderate,first_time,0,0,4_7,Shy; Energetic,1,0,0,0,1,0,1,0,0,0,0,1,0,0,1,0,0,1,0,0,0,0.353553,0,0,0,1,1,0,0,0,0,1,0,1,0,1,0,1,0,0
*Opal,cat,Domestic Shorthair Mix,kitten_puppy,Black,Energetic; Playful; Affectionate,house_no_yard,relaxed,first_time,0,0,0_3,Independent,0,0,1,1,0,0,1,0,0,0,1,0,0,1,0,1,1,0,0,0,0,0.0,0,0,0,0,0,0,1,0,0,0,0,1,0,1,0,1,0,0
*Robin,dog,Australian Cattle Dog Mix,adult,Orange,Friendly; Affectionate,house_no_yard,moderate,experienced,1,0,4_7,Playful; Calm,0,0,1,0,1,0,0,1,1,0,0,1,0,1,1,0,0,0,1,0,0,0.0,1,0,1,0,0,1,0,0,0,1,0,0,0,0,0,1,0,0
Hannah,dog,Border Terrier Mix,adult,White,Friendly; Energetic; Affectionate,house_with_yard,relaxed,first_time,1,0,8_plus,Independent,0,1,0,1,0,0,1,0,1,0,0,0,1,0,1,0,0,0,1,0,0,0.0,0,0,0,0,0,0,1,0,0,1,0,1,0,0,0,1,0,1
*River,dog,Border Collie Mix,kitten_puppy,Black,Friendly; Energetic; Playful,house_with_yard,moderate,experienced,0,1,0_3,Calm; Energetic; Friendly,0,1,0,0,1,0,0,1,0,1,1,0,0,0,1,0,1,0,0,0,0,0.666667,1,1,1,1,0,0,0,0,0,1,0,1,0,1,0,0,0,1
*Cota,dog,Siberian Husky Mix,kitten_puppy,Brown,Friendly; Energetic; Playful,house_with_yard,moderate,first_time,1,0,4_7,Calm,0,1,0,0,1,0,1,0,1,0,0,1,0,0,1,0,1,0,0,0,0,0.0,0,0,1,0,0,0,0,0,0,1,0,1,0,1,0,0,0,1
*Sandy,cat,Domestic Medium Hair Mix,kitten_puppy,Tricolor,Energetic; Playful; Affectionate,house_no_yard,high,experienced,1,0,4_7,Shy; Calm,0,0,1,0,0,1,0,1,1,0,0,1,0,1,0,1,1,0,0,0,0,0.0,0,0,1,0,1,0,0,0,0,0,0,1,0,1,0,1,0,1
*Fabio,cat,Domestic Shorthair Mix,kitten_puppy,Gray,Energetic; Playful; Affectionate,house_with_yard,relaxed,first_time,1,0,4_7,Friendly; Calm,0,1,0,1,0,0,1,0,1,0,0,1,0,0,0,1,1,0,0,0,0,0.0,0,1,1,0,0,0,0,0,0,0,0,1,0,1,0,1,0,1
Snoopy,dog,Chihuahua Shorthair Mix,kitten_puppy,Black,Friendly; Calm; Energetic; Playful; Affectionate,house_with_yard,high,first_time,1,1,4_7,Friendly,0,1,0,0,0,1,1,0,1,1,0,1,0,1,1,0,1,0,0,0,0,0.447214,1,1,0,0,0,0,0,0,0,1,1,1,0,1,0,1,0,1
Shelter Rescue,dog,Chihuahua Shorthair/Dachshund,kitten_puppy,Brown,Friendly; Calm; Energetic; Playful; Affectionate,house_no_yard,moderate,experienced,0,1,8_plus,Independent,0,0,1,0,1,0,0,1,0,1,0,0,1,0,1,0,1,0,0,0,0,0.0,0,0,0,0,0,0,1,0,0,1,1,1,0,1,0,1,0,0
Molly,cat,Domestic Shorthair Mix,adult,Tabby,Calm; Independent; Affectionate,house_with_yard,moderate,experienced,1,0,4_7,Protective; Calm,0,1,0,0,1,0,0,1,1,0,0,1,0,0,0,1,0,0,1,0,0,0.408248,1,0,1,0,0,0,0,0,1,0,1,0,0,0,1,1,0,1
Graham,dog,Pit Bull Mix,young,Brown,Friendly; Energetic; Playful,house_with_yard,relaxed,first_time,1,1,8_plus,Calm; Independent; Shy,0,1,0,1,0,0,1,0,1,1,0,0,1,0,1,0,0,1,0,0,0,0.0,0,0,1,0,1,0,1,0,0,1,0,1,0,1,0,0,0,1
Madison,dog,Black Mouth Cur Mix,young,Black,Friendly; Energetic; Playful,house_no_yard,moderate,experienced,1,0,0_3,Playful; Shy,0,0,1,0,1,0,0,1,1,0,1,0,0,0,1,0,0,1,0,0,0,0.408248,0,0,0,0,1,1,0,0,0,1,0,1,0,1,0,0,0,0
*Truffles,cat,Domestic Shorthair Mix,kitten_puppy,Black,Energetic; Playful; Affectionate,house_with_yard,high,first_time,0,1,4_7,Calm; Protective,0,1,0,0,0,1,1,0,0,1,0,1,0,0,0,1,1,0,0,0,0,0.0,1,0,1,0,0,0,0,0,1,0,0,1,0,1,0,1,0,1
Shelter Rescue,dog,Cairn Terrier Mix,young,Brown,Friendly; Energetic; Playful,house_no_yard,moderate,experienced,1,0,8_plus,Calm,0,0,1,0,1,0,0,1,1,0,0,0,1,1,1,0,0,1,0,0,0,0.0,0,0,1,0,0,0,0,0,0,1,0,1,0,1,0,0,0,0
Shelter Rescue,dog,Chihuahua Shorthair Mix,young,Brown,Friendly; Calm; Energetic; Playful; Affectionate,house_with_yard,moderate,experienced,1,1,8_plus,Energetic,0,1,0,0,1,0,0,1,1,1,0,0,1,0,1,0,0,1,0,0,0,0.447214,0,0,0,1,0,0,0,0,0,1,1,1,0,1,0,1,0,1
Shadow,cat,Domestic Shorthair Mix,kitten_puppy,Gray,Energetic; Playful; Affectionate,apartment,relaxed,experienced,1,1,0_3,Independent,1,0,0,1,0,0,0,1,1,1,1,0,0,0,0,1,1,0,0,0,0,0.0,0,0,0,0,0,0,1,0,0,0,0,1,0,1,0,1,0,1
*Holly,dog,Labrador Retriever Mix,kitten_puppy,Black,Friendly; Energetic; Playful; Affectionate,house_no_yard,relaxed,first_time,0,0,0_3,Independent,0,0,1,1,0,0,1,0,0,0,1,0,0,0,1,0,1,0,0,0,0,0.0,0,0,0,0,0,0,1,0,0,1,0,1,0,1,0,1,0,1
Shelter Rescue,cat,American Shorthair Mix,kitten_puppy,Tricolor,Energetic; Playful; Affectionate,house_with_yard,relaxed,first_time,1,1,8_plus,Playful; Independent,0,1,0,1,0,0,1,0,1,1,0,0,1,1,0,1,1,0,0,0,0,0.408248,0,0,0,0,0,1,1,0,0,0,0,1,0,1,0,1,0,1
Flynn Ryder,dog,Labrador Retriever Mix,young,White,Friendly; Energetic; Playful; Affectionate,apartment,relaxed,experienced,0,1,0_3,Affectionate,1,0,0,1,0,0,0,1,0,1,1,0,0,1,1,0,0,1,0,0,0,0.5,1,0,0,0,0,0,0,1,0,1,0,1,0,1,0,1,0,1
*Careesa,cat,Domestic Shorthair Mix,kitten_puppy,Black,Energetic; Playful; Affectionate,apartment,high,experienced,1,1,8_plus,Affectionate,1,0,0,0,0,1,0,1,1,1,0,0,1,0,0,1,1,0,0,0,0,0.57735,0,0,0,0,0,0,0,1,0,0,0,1,0,1,0,1,0,1
*Felix,dog,Pit Bull Mix,kitten_puppy,White,Friendly; Energetic; Playful,house_with_yard,relaxed,experienced,0,1,0_3,Playful,0,1,0,1,0,0,0,1,0,1,1,0,0,0,1,0,1,0,0,0,0,0.57735,1,0,0,0,0,1,0,0,0,1,0,1,0,1,0,0,0,1
*Barrister,cat,Domestic Shorthair Mix,kitten_puppy,White,Energetic; Playful; Affectionate,house_with_yard,moderate,experienced,1,0,0_3,Shy; Protective,0,1,0,0,1,0,0,1,1,0,1,0,0,0,0,1,1,0,0,0,0,0.0,1,0,0,0,1,0,0,0,1,0,0,1,0,1,0,1,0,1
Cameron,cat,Domestic Shorthair Mix,young,White,Calm; Independent; Affectionate,house_no_yard,high,first_time,1,1,8_plus,Calm; Affectionate,0,0,1,0,0,1,1,0,1,1,0,0,1,0,0,1,0,1,0,0,0,0.816497,0,0,1,0,0,0,0,1,0,0,1,0,0,0,1,1,0,1
Haven,cat,Domestic Shorthair Mix,kitten_puppy,White,Energetic; Playful; Affectionate,house_with_yard,high,first_time,0,0,8_plus,Friendly,0,1,0,0,0,1,1,0,0,0,0,0,1,0,0,1,1,0,0,0,0,0.0,0,1,0,0,0,0,0,0,0,0,0,1,0,1,0,1,0,0
Tiny,cat,Domestic Shorthair Mix,young,Black,Calm; Independent; Affectionate,house_with_yard,high,experienced,0,1,4_7,Friendly; Protective,0,1,0,0,0,1,0,1,0,1,0,1,0,0,0,1,0,1,0,0,0,0.0,0,1,0,0,0,0,0,0,1,0,1,0,0,0,1,1,0,0
Shelter Rescue,dog,Labrador Retriever Mix,kitten_puppy,Brown,Friendly; Energetic; Playful; Affectionate,house_no_yard,moderate,first_time,1,1,8_plus,Friendly; Protective,0,0,1,0,1,0,1,0,1,1,0,0,1,1,1,0,1,0,0,0,0,0.353553,0,1,0,0,0,0,0,0,1,1,0,1,0,1,0,1,0,0
Toby,dog,Yorkshire Terrier Mix,young,Gray,Friendly; Energetic; Playful,house_no_yard,high,first_time,0,0,4_7,Shy,0,0,1,0,0,1,1,0,0,0,0,1,0,0,1,0,0,1,0,0,0,0.0,1,0,0,0,1,0,0,0,0,1,0,1,0,1,0,0,0,1
*Happy,cat,Domestic Shorthair Mix,kitten_puppy,White,Energetic; Playful; Affectionate,house_with_yard,relaxed,first_time,1,1,0_3,Independent; Friendly; Energetic,0,1,0,1,0,0,1,0,1,1,1,0,0,1,0,1,1,0,0,0,0,0.333333,1,1,0,1,0,0,1,0,0,0,0,1,0,1,0,1,0,1
*Phoebe,dog,Pit Bull Mix,adult,White,Friendly; Energetic; Affectionate,house_with_yard,relaxed,first_time,0,0,0_3,Calm; Energetic; Affectionate,0,1,0,1,0,0,1,0,0,0,1,0,0,0,1,0,0,0,1,0,0,0.666667,0,0,1,1,0,0,0,1,0,1,0,1,0,0,0,1,0,1
*Sleepy,dog,Pointer Mix,kitten_puppy,Black,Friendly; Energetic; Playful,house_no_yard,relaxed,first_time,0,1,8_plus,Affectionate; Energetic,0,0,1,1,0,0,1,0,0,1,0,0,1,0,1,0,1,0,0,0,0,0.408248,0,0,0,1,0,0,0,1,0,1,0,1,0,1,0,0,0,0
*Rhoda,cat,Domestic Shorthair Mix,kitten_puppy,Orange,Energetic; Playful; Affectionate,apartment,high,experienced,1,0,0_3,Affectionate; Playful; Shy,1,0,0,0,0,1,0,1,1,0,1,0,0,0,0,1,1,0,0,0,0,0.666667,0,0,0,0,1,1,0,1,0,0,0,1,0,1,0,1,0,1
*Madison,dog,Labrador Retriever/Basset Hound,kitten_puppy,Brown,Friendly; Energetic; Playful; Affectionate,house_no_yard,high,experienced,1,0,8_plus,Affectionate; Energetic; Friendly,0,0,1,0,0,1,0,1,1,0,0,0,1,0,1,0,1,0,0,0,0,0.866025,0,1,0,1,0,0,0,1,0,1,0,1,0,1,0,1,0,1
Mari,cat,Domestic Shorthair Mix,adult,White,Calm; Independent; Affectionate,house_no_yard,moderate,experienced,1,1,8_plus,Friendly,0,0,1,0,1,0,0,1,1,1,0,0,1,0,0,1,0,0,1,0,0,0.0,0,1,0,0,0,0,0,0,0,0,1,0,0,0,1,1,0,0
Hank,dog,American Bulldog/Labrador Retriever,young,Black,Friendly; Energetic; Playful; Affectionate,apartment,high,first_time,0,0,4_7,Shy,1,0,0,0,0,1,1,0,0,0,0,1,0,0,1,0,0,1,0,0,0,0.0,1,0,0,0,1,0,0,0,0,1,0,1,0,1,0,1,0,0
*Celeste,cat,Domestic Shorthair Mix,kitten_puppy,Gray,Energetic; Playful; Affectionate,house_no_yard,moderate,first_time,0,0,4_7,Playful; Calm,0,0,1,0,1,0,1,0,0,0,0,1,0,0,0,1,1,0,0,0,0,0.408248,0,0,1,0,0,1,0,0,0,0,0,1,0,1,0,1,0,0
*Antonio,cat,Domestic Longhair Mix,kitten_puppy,Black,Energetic; Playful; Affectionate,house_no_yard,moderate,experienced,0,1,8_plus,Friendly; Affectionate,0,0,1,0,1,0,0,1,0,1,0,0,1,0,0,1,1,0,0,0,0,0.408248,0,1,0,0,0,0,0,1,0,0,0,1,0,1,0,1,0,0
*Celeste,cat,Domestic Shorthair Mix,kitten_puppy,Orange,Energetic; Playful; Affectionate,house_with_yard,relaxed,experienced,1,1,4_7,Energetic; Affectionate; Playful,0,1,0,1,0,0,0,1,1,1,0,1,0,1,0,1,1,0,0,0,0,1.0,0,0,0,1,0,1,0,1,0,0,0,1,0,1,0,1,0,1
Shelter Rescue,dog,Plott Hound Mix,kitten_puppy,Brown,Friendly; Energetic; Playful,house_no_yard,moderate,experienced,0,0,0_3,Friendly; Affectionate,0,0,1,0,1,0,0,1,0,0,1,0,0,0,1,0,1,0,0,0,0,0.408248,0,1,0,0,0,0,0,1,0,1,0,1,0,1,0,0,0,1
Shelter Rescue,cat,Domestic Shorthair Mix,kitten_puppy,White,Energetic; Playful; Affectionate,apartment,moderate,experienced,1,1,8_plus,Independent; Energetic,1,0,0,0,1,0,0,1,1,1,0,0,1,0,0,1,1,0,0,0,0,0.408248,0,0,0,1,0,0,1,0,0,0,0,1,0,1,0,1,0,1
*Ingrid,dog,Chihuahua Shorthair Mix,kitten_puppy,Brown,Friendly; Calm; Energetic; Playful; Affectionate,house_no_yard,relaxed,experienced,0,0,4_7,Affectionate; Independent; Calm,0,0,1,1,0,0,0,1,0,0,0,1,0,0,1,0,1,0,0,0,0,0.516398,0,0,1,0,0,0,1,1,0,1,1,1,0,1,0,1,0,1
*Nelda,cat,Domestic Shorthair Mix,kitten_puppy,Black,Energetic; Playful; Affectionate,house_no_yard,relaxed,first_time,0,0,4_7,Independent; Friendly; Shy,0,0,1,1,0,0,1,0,0,0,0,1,0,0,0,1,1,0,0,0,0,0.0,0,1,0,0,1,0,1,0,0,0,0,1,0,1,0,1,0,0
Sadie,cat,Domestic Shorthair Mix,kitten_puppy,White,Energetic; Playful; Affectionate,house_no_yard,relaxed,first_time,0,0,0_3,Protective; Affectionate,0,0,1,1,0,0,1,0,0,0,1,0,0,0,0,1,1,0,0,0,0,0.408248,0,0,0,0,0,0,0,1,1,0,0,1,0,1,0,1,0,1
Scout,cat,Domestic Shorthair Mix,kitten_puppy,White,Energetic; Playful; Affectionate,house_with_yard,relaxed,first_time,0,1,8_plus,Protective; Independent,0,1,0,1,0,0,1,0,0,1,0,0,1,0,0,1,1,0,0,0,0,0.0,0,0,0,0,0,0,1,0,1,0,0,1,0,1,0,1,0,0
Annabelle,cat,Domestic Shorthair,kitten_puppy,Black,Energetic; Playful; Affectionate,house_no_yard,high,experienced,1,1,0_3,Friendly,0,0,1,0,0,1,0,1,1,1,1,0,0,0,0,1,1,0,0,0,0,0.0,0,1,0,0,0,0,0,0,0,0,0,1,0,1,0,1,0,1
*Elle,dog,Labrador Retriever,young,Brown,Friendly; Energetic; Playful; Affectionate,house_no_yard,high,first_time,0,1,0_3,Protective; Friendly; Playful,0,0,1,0,0,1,1,0,0,1,1,0,0,0,1,0,0,1,0,0,0,0.57735,0,1,0,0,0,1,0,0,1,1,0,1,0,1,0,1,0,1
Jerry,dog,Jack Russell Terrier Mix,kitten_puppy,Brown,Friendly; Energetic; Playful,house_with_yard,moderate,first_time,0,1,8_plus,Independent,0,1,0,0,1,0,1,0,0,1,0,0,1,0,1,0,1,0,0,0,0,0.0,0,0,0,0,0,0,1,0,0,1,0,1,0,1,0,0,0,0
Hazel,dog,Black Mouth Cur Mix,kitten_puppy,Black,Friendly; Energetic; Playful,house_with_yard,relaxed,first_time,0,1,0_3,Playful,0,1,0,1,0,0,1,0,0,1,1,0,0,0,1,0,1,0,0,0,0,0.57735,0,0,0,0,0,1,0,0,0,1,0,1,0,1,0,0,0,1
*Friskey,cat,Domestic Shorthair Mix,kitten_puppy,Tabby,Energetic; Playful; Affectionate,house_no_yard,high,first_time,1,0,8_plus,Friendly; Calm,0,0,1,0,0,1,1,0,1,0,0,0,1,1,0,1,1,0,0,0,0,0.0,0,1,1,0,0,0,0,0,0,0,0,1,0,1,0,1,0,0
Jax,dog,Pit Bull Mix,adult,White,Friendly; Energetic; Affectionate,house_no_yard,moderate,experienced,0,0,0_3,Calm; Playful,0,0,1,0,1,0,0,1,0,0,1,0,0,0,1,0,0,0,1,0,0,0.0,0,0,1,0,0,1,0,0,0,1,0,1,0,0,0,1,0,0
*Norris,dog,Great Pyrenees Mix,young,White,Friendly; Energetic; Playful,house_no_yard,relaxed,experienced,1,1,0_3,Affectionate; Independent,0,0,1,1,0,0,0,1,1,1,1,0,0,0,1,0,0,1,0,0,0,0.0,0,0,0,0,0,0,1,1,0,1,0,1,0,1,0,0,0,0
*Addison,dog,Rottweiler/German Shepherd,kitten_puppy,Black,Friendly; Energetic; Playful; Protective,apartment,relaxed,first_time,0,0,8_plus,Independent; Shy; Protective,1,0,0,1,0,0,1,0,0,0,0,0,1,0,1,0,1,0,0,0,0,0.288675,0,0,0,0,1,0,1,0,1,1,0,1,0,1,0,0,1,0
*Heather,cat,Domestic Shorthair Mix,adult,Tabby,Calm; Independent; Affectionate,house_no_yard,relaxed,experienced,0,0,4_7,Shy,0,0,1,1,0,0,0,1,0,0,0,1,0,0,0,1,0,0,1,0,0,0.0,0,0,0,0,1,0,0,0,0,0,1,0,0,0,1,1,0,0
Cosmo,dog,Chihuahua Shorthair/Whippet,kitten_puppy,Tricolor,Friendly; Calm; Energetic; Playful; Affectionate,house_no_yard,relaxed,first_time,0,1,8_plus,Energetic; Protective,0,0,1,1,0,0,1,0,0,1,0,0,1,1,1,0,1,0,0,0,0,0.316228,0,0,0,1,0,0,0,0,1,1,1,1,0,1,0,1,0,1
Jasper,cat,Domestic Shorthair Mix,young,White,Calm; Independent; Affectionate,house_with_yard,relaxed,first_time,0,1,0_3,Independent; Affectionate; Protective,0,1,0,1,0,0,1,0,0,1,1,0,0,0,0,1,0,1,0,0,0,0.666667,1,0,0,0,0,0,1,1,1,0,1,0,0,0,1,1,0,1
Kitty Kitty,cat,Domestic Shorthair Mix,kitten_puppy,White,Energetic; Playful; Affectionate,house_with_yard,relaxed,experienced,1,1,0_3,Friendly; Protective; Shy,0,1,0,1,0,0,0,1,1,1,1,0,0,0,0,1,1,0,0,0,0,0.0,0,1,0,0,1,0,0,0,1,0,0,1,0,1,0,1,0,1
Shelter Rescue,cat,Domestic Shorthair Mix,kitten_puppy,Orange,Energetic; Playful; Affectionate,apartment,relaxed,first_time,1,0,4_7,Shy; Protective,1,0,0,1,0,0,1,0,1,0,0,1,0,1,0,1,1,0,0,0,0,0.0,1,0,0,0,1,0,0,0,1,0,0,1,0,1,0,1,0,1
Balto,dog,Alaskan Husky Mix,young,Black,Friendly; Energetic; Playful,house_with_yard,moderate,experienced,0,0,8_plus,Friendly,0,1,0,0,1,0,0,1,0,0,0,0,1,0,1,0,0,1,0,0,0,0.57735,0,1,0,0,0,0,0,0,0,1,0,1,0,1,0,0,0,1
*Dodger,dog,Pit Bull Mix,adult,Brown,Friendly; Energetic; Affectionate,house_no_yard,moderate,experienced,1,0,4_7,Calm; Independent; Affectionate,0,0,1,0,1,0,0,1,1,0,0,1,0,1,1,0,0,0,1,0,0,0.333333,0,0,1,0,0,0,1,1,0,1,0,1,0,0,0,1,0,0
*Bosco,dog,Catahoula Mix,young,White,Friendly; Energetic; Playful,apartment,high,experienced,0,0,8_plus,Shy,1,0,0,0,0,1,0,1,0,0,0,0,1,0,1,0,0,1,0,0,0,0.0,0,0,0,0,1,0,0,0,0,1,0,1,0,1,0,0,0,0
*Barney,cat,Domestic Shorthair Mix,kitten_puppy,Black,Energetic; Playful; Affectionate,house_no_yard,moderate,experienced,1,1,4_7,Calm,0,0,1,0,1,0,0,1,1,1,0,1,0,0,0,1,1,0,0,0,0,0.0,1,0,1,0,0,0,0,0,0,0,0,1,0,1,0,1,0,1
*Goshee,dog,Pit Bull Mix,young,White,Friendly; Energetic; Playful,house_with_yard,high,first_time,0,0,8_plus,Friendly,0,1,0,0,0,1,1,0,0,0,0,0,1,0,1,0,0,1,0,0,0,0.57735,0,1,0,0,0,0,0,0,0,1,0,1,0,1,0,0,0,1
*Christy,cat,Domestic Shorthair Mix,adult,Tricolor,Calm; Independent; Affectionate,apartment,high,experienced,1,0,8_plus,Shy; Calm,1,0,0,0,0,1,0,1,1,0,0,0,1,0,0,1,0,0,1,0,0,0.408248,0,0,1,0,1,0,0,0,0,0,1,0,0,0,1,1,0,1
Toby,dog,Australian Cattle Dog Mix,adult,Black,Friendly; Affectionate,house_with_yard,high,experienced,1,0,4_7,Independent; Protective; Energetic,0,1,0,0,0,1,0,1,1,0,0,1,0,0,1,0,0,0,1,0,0,0.0,0,0,0,1,0,0,1,0,1,1,0,0,0,0,0,1,0,0
Bella,cat,Domestic Shorthair Mix,adult,White,Calm; Independent; Affectionate,house_with_yard,high,experienced,1,1,0_3,Energetic,0,1,0,0,0,1,0,1,1,1,1,0,0,1,0,1,0,0,1,0,0,0.0,0,0,0,1,0,0,0,0,0,0,1,0,0,0,1,1,0,0
Max,dog,Black Mouth Cur Mix,kitten_puppy,Black,Friendly; Energetic; Playful,house_with_yard,relaxed,experienced,0,1,8_plus,Energetic; Shy,0,1,0,1,0,0,0,1,0,1,0,0,1,0,1,0,1,0,0,0,0,0.408248,0,0,0,1,1,0,0,0,0,1,0,1,0,1,0,0,0,0
Geronimo,dog,Pit Bull Mix,young,White,Friendly; Energetic; Playful,house_with_yard,high,experienced,0,0,8_plus,Protective,0,1,0,0,0,1,0,1,0,0,0,0,1,0,1,0,0,1,0,0,0,0.0,1,0,0,0,0,0,0,0,1,1,0,1,0,1,0,0,0,1
Rocky,dog,American Bulldog Mix,young,Brown,Friendly; Energetic; Playful,house_no_yard,relaxed,experienced,0,1,4_7,Calm,0,0,1,1,0,0,0,1,0,1,0,1,0,0,1,0,0,1,0,0,0,0.0,0,0,1,0,0,0,0,0,0,1,0,1,0,1,0,0,0,0
Kevin,cat,Domestic Shorthair Mix,adult,Orange,Calm; Independent; Affectionate,house_with_yard,relaxed,first_time,0,1,4_7,Playful,0,1,0,1,0,0,1,0,0,1,0,1,0,1,0,1,0,0,1,0,0,0.0,0,0,0,0,0,1,0,0,0,0,1,0,0,0,1,1,0,1
Dipper,dog,Labrador Retriever/Chow Chow,young,Black,Friendly; Energetic; Playful; Affectionate,house_with_yard,relaxed,first_time,0,0,0_3,Shy; Playful,0,1,0,1,0,0,1,0,0,0,1,0,0,0,1,0,0,1,0,0,0,0.353553,0,0,0,0,1,1,0,0,0,1,0,1,0,1,0,1,0,1
Smoke Dawg,cat,Domestic Shorthair Mix,kitten_puppy,Black,Energetic; Playful; Affectionate,house_no_yard,relaxed,first_time,0,1,0_3,Affectionate; Calm,0,0,1,1,0,0,1,0,0,1,1,0,0,1,0,1,1,0,0,0,0,0.408248,0,0,1,0,0,0,0,1,0,0,0,1,0,1,0,1,0,1
Shelter Rescue,cat,Snowshoe Mix,kitten_puppy,Brown,Energetic; Playful; Affectionate,house_no_yard,moderate,first_time,0,0,4_7,Playful; Affectionate; Protective,0,0,1,0,1,0,1,0,0,0,0,1,0,0,0,1,1,0,0,0,0,0.666667,0,0,0,0,0,1,0,1,1,0,0,1,0,1,0,1,0,0
*Sidney,cat,Domestic Shorthair Mix,young,Gray,Calm; Independent; Affectionate,house_with_yard,high,experienced,0,0,0_3,Independent; Energetic,0,1,0,0,0,1,0,1,0,0,1,0,0,1,0,1,0,1,0,0,0,0.408248,1,0,0,1,0,0,1,0,0,0,1,0,0,0,1,1,0,1
*Calypso,dog,Australian Shepherd Mix,young,White,Friendly; Energetic; Playful; Protective,house_with_yard,high,experienced,1,0,4_7,Independent; Shy; Playful,0,1,0,0,0,1,0,1,1,0,0,1,0,0,1,0,0,1,0,0,0,0.288675,1,0,0,0,1,1,1,0,0,1,0,1,0,1,0,0,1,1
Nova,dog,Dachshund/Dachshund,kitten_puppy,Black,Friendly; Calm; Energetic; Playful; Affectionate,house_with_yard,relaxed,experienced,1,1,8_plus,Protective; Friendly; Energetic,0,1,0,1,0,0,0,1,1,1,0,0,1,1,1,0,1,0,0,0,0,0.516398,0,1,0,1,0,0,0,0,1,1,1,1,0,1,0,1,0,1
*Libby,dog,Australian Kelpie/Border Collie,kitten_puppy,Black,Friendly; Energetic; Playful,house_with_yard,moderate,first_time,0,0,4_7,Protective; Shy; Energetic,0,1,0,0,1,0,1,0,0,0,0,1,0,0,1,0,1,0,0,0,0,0.333333,0,0,0,1,1,0,0,0,1,1,0,1,0,1,0,0,0,1
*Zelda,dog,Harrier Mix,adult,Black,Friendly; Affectionate,apartment,high,experienced,0,1,8_plus,Calm; Affectionate; Energetic,1,0,0,0,0,1,0,1,0,1,0,0,1,1,1,0,0,0,1,0,0,0.408248,0,0,1,1,0,0,0,1,0,1,0,0,0,0,0,1,0,0
*Prospero,dog,Pit Bull Mix,kitten_puppy,White,Friendly; Energetic; Playful,house_no_yard,relaxed,experienced,0,1,0_3,Friendly; Playful; Shy,0,0,1,1,0,0,0,1,0,1,1,0,0,1,1,0,1,0,0,0,0,0.666667,0,1,0,0,1,1,0,0,0,1,0,1,0,1,0,0,0,1
Shelter Rescue,cat,Domestic Shorthair Mix,young,White,Calm; Independent; Affectionate,house_no_yard,high,experienced,0,0,4_7,Independent,0,0,1,0,0,1,0,1,0,0,0,1,0,0,0,1,0,1,0,0,0,0.57735,0,0,0,0,0,0,1,0,0,0,1,0,0,0,1,1,0,0
*Marty Mcfly,cat,Domestic Shorthair Mix,kitten_puppy,Tabby,Energetic; Playful; Affectionate,apartment,relaxed,first_time,0,1,0_3,Playful; Friendly,1,0,0,1,0,0,1,0,0,1,1,0,0,0,0,1,1,0,0,0,0,0.408248,0,1,0,0,0,1,0,0,0,0,0,1,0,1,0,1,0,1
Shelter Rescue,cat,Domestic Shorthair Mix,kitten_puppy,Tabby,Energetic; Playful; Affectionate,house_with_yard,moderate,first_time,0,1,4_7,Playful; Calm,0,1,0,0,1,0,1,0,0,1,0,1,0,0,0,1,1,0,0,0,0,0.408248,0,0,1,0,0,1,0,0,0,0,0,1,0,1,0,1,0,1
Sopi,cat,Domestic Shorthair Mix,kitten_puppy,Tabby,Energetic; Playful; Affectionate,house_no_yard,relaxed,first_time,1,0,0_3,Affectionate; Protective,0,0,1,1,0,0,1,0,1,0,1,0,0,0,0,1,1,0,0,0,0,0.408248,0,0,0,0,0,0,0,1,1,0,0,1,0,1,0,1,0,1
Abby,dog,American Staffordshire Terrier Mix,young,White,Friendly; Energetic; Playful,apartment,moderate,first_time,0,1,8_plus,Affectionate,1,0,0,0,1,0,1,0,0,1,0,0,1,1,1,0,0,1,0,0,0,0.0,0,0,0,0,0,0,0,1,0,1,0,1,0,1,0,0,0,0
*Luca,cat,Domestic Shorthair Mix,kitten_puppy,Black,Energetic; Playful; Affectionate,house_with_yard,relaxed,experienced,0,1,8_plus,Shy; Independent; Playful,0,1,0,1,0,0,0,1,0,1,0,0,1,0,0,1,1,0,0,0,0,0.333333,0,0,0,0,1,1,1,0,0,0,0,1,0,1,0,1,0,0
*Selah,dog,Labrador Retriever Mix,young,Black,Friendly; Energetic; Playful; Affectionate,house_no_yard,moderate,first_time,0,1,8_plus,Playful; Shy,0,0,1,0,1,0,1,0,0,1,0,0,1,1,1,0,0,1,0,0,0,0.353553,1,0,0,0,1,1,0,0,0,1,0,1,0,1,0,1,0,1
Pepper,dog,Maltese Mix,senior,White,Friendly; Calm; Independent; Affectionate,house_with_yard,moderate,first_time,0,1,0_3,Friendly,0,1,0,0,1,0,1,0,0,1,1,0,0,0,1,0,0,0,0,1,0,0.5,0,1,0,0,0,0,0,0,0,1,1,0,0,0,1,1,0,1
Shelter Rescue,dog,Chihuahua Shorthair Mix,young,Tricolor,Friendly; Calm; Energetic; Playful; Affectionate,house_with_yard,relaxed,experienced,1,1,8_plus,Energetic,0,1,0,1,0,0,0,1,1,1,0,0,1,1,1,0,0,1,0,0,0,0.447214,0,0,0,1,0,0,0,0,0,1,1,1,0,1,0,1,0,1
Uma,dog,Plott Hound Mix,kitten_puppy,White,Friendly; Energetic; Playful,house_with_yard,moderate,experienced,0,1,0_3,Affectionate; Protective; Independent,0,1,0,0,1,0,0,1,0,1,1,0,0,0,1,0,1,0,0,0,0,0.0,1,0,0,0,0,0,1,1,1,1,0,1,0,1,0,0,0,1
Odin,dog,Siberian Husky Mix,young,White,Friendly; Energetic; Playful,house_with_yard,moderate,first_time,0,1,4_7,Protective,0,1,0,0,1,0,1,0,0,1,0,1,0,0,1,0,0,1,0,0,0,0.0,1,0,0,0,0,0,0,0,1,1,0,1,0,1,0,0,0,1
Samone,dog,Pit Bull Mix,adult,Gray,Friendly; Energetic; Affectionate,house_no_yard,high,first_time,0,0,4_7,Energetic,0,0,1,0,0,1,1,0,0,0,0,1,0,0,1,0,0,0,1,0,0,0.57735,0,0,0,1,0,0,0,0,0,1,0,1,0,0,0,1,0,1
*Chicken,cat,Domestic Shorthair Mix,kitten_puppy,Orange,Energetic; Playful; Affectionate,house_with_yard,relaxed,first_time,0,1,4_7,Independent; Energetic,0,1,0,1,0,0,1,0,0,1,0,1,0,1,0,1,1,0,0,0,0,0.408248,1,0,0,1,0,0,1,0,0,0,0,1,0,1,0,1,0,1
*Winky,dog,Chihuahua Shorthair Mix,adult,White,Friendly; Calm; Affectionate,house_no_yard,moderate,first_time,0,0,8_plus,Protective; Playful,0,0,1,0,1,0,1,0,0,0,0,0,1,0,1,0,0,0,1,0,0,0.0,0,0,0,0,0,1,0,0,1,1,1,0,0,0,0,1,0,1
*Harry,cat,Domestic Shorthair Mix,kitten_puppy,Tabby,Energetic; Playful; Affectionate,house_no_yard,high,experienced,1,1,0_3,Protective; Playful,0,0,1,0,0,1,0,1,1,1,1,0,0,1,0,1,1,0,0,0,0,0.408248,1,0,0,0,0,1,0,0,1,0,0,1,0,1,0,1,0,1
*Joe,dog,German Shepherd Mix,adult,Black,Friendly; Energetic; Affectionate; Protective,house_with_yard,moderate,first_time,0,0,4_7,Independent,0,1,0,0,1,0,1,0,0,0,0,1,0,0,1,0,0,0,1,0,0,0.0,1,0,0,0,0,0,1,0,0,1,0,1,0,0,0,1,1,1
Mia,dog,Chihuahua Shorthair/Beagle,adult,Black,Friendly; Calm; Playful; Affectionate,house_with_yard,high,experienced,0,0,4_7,Independent; Energetic,0,1,0,0,0,1,0,1,0,0,0,1,0,0,1,0,0,0,1,0,0,0.0,0,0,0,1,0,0,1,0,0,1,1,0,0,1,0,1,0,1
Shelter Rescue,cat,Domestic Shorthair Mix,kitten_puppy,White,Energetic; Playful; Affectionate,house_no_yard,relaxed,first_time,0,0,4_7,Protective,0,0,1,1,0,0,1,0,0,0,0,1,0,0,0,1,1,0,0,0,0,0.0,1,0,0,0,0,0,0,0,1,0,0,1,0,1,0,1,0,0
Harvey,dog,Harrier Mix,kitten_puppy,White,Friendly; Energetic; Playful,house_no_yard,high,experienced,0,1,8_plus,Friendly; Playful,0,0,1,0,0,1,0,1,0,1,0,0,1,0,1,0,1,0,0,0,0,0.816497,0,1,0,0,0,1,0,0,0,1,0,1,0,1,0,0,0,1
*Elvis,dog,Miniature Pinscher Mix,young,Black,Friendly; Energetic; Playful,apartment,moderate,first_time,0,0,8_plus,Friendly; Protective; Affectionate,1,0,0,0,1,0,1,0,0,0,0,0,1,0,1,0,0,1,0,0,0,0.333333,0,1,0,0,0,0,0,1,1,1,0,1,0,1,0,0,0,0
Eddie,cat,Domestic Shorthair Mix,senior,Gray,Calm; Independent,house_with_yard,relaxed,first_time,1,1,8_plus,Calm,0,1,0,1,0,0,1,0,1,1,0,0,1,1,0,1,0,0,0,1,0,0.707107,0,0,1,0,0,0,0,0,0,0,1,0,0,0,1,0,0,1
Oso,dog,Rhod Ridgeback Mix,young,Brown,Friendly; Energetic; Playful,house_with_yard,relaxed,experienced,0,1,0_3,Friendly,0,1,0,1,0,0,0,1,0,1,1,0,0,0,1,0,0,1,0,0,0,0.57735,0,1,0,0,0,0,0,0,0,1,0,1,0,1,0,0,0,1
*Wilson,cat,Domestic Shorthair Mix,kitten_puppy,White,Energetic; Playful; Affectionate,house_no_yard,moderate,experienced,0,0,0_3,Protective; Energetic,0,0,1,0,1,0,0,1,0,0,1,0,0,0,0,1,1,0,0,0,0,0.408248,1,0,0,1,0,0,0,0,1,0,0,1,0,1,0,1,0,1
*Annabell,dog,German Shepherd Mix,kitten_puppy,Black,Friendly; Energetic; Playful; Protective,apartment,relaxed,experienced,1,1,4_7,Energetic; Calm,1,0,0,1,0,0,0,1,1,1,0,1,0,1,1,0,1,0,0,0,0,0.353553,0,0,1,1,0,0,0,0,0,1,0,1,0,1,0,0,1,0
Rumierre,cat,Domestic Medium Hair Mix,young,White,Calm; Independent; Affectionate,apartment,relaxed,experienced,0,0,0_3,Shy; Independent,1,0,0,1,0,0,0,1,0,0,1,0,0,0,0,1,0,1,0,0,0,0.408248,0,0,0,0,1,0,1,0,0,0,1,0,0,0,1,1,0,1
Corazon,cat,Domestic Shorthair Mix,senior,White,Calm; Independent,apartment,moderate,experienced,0,1,8_plus,Independent; Friendly,1,0,0,0,1,0,0,1,0,1,0,0,1,0,0,1,0,0,0,1,0,0.5,0,1,0,0,0,0,1,0,0,0,1,0,0,0,1,0,0,1
Tank,dog,Australian Cattle Dog Mix,young,Tricolor,Friendly; Energetic; Playful,apartment,relaxed,first_time,1,1,0_3,Shy,1,0,0,1,0,0,1,0,1,1,1,0,0,1,1,0,0,1,0,0,0,0.0,0,0,0,0,1,0,0,0,0,1,0,1,0,1,0,0,0,0
*Flower,dog,Jack Russell Terrier Mix,adult,White,Friendly; Energetic; Affectionate,house_no_yard,relaxed,first_time,0,0,4_7,Calm,0,0,1,1,0,0,1,0,0,0,0,1,0,0,1,0,0,0,1,0,0,0.0,0,0,1,0,0,0,0,0,0,1,0,1,0,0,0,1,0,0
*St. Nicks,dog,Australian Shepherd Mix,kitten_puppy,Tricolor,Friendly; Energetic; Playful; Protective,apartment,moderate,experienced,0,1,8_plus,Energetic; Independent,1,0,0,0,1,0,0,1,0,1,0,0,1,0,1,0,1,0,0,0,0,0.353553,0,0,0,1,0,0,1,0,0,1,0,1,0,1,0,0,1,0
*Rose,cat,Domestic Shorthair Mix,kitten_puppy,Tricolor,Energetic; Playful; Affectionate,apartment,moderate,experienced,1,0,0_3,Playful; Shy; Independent,1,0,0,0,1,0,0,1,1,0,1,0,0,0,0,1,1,0,0,0,0,0.333333,0,0,0,0,1,1,1,0,0,0,0,1,0,1,0,1,0,1
Boots,dog,Labrador Retriever/Pit Bull,young,Black,Friendly; Energetic; Playful; Affectionate,house_no_yard,moderate,experienced,1,1,4_7,Protective; Calm,0,0,1,0,1,0,0,1,1,1,0,1,0,0,1,0,0,1,0,0,0,0.0,1,0,1,0,0,0,0,0,1,1,0,1,0,1,0,1,0,1
Fluffy,dog,Miniature Schnauzer Mix,young,Black,Friendly; Energetic; Playful,house_with_yard,high,experienced,0,0,8_plus,Affectionate,0,1,0,0,0,1,0,1,0,0,0,0,1,0,1,0,0,1,0,0,0,0.0,1,0,0,0,0,0,0,1,0,1,0,1,0,1,0,0,0,1
Shelter Rescue,dog,Dachshund/Chihuahua Shorthair,young,Black,Friendly; Calm; Energetic; Playful; Affectionate,house_with_yard,high,first_time,0,1,8_plus,Independent; Playful; Energetic,0,1,0,0,0,1,1,0,0,1,0,0,1,0,1,0,0,1,0,0,0,0.516398,0,0,0,1,0,1,1,0,0,1,1,1,0,1,0,1,0,1
Wilder,dog,Black/Tan Hound Mix,young,Black,Friendly; Energetic; Playful,house_no_yard,moderate,experienced,0,1,4_7,Shy,0,0,1,0,1,0,0,1,0,1,0,1,0,0,1,0,0,1,0,0,0,0.0,0,0,0,0,1,0,0,0,0,1,0,1,0,1,0,0,0,0
Shelter Rescue,dog,Rat Terrier Mix,kitten_puppy,White,Friendly; Energetic; Playful,house_no_yard,high,first_time,1,1,8_plus,Playful; Affectionate,0,0,1,0,0,1,1,0,1,1,0,0,1,0,1,0,1,0,0,0,0,0.408248,0,0,0,0,0,1,0,1,0,1,0,1,0,1,0,0,0,1
Hershey,dog,German Shepherd Mix,young,Black,Friendly; Energetic; Playful; Protective,apartment,moderate,experienced,0,0,4_7,Shy,1,0,0,0,1,0,0,1,0,0,0,1,0,0,1,0,0,1,0,0,0,0.0,0,0,0,0,1,0,0,0,0,1,0,1,0,1,0,0,1,0
Leia,dog,Labrador Retriever Mix,kitten_puppy,Orange,Friendly; Energetic; Playful; Affectionate,house_with_yard,moderate,experienced,1,0,4_7,Friendly,0,1,0,0,1,0,0,1,1,0,0,1,0,0,1,0,1,0,0,0,0,0.5,0,1,0,0,0,0,0,0,0,1,0,1,0,1,0,1,0,1
*Belinda,dog,Great Dane/Labrador Retriever,young,Black,Friendly; Energetic; Playful; Affectionate,house_with_yard,relaxed,experienced,1,1,8_plus,Playful; Protective; Friendly,0,1,0,1,0,0,0,1,1,1,0,0,1,0,1,0,0,1,0,0,0,0.57735,0,1,0,0,0,1,0,0,1,1,0,1,0,1,0,1,0,1
Samantha,cat,Domestic Longhair Mix,young,White,Calm; Independent; Affectionate,house_no_yard,high,first_time,0,1,0_3,Energetic; Playful,0,0,1,0,0,1,1,0,0,1,1,0,0,0,0,1,0,1,0,0,0,0.0,0,0,0,1,0,1,0,0,0,0,1,0,0,0,1,1,0,1
*Tallulah,dog,Chihuahua Shorthair Mix,young,Orange,Friendly; Calm; Energetic; Playful; Affectionate,apartment,high,experienced,0,0,0_3,Friendly; Playful,1,0,0,0,0,1,0,1,0,0,1,0,0,0,1,0,0,1,0,0,0,0.632456,1,1,0,0,0,1,0,0,0,1,1,1,0,1,0,1,0,1
Shayla,dog,Australian Cattle Dog Mix,adult,Black,Friendly; Affectionate,house_no_yard,relaxed,experienced,0,0,8_plus,Protective,0,0,1,1,0,0,0,1,0,0,0,0,1,0,1,0,0,0,1,0,0,0.0,0,0,0,0,0,0,0,0,1,1,0,0,0,0,0,1,0,0
Shelter Rescue,dog,Anatol Shepherd Mix,kitten_puppy,White,Friendly; Energetic; Playful; Protective,house_no_yard,relaxed,experienced,0,1,4_7,Independent; Playful; Protective,0,0,1,1,0,0,0,1,0,1,0,1,0,1,1,0,1,0,0,0,0,0.57735,0,0,0,0,0,1,1,0,1,1,0,1,0,1,0,0,1,1
*Tillie,cat,Domestic Shorthair Mix,kitten_puppy,White,Energetic; Playful; Affectionate,apartment,moderate,experienced,1,1,8_plus,Independent; Friendly; Calm,1,0,0,0,1,0,0,1,1,1,0,0,1,0,0,1,1,0,0,0,0,0.0,0,1,1,0,0,0,1,0,0,0,0,1,0,1,0,1,0,0
*Chimichanga,cat,Domestic Shorthair Mix,kitten_puppy,Black,Energetic; Playful; Affectionate,house_no_yard,high,experienced,1,1,8_plus,Independent; Affectionate,0,0,1,0,0,1,0,1,1,1,0,0,1,1,0,1,1,0,0,0,0,0.408248,1,0,0,0,0,0,1,1,0,0,0,1,0,1,0,1,0,1
*Lewis,cat,Domestic Medium Hair Mix,kitten_puppy,Black,Energetic; Playful; Affectionate,house_no_yard,high,experienced,1,0,0_3,Shy,0,0,1,0,0,1,0,1,1,0,1,0,0,0,0,1,1,0,0,0,0,0.0,1,0,0,0,1,0,0,0,0,0,0,1,0,1,0,1,0,1
Zelda,dog,Pit Bull/Pointer,young,Black,Friendly; Energetic; Playful,apartment,moderate,first_time,0,0,4_7,Playful,1,0,0,0,1,0,1,0,0,0,0,1,0,0,1,0,0,1,0,0,0,0.57735,0,0,0,0,0,1,0,0,0,1,0,1,0,1,0,0,0,0
Angel,dog,Rat Terrier/Chihuahua Shorthair,kitten_puppy,Black,Friendly; Calm; Energetic; Playful; Affectionate,house_no_yard,relaxed,first_time,1,0,0_3,Shy,0,0,1,1,0,0,1,0,1,0,1,0,0,0,1,0,1,0,0,0,0,0.0,1,0,0,0,1,0,0,0,0,1,1,1,0,1,0,1,0,1
Chai,dog,Chinese Sharpei Mix,young,Brown,Friendly; Energetic; Playful,apartment,high,experienced,0,0,0_3,Playful,1,0,0,0,0,1,0,1,0,0,1,0,0,0,1,0,0,1,0,0,0,0.57735,0,0,0,0,0,1,0,0,0,1,0,1,0,1,0,0,0,0
*Henry,cat,Domestic Shorthair Mix,kitten_puppy,Tabby,Energetic; Playful; Affectionate,house_with_yard,high,experienced,0,0,8_plus,Friendly; Calm; Playful,0,1,0,0,0,1,0,1,0,0,0,0,1,0,0,1,1,0,0,0,0,0.333333,1,1,1,0,0,1,0,0,0,0,0,1,0,1,0,1,0,1
Chops,dog,Staffordshire/Beagle,young,White,Friendly; Energetic; Playful; Affectionate,house_with_yard,relaxed,first_time,0,1,4_7,Affectionate; Shy,0,1,0,1,0,0,1,0,0,1,0,1,0,0,1,0,0,1,0,0,0,0.353553,0,0,0,0,1,0,0,1,0,1,0,1,0,1,0,1,0,1
Maria,cat,Domestic Medium Hair Mix,kitten_puppy,Black,Energetic; Playful; Affectionate,house_no_yard,moderate,experienced,1,1,0_3,Affectionate; Friendly; Independent,0,0,1,0,1,0,0,1,1,1,1,0,0,0,0,1,1,0,0,0,0,0.333333,0,1,0,0,0,0,1,1,0,0,0,1,0,1,0,1,0,1
*Axel,dog,Cardigan Welsh Corgi/Pointer,kitten_puppy,White,Friendly; Energetic; Playful,house_with_yard,relaxed,experienced,0,1,8_plus,Protective,0,1,0,1,0,0,0,1,0,1,0,0,1,0,1,0,1,0,0,0,0,0.0,0,0,0,0,0,0,0,0,1,1,0,1,0,1,0,0,0,0
*Titan,cat,Domestic Medium Hair Mix,kitten_puppy,White,Energetic; Playful; Affectionate,apartment,high,first_time,1,1,0_3,Independent,1,0,0,0,0,1,1,0,1,1,1,0,0,0,0,1,1,0,0,0,0,0.0,0,0,0,0,0,0,1,0,0,0,0,1,0,1,0,1,0,1
Joy,dog,Shiba Inu Mix,young,Brown,Friendly; Energetic; Playful,house_with_yard,moderate,first_time,1,1,8_plus,Affectionate; Calm; Energetic,0,1,0,0,1,0,1,0,1,1,0,0,1,0,1,0,0,1,0,0,0,0.333333,0,0,1,1,0,0,0,1,0,1,0,1,0,1,0,0,0,1
Skipper,dog,Chihuahua Shorthair Mix,adult,White,Friendly; Calm; Affectionate,house_with_yard,high,experienced,0,1,0_3,Friendly; Protective; Independent,0,1,0,0,0,1,0,1,0,1,1,0,0,0,1,0,0,0,1,0,0,0.333333,1,1,0,0,0,0,1,0,1,1,1,0,0,0,0,1,0,1
Blue,cat,Domestic Shorthair Mix,kitten_puppy,White,Energetic; Playful; Affectionate,house_no_yard,moderate,first_time,1,0,0_3,Independent,0,0,1,0,1,0,1,0,1,0,1,0,0,0,0,1,1,0,0,0,0,0.0,0,0,0,0,0,0,1,0,0,0,0,1,0,1,0,1,0,1
*Willienelso,cat,Domestic Shorthair Mix,kitten_puppy,Tabby,Energetic; Playful; Affectionate,house_no_yard,high,first_time,1,0,0_3,Independent; Friendly,0,0,1,0,0,1,1,0,1,0,1,0,0,0,0,1,1,0,0,0,0,0.0,0,1,0,0,0,0,1,0,0,0,0,1,0,1,0,1,0,1
N,cat,Domestic Shorthair Mix,kitten_puppy,Gray,Energetic; Playful; Affectionate,apartment,relaxed,experienced,1,1,0_3,Energetic; Protective,1,0,0,1,0,0,0,1,1,1,1,0,0,0,0,1,1,0,0,0,0,0.408248,0,0,0,1,0,0,0,0,1,0,0,1,0,1,0,1,0,1
Xena,dog,German Shepherd Mix,kitten_puppy,Black,Friendly; Energetic; Playful; Protective,apartment,high,experienced,0,1,4_7,Friendly,1,0,0,0,0,1,0,1,0,1,0,1,0,1,1,0,1,0,0,0,0,0.5,1,1,0,0,0,0,0,0,0,1,0,1,0,1,0,0,1,1
*Diego,dog,Chihuahua Shorthair Mix,senior,Orange,Friendly; Calm; Independent; Affectionate,house_with_yard,high,first_time,0,0,8_plus,Calm; Shy,0,1,0,0,0,1,1,0,0,0,0,0,1,0,1,0,0,0,0,1,0,0.353553,0,0,1,0,1,0,0,0,0,1,1,0,0,0,1,1,0,1
Van Dayum,cat,Domestic Shorthair Mix,kitten_puppy,Black,Energetic; Playful; Affectionate,house_no_yard,high,experienced,0,1,8_plus,Playful; Shy; Protective,0,0,1,0,0,1,0,1,0,1,0,0,1,0,0,1,1,0,0,0,0,0.333333,0,0,0,0,1,1,0,0,1,0,0,1,0,1,0,1,0,0
*Liam,cat,Domestic Shorthair Mix,kitten_puppy,Black,Energetic; Playful; Affectionate,house_no_yard,moderate,first_time,1,0,0_3,Playful; Friendly; Affectionate,0,0,1,0,1,0,1,0,1,0,1,0,0,0,0,1,1,0,0,0,0,0.666667,1,1,0,0,0,1,0,1,0,0,0,1,0,1,0,1,0,1
Shelter Rescue,dog,German Shepherd Mix,kitten_puppy,White,Friendly; Energetic; Playful; Protective,apartment,relaxed,experienced,0,1,8_plus,Energetic; Shy,1,0,0,1,0,0,0,1,0,1,0,0,1,0,1,0,1,0,0,0,0,0.353553,0,0,0,1,1,0,0,0,0,1,0,1,0,1,0,0,1,0
*Buck,dog,Chihuahua Shorthair Mix,kitten_puppy,White,Friendly; Calm; Energetic; Playful; Affectionate,house_with_yard,high,first_time,1,0,8_plus,Affectionate; Protective,0,1,0,0,0,1,1,0,1,0,0,0,1,1,1,0,1,0,0,0,0,0.316228,0,0,0,0,0,0,0,1,1,1,1,1,0,1,0,1,0,1
Snazz,dog,Cairn Terrier Mix,young,Brown,Friendly; Energetic; Playful,house_no_yard,moderate,experienced,1,1,8_plus,Playful; Affectionate,0,0,1,0,1,0,0,1,1,1,0,0,1,0,1,0,0,1,0,0,0,0.408248,1,0,0,0,0,1,0,1,0,1,0,1,0,1,0,0,0,1
Kilo,dog,Boxer Mix,adult,Brown,Friendly; Energetic; Affectionate,house_with_yard,moderate,experienced,1,0,8_plus,Shy; Energetic; Independent,0,1,0,0,1,0,0,1,1,0,0,0,1,1,1,0,0,0,1,0,0,0.333333,0,0,0,1,1,0,1,0,0,1,0,1,0,0,0,1,0,1
Anna Belle,cat,Domestic Shorthair Mix,adult,White,Calm; Independent; Affectionate,house_no_yard,relaxed,experienced,0,1,8_plus,Playful; Protective,0,0,1,1,0,0,0,1,0,1,0,0,1,0,0,1,0,0,1,0,0,0.0,0,0,0,0,0,1,0,0,1,0,1,0,0,0,1,1,0,1
*Pickles,cat,Domestic Shorthair Mix,kitten_puppy,Tabby,Energetic; Playful; Affectionate,apartment,relaxed,experienced,0,1,4_7,Shy; Friendly,1,0,0,1,0,0,0,1,0,1,0,1,0,1,0,1,1,0,0,0,0,0.0,0,1,0,0,1,0,0,0,0,0,0,1,0,1,0,1,0,1
*Piper,dog,Cardigan Welsh Corgi Mix,young,White,Friendly; Energetic; Playful,apartment,high,first_time,0,1,8_plus,Playful,1,0,0,0,0,1,1,0,0,1,0,0,1,0,1,0,0,1,0,0,0,0.57735,0,0,0,0,0,1,0,0,0,1,0,1,0,1,0,0,0,1
Miss Kitty,cat,Domestic Shorthair Mix,young,Tricolor,Calm; Independent; Affectionate,house_with_yard,moderate,experienced,1,1,0_3,Protective; Affectionate; Playful,0,1,0,0,1,0,0,1,1,1,1,0,0,0,0,1,0,1,0,0,0,0.333333,0,0,0,0,0,1,0,1,1,0,1,0,0,0,1,1,0,1
Cozmo,cat,Domestic Shorthair Mix,kitten_puppy,Orange,Energetic; Playful; Affectionate,apartment,high,experienced,0,1,8_plus,Energetic; Protective,1,0,0,0,0,1,0,1,0,1,0,0,1,0,0,1,1,0,0,0,0,0.408248,0,0,0,1,0,0,0,0,1,0,0,1,0,1,0,1,0,1
Red,dog,Australian Cattle Dog Mix,kitten_puppy,Orange,Friendly; Energetic; Playful,apartment,moderate,first_time,1,0,0_3,Friendly; Independent; Playful,1,0,0,0,1,0,1,0,1,0,1,0,0,1,1,0,1,0,0,0,0,0.666667,0,1,0,0,0,1,1,0,0,1,0,1,0,1,0,0,0,1
*Java,dog,Australian Cattle Dog Mix,senior,Brown,Friendly; Calm; Independent; Affectionate,house_no_yard,moderate,first_time,0,1,0_3,Calm; Playful,0,0,1,0,1,0,1,0,0,1,1,0,0,0,1,0,0,0,0,1,0,0.353553,0,0,1,0,0,1,0,0,0,1,1,0,0,0,1,1,0,1
Sara,cat,Domestic Medium Hair Mix,kitten_puppy,Tricolor,Energetic; Playful; Affectionate,house_no_yard,high,first_time,0,0,8_plus,Independent,0,0,1,0,0,1,1,0,0,0,0,0,1,0,0,1,1,0,0,0,0,0.0,0,0,0,0,0,0,1,0,0,0,0,1,0,1,0,1,0,0
Shelter Rescue,dog,Bichon Frise Mix,young,White,Friendly; Calm; Energetic; Playful; Affectionate,apartment,relaxed,first_time,0,1,0_3,Calm; Protective,1,0,0,1,0,0,1,0,0,1,1,0,0,0,1,0,0,1,0,0,0,0.316228,0,0,1,0,0,0,0,0,1,1,1,1,0,1,0,1,0,1
Shelter Rescue,dog,Labrador Retriever Mix,kitten_puppy,Black,Friendly; Energetic; Playful; Affectionate,house_with_yard,high,first_time,0,1,4_7,Energetic; Affectionate; Shy,0,1,0,0,0,1,1,0,0,1,0,1,0,0,1,0,1,0,0,0,0,0.57735,0,0,0,1,1,0,0,1,0,1,0,1,0,1,0,1,0,1
Shelter Rescue,cat,Domestic Shorthair Mix,kitten_puppy,Tricolor,Energetic; Playful; Affectionate,house_no_yard,relaxed,first_time,0,1,8_plus,Friendly; Calm; Playful,0,0,1,1,0,0,1,0,0,1,0,0,1,0,0,1,1,0,0,0,0,0.333333,0,1,1,0,0,1,0,0,0,0,0,1,0,1,0,1,0,0
Shelter Rescue,dog,German Shepherd/Siberian Husky,young,Brown,Friendly; Energetic; Playful; Protective,apartment,moderate,experienced,0,0,0_3,Shy; Affectionate,1,0,0,0,1,0,0,1,0,0,1,0,0,0,1,0,0,1,0,0,0,0.0,0,0,0,0,1,0,0,1,0,1,0,1,0,1,0,0,1,0
Joey,dog,Chihuahua Shorthair/Dachshund,adult,Orange,Friendly; Calm; Affectionate,apartment,high,first_time,0,0,4_7,Shy,1,0,0,0,0,1,1,0,0,0,0,1,0,0,1,0,0,0,1,0,0,0.0,0,0,0,0,1,0,0,0,0,1,1,0,0,0,0,1,0,1
Pixie,dog,Papillon/Pomeranian,young,Brown,Friendly; Energetic; Playful,house_no_yard,moderate,first_time,0,1,8_plus,Calm; Independent,0,0,1,0,1,0,1,0,0,1,0,0,1,0,1,0,0,1,0,0,0,0.0,0,0,1,0,0,0,1,0,0,1,0,1,0,1,0,0,0,0
*Watson,dog,German Shepherd Mix,young,Black,Friendly; Energetic; Playful; Protective,house_with_yard,relaxed,experienced,0,1,8_plus,Protective; Energetic,0,1,0,1,0,0,0,1,0,1,0,0,1,0,1,0,0,1,0,0,0,0.707107,0,0,0,1,0,0,0,0,1,1,0,1,0,1,0,0,1,1
Shelter Rescue,dog,Labrador Retriever Mix,kitten_puppy,Black,Friendly; Energetic; Playful; Affectionate,apartment,high,first_time,0,1,4_7,Shy,1,0,0,0,0,1,1,0,0,1,0,1,0,0,1,0,1,0,0,0,0,0.0,1,0,0,0,1,0,0,0,0,1,0,1,0,1,0,1,0,1
*Laramie,dog,Labrador Retriever,kitten_puppy,Black,Friendly; Energetic; Playful; Affectionate,house_no_yard,relaxed,experienced,0,1,8_plus,Energetic; Protective; Shy,0,0,1,1,0,0,0,1,0,1,0,0,1,0,1,0,1,0,0,0,0,0.288675,1,0,0,1,1,0,0,0,1,1,0,1,0,1,0,1,0,0
Tux,dog,Papillon Mix,young,Black,Friendly; Energetic; Playful,house_no_yard,moderate,first_time,0,1,8_plus,Shy,0,0,1,0,1,0,1,0,0,1,0,0,1,0,1,0,0,1,0,0,0,0.0,0,0,0,0,1,0,0,0,0,1,0,1,0,1,0,0,0,0
Camillo,dog,Doberman Pinsch Mix,adult,Orange,Friendly; Affectionate,apartment,relaxed,first_time,0,1,8_plus,Independent; Playful,1,0,0,1,0,0,1,0,0,1,0,0,1,0,1,0,0,0,1,0,0,0.0,1,0,0,0,0,1,1,0,0,1,0,0,0,0,0,1,0,1
*Teena,cat,Domestic Medium Hair Mix,kitten_puppy,Black,Energetic; Playful; Affectionate,house_with_yard,high,first_time,0,0,8_plus,Shy; Protective,0,1,0,0,0,1,1,0,0,0,0,0,1,0,0,1,1,0,0,0,0,0.0,0,0,0,0,1,0,0,0,1,0,0,1,0,1,0,1,0,0
*Ron,cat,Domestic Shorthair Mix,kitten_puppy,Black,Energetic; Playful; Affectionate,apartment,high,experienced,0,0,0_3,Independent; Protective; Shy,1,0,0,0,0,1,0,1,0,0,1,0,0,0,0,1,1,0,0,0,0,0.0,1,0,0,0,1,0,1,0,1,0,0,1,0,1,0,1,0,1
Figgy,dog,Cardigan Welsh Corgi Mix,kitten_puppy,White,Friendly; Energetic; Playful,house_with_yard,relaxed,first_time,0,0,4_7,Protective,0,1,0,1,0,0,1,0,0,0,0,1,0,0,1,0,1,0,0,0,0,0.0,0,0,0,0,0,0,0,0,1,1,0,1,0,1,0,0,0,1
*Denby,cat,Domestic Shorthair Mix,kitten_puppy,Black,Energetic; Playful; Affectionate,house_with_yard,moderate,experienced,0,1,8_plus,Protective; Calm,0,1,0,0,1,0,0,1,0,1,0,0,1,0,0,1,1,0,0,0,0,0.0,0,0,1,0,0,0,0,0,1,0,0,1,0,1,0,1,0,0
Colby,dog,American Bulldog Mix,young,White,Friendly; Energetic; Playful,apartment,relaxed,first_time,1,1,0_3,Affectionate; Friendly; Shy,1,0,0,1,0,0,1,0,1,1,1,0,0,0,1,0,0,1,0,0,0,0.333333,0,1,0,0,1,0,0,1,0,1,0,1,0,1,0,0,0,1
*Mimi,cat,Domestic Shorthair Mix,kitten_puppy,Black,Energetic; Playful; Affectionate,apartment,relaxed,first_time,0,1,0_3,Protective,1,0,0,1,0,0,1,0,0,1,1,0,0,0,0,1,1,0,0,0,0,0.0,0,0,0,0,0,0,0,0,1,0,0,1,0,1,0,1,0,1
Shelter Rescue,cat,Domestic Shorthair Mix,kitten_puppy,Tabby,Energetic; Playful; Affectionate,apartment,high,experienced,0,0,0_3,Playful,1,0,0,0,0,1,0,1,0,0,1,0,0,0,0,1,1,0,0,0,0,0.57735,0,0,0,0,0,1,0,0,0,0,0,1,0,1,0,1,0,1
Bilbo,cat,Domestic Shorthair Mix,kitten_puppy,Black,Energetic; Playful; Affectionate,house_with_yard,relaxed,experienced,1,0,4_7,Protective,0,1,0,1,0,0,0,1,1,0,0,1,0,0,0,1,1,0,0,0,0,0.0,0,0,0,0,0,0,0,0,1,0,0,1,0,1,0,1,0,1
*Chrissie,cat,Domestic Longhair Mix,adult,Gray,Calm; Independent; Affectionate,apartment,relaxed,experienced,1,1,8_plus,Energetic; Protective; Calm,1,0,0,1,0,0,0,1,1,1,0,0,1,0,0,1,0,0,1,0,0,0.333333,1,0,1,1,0,0,0,0,1,0,1,0,0,0,1,1,0,1
Shelter Rescue,dog,Rottweiler Mix,kitten_puppy,White,Friendly; Energetic; Playful,house_with_yard,moderate,experienced,1,0,8_plus,Affectionate; Shy,0,1,0,0,1,0,0,1,1,0,0,0,1,0,1,0,1,0,0,0,0,0.0,1,0,0,0,1,0,0,1,0,1,0,1,0,1,0,0,0,0
Fluffy,dog,Shih Tzu Mix,kitten_puppy,Black,Friendly; Calm; Energetic; Playful; Affectionate,house_no_yard,moderate,first_time,1,0,8_plus,Affectionate; Playful; Friendly,0,0,1,0,1,0,1,0,1,0,0,0,1,0,1,0,1,0,0,0,0,0.774597,0,1,0,0,0,1,0,1,0,1,1,1,0,1,0,1,0,1
*Harper,dog,Pit Bull Mix,young,Black,Friendly; Energetic; Playful,house_no_yard,high,experienced,1,0,4_7,Energetic,0,0,1,0,0,1,0,1,1,0,0,1,0,0,1,0,0,1,0,0,0,0.57735,0,0,0,1,0,0,0,0,0,1,0,1,0,1,0,0,0,1
Shelter Rescue,dog,Chihuahua Shorthair Mix,young,Brown,Friendly; Calm; Energetic; Playful; Affectionate,house_no_yard,moderate,first_time,0,1,0_3,Energetic; Friendly,0,0,1,0,1,0,1,0,0,1,1,0,0,0,1,0,0,1,0,0,0,0.632456,0,1,0,1,0,0,0,0,0,1,1,1,0,1,0,1,0,1
*Marla,dog,Pit Bull Mix,young,Black,Friendly; Energetic; Playful,house_with_yard,high,first_time,0,1,8_plus,Independent; Affectionate; Energetic,0,1,0,0,0,1,1,0,0,1,0,0,1,0,1,0,0,1,0,0,0,0.333333,0,0,0,1,0,0,1,1,0,1,0,1,0,1,0,0,0,1
Finn,dog,Labrador Retriever Mix,kitten_puppy,Black,Friendly; Energetic; Playful; Affectionate,house_with_yard,moderate,first_time,0,0,0_3,Friendly; Calm; Energetic,0,1,0,0,1,0,1,0,0,0,1,0,0,0,1,0,1,0,0,0,0,0.57735,1,1,1,1,0,0,0,0,0,1,0,1,0,1,0,1,0,1
Bill,cat,Domestic Shorthair Mix,young,White,Calm; Independent; Affectionate,apartment,relaxed,first_time,1,0,0_3,Protective; Energetic,1,0,0,1,0,0,1,0,1,0,1,0,0,0,0,1,0,1,0,0,0,0.0,0,0,0,1,0,0,0,0,1,0,1,0,0,0,1,1,0,1
Shelter Rescue,dog,Pekingese Mix,adult,White,Friendly; Affectionate,house_with_yard,moderate,experienced,0,1,4_7,Calm; Shy; Protective,0,1,0,0,1,0,0,1,0,1,0,1,0,0,1,0,0,0,1,0,0,0.0,0,0,1,0,1,0,0,0,1,1,0,0,0,0,0,1,0,0
Stella,dog,Alaskan Husky,young,Black,Friendly; Energetic; Playful,house_with_yard,relaxed,experienced,1,1,4_7,Playful; Protective,0,1,0,1,0,0,0,1,1,1,0,1,0,0,1,0,0,1,0,0,0,0.408248,0,0,0,0,0,1,0,0,1,1,0,1,0,1,0,0,0,1
*Ernestine,dog,Labrador Retriever Mix,kitten_puppy,Brown,Friendly; Energetic; Playful; Affectionate,house_no_yard,relaxed,first_time,1,0,8_plus,Independent; Shy,0,0,1,1,0,0,1,0,1,0,0,0,1,0,1,0,1,0,0,0,0,0.0,0,0,0,0,1,0,1,0,0,1,0,1,0,1,0,1,0,0
*Dally,cat,Domestic Shorthair Mix,kitten_puppy,Gray,Energetic; Playful; Affectionate,apartment,high,experienced,0,1,8_plus,Calm; Independent; Energetic,1,0,0,0,0,1,0,1,0,1,0,0,1,1,0,1,1,0,0,0,0,0.333333,0,0,1,1,0,0,1,0,0,0,0,1,0,1,0,1,0,1
Austin,dog,Bluetick Hound Mix,adult,White,Friendly; Energetic; Affectionate,house_no_yard,high,experienced,1,0,4_7,Energetic; Calm; Friendly,0,0,1,0,0,1,0,1,1,0,0,1,0,0,1,0,0,0,1,0,0,0.666667,0,1,1,1,0,0,0,0,0,1,0,1,0,0,0,1,0,1
*Leon,cat,Maine Coon Mix,adult,Tabby,Calm; Independent; Affectionate,house_no_yard,high,first_time,0,0,4_7,Calm,0,0,1,0,0,1,1,0,0,0,0,1,0,0,0,1,0,0,1,0,0,0.57735,0,0,1,0,0,0,0,0,0,0,1,0,0,0,1,1,0,1
Kade,dog,Great Dane/Boxer,adult,White,Friendly; Energetic; Affectionate,apartment,moderate,experienced,1,1,4_7,Shy; Independent; Affectionate,1,0,0,0,1,0,0,1,1,1,0,1,0,0,1,0,0,0,1,0,0,0.333333,0,0,0,0,1,0,1,1,0,1,0,1,0,0,0,1,0,0
Bluebell,dog,Miniature Poodle Mix,kitten_puppy,Black,Friendly; Energetic; Playful; Affectionate,house_no_yard,moderate,first_time,0,0,8_plus,Calm,0,0,1,0,1,0,1,0,0,0,0,0,1,0,1,0,1,0,0,0,0,0.0,0,0,1,0,0,0,0,0,0,1,0,1,0,1,0,1,0,0
*Sebastian,cat,Domestic Shorthair Mix,adult,Black,Calm; Independent; Affectionate,house_no_yard,moderate,first_time,1,1,4_7,Calm; Protective,0,0,1,0,1,0,1,0,1,1,0,1,0,0,0,1,0,0,1,0,0,0.408248,0,0,1,0,0,0,0,0,1,0,1,0,0,0,1,1,0,0
Storm,cat,Domestic Shorthair Mix,senior,Orange,Calm; Independent,house_with_yard,moderate,first_time,1,1,4_7,Friendly,0,1,0,0,1,0,1,0,1,1,0,1,0,1,0,1,0,0,0,1,0,0.0,0,1,0,0,0,0,0,0,0,0,1,0,0,0,1,0,0,0
Shelter Rescue,dog,Cairn Terrier/Chihuahua Shorthair,young,Brown,Friendly; Calm; Energetic; Playful; Affectionate,apartment,high,experienced,0,0,8_plus,Independent,1,0,0,0,0,1,0,1,0,0,0,0,1,0,1,0,0,1,0,0,0,0.0,0,0,0,0,0,0,1,0,0,1,1,1,0,1,0,1,0,1
Shelter Rescue,dog,Boxer,kitten_puppy,White,Friendly; Energetic; Playful,house_no_yard,high,experienced,0,1,4_7,Independent,0,0,1,0,0,1,0,1,0,1,0,1,0,0,1,0,1,0,0,0,0,0.0,0,0,0,0,0,0,1,0,0,1,0,1,0,1,0,0,0,1
*Daisy,cat,Domestic Shorthair Mix,young,White,Calm; Independent; Affectionate,house_no_yard,high,first_time,1,0,8_plus,Calm,0,0,1,0,0,1,1,0,1,0,0,0,1,0,0,1,0,1,0,0,0,0.57735,0,0,1,0,0,0,0,0,0,0,1,0,0,0,1,1,0,1
*Leonora,cat,Domestic Shorthair Mix,kitten_puppy,White,Energetic; Playful; Affectionate,apartment,high,experienced,0,0,4_7,Independent; Energetic; Calm,1,0,0,0,0,1,0,1,0,0,0,1,0,0,0,1,1,0,0,0,0,0.333333,0,0,1,1,0,0,1,0,0,0,0,1,0,1,0,1,0,1
Freyja,dog,Boxer/Catahoula,kitten_puppy,White,Friendly; Energetic; Playful,house_no_yard,moderate,first_time,1,1,8_plus,Playful; Shy; Energetic,0,0,1,0,1,0,1,0,1,1,0,0,1,0,1,0,1,0,0,0,0,0.666667,0,0,0,1,1,1,0,0,0,1,0,1,0,1,0,0,0,1
Freda,cat,Domestic Shorthair Mix,kitten_puppy,White,Energetic; Playful; Affectionate,house_with_yard,relaxed,first_time,1,1,0_3,Shy,0,1,0,1,0,0,1,0,1,1,1,0,0,0,0,1,1,0,0,0,0,0.0,0,0,0,0,1,0,0,0,0,0,0,1,0,1,0,1,0,1
*Lovey,dog,Chihuahua Shorthair Mix,senior,White,Friendly; Calm; Independent; Affectionate,house_with_yard,moderate,first_time,0,0,0_3,Friendly; Playful,0,1,0,0,1,0,1,0,0,0,1,0,0,0,1,0,0,0,0,1,0,0.353553,0,1,0,0,0,1,0,0,0,1,1,0,0,0,1,1,0,1
Leia,dog,Miniature Schnauzer/Miniature Poodle,kitten_puppy,Black,Friendly; Energetic; Playful; Affectionate,apartment,relaxed,experienced,0,1,8_plus,Shy,1,0,0,1,0,0,0,1,0,1,0,0,1,1,1,0,1,0,0,0,0,0.0,0,0,0,0,1,0,0,0,0,1,0,1,0,1,0,1,0,0
*Jack,dog,Labrador Retriever Mix,kitten_puppy,Black,Friendly; Energetic; Playful; Affectionate,house_no_yard,high,first_time,1,1,4_7,Affectionate; Friendly,0,0,1,0,0,1,1,0,1,1,0,1,0,0,1,0,1,0,0,0,0,0.707107,0,1,0,0,0,0,0,1,0,1,0,1,0,1,0,1,0,1
Sarah,cat,Domestic Medium Hair Mix,kitten_puppy,White,Energetic; Playful; Affectionate,apartment,moderate,experienced,1,0,0_3,Calm; Shy,1,0,0,0,1,0,0,1,1,0,1,0,0,0,0,1,1,0,0,0,0,0.0,0,0,1,0,1,0,0,0,0,0,0,1,0,1,0,1,0,1
Princess,cat,Domestic Shorthair Mix,adult,Tabby,Calm; Independent; Affectionate,apartment,moderate,experienced,0,0,8_plus,Independent,1,0,0,0,1,0,0,1,0,0,0,0,1,1,0,1,0,0,1,0,0,0.57735,0,0,0,0,0,0,1,0,0,0,1,0,0,0,1,1,0,1
*Blondie,cat,Domestic Shorthair Mix,kitten_puppy,Orange,Energetic; Playful; Affectionate,house_no_yard,relaxed,first_time,1,1,8_plus,Protective; Friendly,0,0,1,1,0,0,1,0,1,1,0,0,1,0,0,1,1,0,0,0,0,0.0,0,1,0,0,0,0,0,0,1,0,0,1,0,1,0,1,0,0
Buddy,dog,Jack Russell Terrier,young,White,Friendly; Energetic; Playful,apartment,relaxed,experienced,1,1,8_plus,Shy,1,0,0,1,0,0,0,1,1,1,0,0,1,0,1,0,0,1,0,0,0,0.0,0,0,0,0,1,0,0,0,0,1,0,1,0,1,0,0,0,0
Ms Keke,dog,Shih Tzu Mix,adult,White,Friendly; Calm; Affectionate,house_with_yard,high,experienced,1,0,8_plus,Calm; Energetic; Affectionate,0,1,0,0,0,1,0,1,1,0,0,0,1,0,1,0,0,0,1,0,0,0.666667,0,0,1,1,0,0,0,1,0,1,1,0,0,0,0,1,0,1
*Chopin,cat,Domestic Shorthair Mix,kitten_puppy,Black,Energetic; Playful; Affectionate,house_with_yard,relaxed,experienced,1,1,0_3,Calm,0,1,0,1,0,0,0,1,1,1,1,0,0,0,0,1,1,0,0,0,0,0.0,1,0,1,0,0,0,0,0,0,0,0,1,0,1,0,1,0,1
Pooh Bear,dog,Chihuahua Shorthair Mix,adult,Black,Friendly; Calm; Affectionate,apartment,relaxed,first_time,0,0,0_3,Affectionate; Energetic; Shy,1,0,0,1,0,0,1,0,0,0,1,0,0,1,1,0,0,0,1,0,0,0.333333,1,0,0,1,1,0,0,1,0,1,1,0,0,0,0,1,0,1
*Sadie,dog,Labrador Retriever Mix,young,Brown,Friendly; Energetic; Playful; Affectionate,apartment,high,first_time,0,0,4_7,Playful; Friendly,1,0,0,0,0,1,1,0,0,0,0,1,0,0,1,0,0,1,0,0,0,0.707107,0,1,0,0,0,1,0,0,0,1,0,1,0,1,0,1,0,1
*Delilah,dog,Chihuahua Longhair Mix,young,White,Friendly; Calm; Energetic; Playful; Affectionate,house_with_yard,high,experienced,0,0,8_plus,Energetic; Affectionate; Protective,0,1,0,0,0,1,0,1,0,0,0,0,1,0,1,0,0,1,0,0,0,0.516398,0,0,0,1,0,0,0,1,1,1,1,1,0,1,0,1,0,1
*Sawyer,cat,Domestic Shorthair Mix,kitten_puppy,Orange,Energetic; Playful; Affectionate,house_no_yard,moderate,experienced,1,0,8_plus,Affectionate,0,0,1,0,1,0,0,1,1,0,0,0,1,1,0,1,1,0,0,0,0,0.57735,0,0,0,0,0,0,0,1,0,0,0,1,0,1,0,1,0,0
Kobe,dog,Labrador Retriever Mix,adult,Brown,Friendly; Playful; Affectionate,apartment,moderate,experienced,1,1,4_7,Protective,1,0,0,0,1,0,0,1,1,1,0,1,0,0,1,0,0,0,1,0,0,0.0,0,0,0,0,0,0,0,0,1,1,0,0,0,1,0,1,0,0
*Jess,dog,Labrador Retriever Mix,senior,Brown,Friendly; Calm; Playful; Independent; Affectionate,apartment,high,experienced,0,1,8_plus,Protective; Independent,1,0,0,0,0,1,0,1,0,1,0,0,1,0,1,0,0,0,0,1,0,0.316228,1,0,0,0,0,0,1,0,1,1,1,0,0,1,1,1,0,1
*Fincher,dog,German Shepherd/Labrador Retriever,adult,Brown,Friendly; Energetic; Playful; Affectionate; Protective,house_no_yard,relaxed,first_time,0,1,0_3,Calm; Protective; Friendly,0,0,1,1,0,0,1,0,0,1,1,0,0,0,1,0,0,0,1,0,0,0.516398,0,1,1,0,0,0,0,0,1,1,0,1,0,1,0,1,1,1
Maggie,dog,Vizsla/Golden Retriever,kitten_puppy,Orange,Friendly; Energetic; Playful; Affectionate,apartment,relaxed,first_time,0,0,4_7,Affectionate; Calm,1,0,0,1,0,0,1,0,0,0,0,1,0,0,1,0,1,0,0,0,0,0.353553,0,0,1,0,0,0,0,1,0,1,0,1,0,1,0,1,0,0
*Deebs,cat,Domestic Shorthair Mix,kitten_puppy,Tabby,Energetic; Playful; Affectionate,house_no_yard,moderate,experienced,0,0,8_plus,Affectionate; Calm; Independent,0,0,1,0,1,0,0,1,0,0,0,0,1,0,0,1,1,0,0,0,0,0.333333,0,0,1,0,0,0,1,1,0,0,0,1,0,1,0,1,0,0
Shadow,cat,Domestic Shorthair Mix,kitten_puppy,Gray,Energetic; Playful; Affectionate,house_no_yard,high,experienced,1,1,0_3,Friendly,0,0,1,0,0,1,0,1,1,1,1,0,0,1,0,1,1,0,0,0,0,0.0,1,1,0,0,0,0,0,0,0,0,0,1,0,1,0,1,0,1
*Amber,cat,Maine Coon Mix,kitten_puppy,Black,Energetic; Playful; Affectionate,apartment,high,first_time,1,1,0_3,Protective; Energetic; Calm,1,0,0,0,0,1,1,0,1,1,1,0,0,0,0,1,1,0,0,0,0,0.333333,0,0,1,1,0,0,0,0,1,0,0,1,0,1,0,1,0,1
*Theo,dog,Chihuahua Shorthair Mix,kitten_puppy,White,Friendly; Calm; Energetic; Playful; Affectionate,apartment,high,first_time,0,1,0_3,Playful,1,0,0,0,0,1,1,0,0,1,1,0,0,0,1,0,1,0,0,0,0,0.447214,0,0,0,0,0,1,0,0,0,1,1,1,0,1,0,1,0,1
*Roscoe,dog,Bullmastiff Mix,kitten_puppy,Black,Friendly; Energetic; Playful,apartment,relaxed,experienced,1,0,0_3,Playful; Friendly,1,0,0,1,0,0,0,1,1,0,1,0,0,0,1,0,1,0,0,0,0,0.816497,0,1,0,0,0,1,0,0,0,1,0,1,0,1,0,0,0,1
*Edmund,cat,Domestic Shorthair Mix,kitten_puppy,Orange,Energetic; Playful; Affectionate,house_with_yard,high,experienced,0,1,0_3,Friendly; Energetic; Playful,0,1,0,0,0,1,0,1,0,1,1,0,0,1,0,1,1,0,0,0,0,0.666667,1,1,0,1,0,1,0,0,0,0,0,1,0,1,0,1,0,1
*Ozzy,dog,Landseer Mix,young,Black,Friendly; Energetic; Playful,house_no_yard,moderate,experienced,0,1,4_7,Playful,0,0,1,0,1,0,0,1,0,1,0,1,0,0,1,0,0,1,0,0,0,0.57735,1,0,0,0,0,1,0,0,0,1,0,1,0,1,0,0,0,1
*Charlie,dog,Chihuahua Shorthair Mix,young,Brown,Friendly; Calm; Energetic; Playful; Affectionate,apartment,relaxed,experienced,0,1,0_3,Independent; Shy,1,0,0,1,0,0,0,1,0,1,1,0,0,1,1,0,0,1,0,0,0,0.0,1,0,0,0,1,0,1,0,0,1,1,1,0,1,0,1,0,1
Fanny,dog,Miniature Poodle Mix,young,White,Friendly; Energetic; Playful; Affectionate,apartment,moderate,experienced,0,1,0_3,Shy; Energetic; Affectionate,1,0,0,0,1,0,0,1,0,1,1,0,0,0,1,0,0,1,0,0,0,0.57735,0,0,0,1,1,0,0,1,0,1,0,1,0,1,0,1,0,1
*Meg,dog,Labrador Retriever/Pit Bull,kitten_puppy,Black,Friendly; Energetic; Playful; Affectionate,apartment,high,first_time,1,1,8_plus,Independent; Protective,1,0,0,0,0,1,1,0,1,1,0,0,1,0,1,0,1,0,0,0,0,0.0,1,0,0,0,0,0,1,0,1,1,0,1,0,1,0,1,0,0
*Nickel,cat,Domestic Shorthair Mix,kitten_puppy,Tricolor,Energetic; Playful; Affectionate,house_no_yard,relaxed,experienced,1,0,0_3,Shy; Playful; Friendly,0,0,1,1,0,0,0,1,1,0,1,0,0,0,0,1,1,0,0,0,0,0.333333,1,1,0,0,1,1,0,0,0,0,0,1,0,1,0,1,0,1
Shelter Rescue,cat,Domestic Medium Hair Mix,kitten_puppy,Black,Energetic; Playful; Affectionate,house_no_yard,moderate,experienced,0,1,0_3,Protective,0,0,1,0,1,0,0,1,0,1,1,0,0,1,0,1,1,0,0,0,0,0.0,0,0,0,0,0,0,0,0,1,0,0,1,0,1,0,1,0,1
Shelter Rescue,cat,Domestic Shorthair Mix,kitten_puppy,Tricolor,Energetic; Playful; Affectionate,house_with_yard,relaxed,first_time,0,1,0_3,Calm; Energetic; Friendly,0,1,0,1,0,0,1,0,0,1,1,0,0,1,0,1,1,0,0,0,0,0.333333,0,1,1,1,0,0,0,0,0,0,0,1,0,1,0,1,0,1
Shelter Rescue,dog,St. Bernard Smooth Coat Mix,young,Black,Friendly; Energetic; Playful,house_no_yard,moderate,experienced,1,1,0_3,Shy; Affectionate; Energetic,0,0,1,0,1,0,0,1,1,1,1,0,0,0,1,0,0,1,0,0,0,0.333333,1,0,0,1,1,0,0,1,0,1,0,1,0,1,0,0,0,1
Shelter Rescue,cat,Siamese Mix,young,Brown,Calm; Playful; Independent; Affectionate,apartment,moderate,first_time,0,1,0_3,Friendly,1,0,0,0,1,0,1,0,0,1,1,0,0,0,0,1,0,1,0,0,0,0.0,0,1,0,0,0,0,0,0,0,0,1,0,0,1,1,1,0,1
Jimmy,cat,Domestic Shorthair Mix,kitten_puppy,White,Energetic; Playful; Affectionate,house_with_yard,relaxed,first_time,1,0,8_plus,Protective; Affectionate; Calm,0,1,0,1,0,0,1,0,1,0,0,0,1,0,0,1,1,0,0,0,0,0.333333,0,0,1,0,0,0,0,1,1,0,0,1,0,1,0,1,0,0
Max,dog,Black Mouth Cur Mix,kitten_puppy,Black,Friendly; Energetic; Playful,house_with_yard,relaxed,first_time,0,1,0_3,Playful,0,1,0,1,0,0,1,0,0,1,1,0,0,0,1,0,1,0,0,0,0,0.57735,1,0,0,0,0,1,0,0,0,1,0,1,0,1,0,0,0,1
*Charlie,cat,Domestic Shorthair Mix,kitten_puppy,Black,Energetic; Playful; Affectionate,house_no_yard,moderate,experienced,1,0,4_7,Friendly; Shy,0,0,1,0,1,0,0,1,1,0,0,1,0,0,0,1,1,0,0,0,0,0.0,0,1,0,0,1,0,0,0,0,0,0,1,0,1,0,1,0,0
*Columbus,cat,Domestic Shorthair Mix,kitten_puppy,White,Energetic; Playful; Affectionate,house_no_yard,high,first_time,1,0,8_plus,Energetic; Playful,0,0,1,0,0,1,1,0,1,0,0,0,1,0,0,1,1,0,0,0,0,0.816497,0,0,0,1,0,1,0,0,0,0,0,1,0,1,0,1,0,1
Bonnie,dog,Boxer Mix,young,Brown,Friendly; Energetic; Playful,apartment,relaxed,first_time,0,0,4_7,Independent; Calm,1,0,0,1,0,0,1,0,0,0,0,1,0,1,1,0,0,1,0,0,0,0.0,0,0,1,0,0,0,1,0,0,1,0,1,0,1,0,0,0,0
*Lolly,dog,German Shepherd/Labrador Retriever,kitten_puppy,Black,Friendly; Energetic; Playful; Affectionate; Protective,house_with_yard,moderate,first_time,1,1,4_7,Energetic; Independent; Shy,0,1,0,0,1,0,1,0,1,1,0,1,0,0,1,0,1,0,0,0,0,0.258199,0,0,0,1,1,0,1,0,0,1,0,1,0,1,0,1,1,1
Rick,cat,Domestic Shorthair Mix,adult,Orange,Calm; Independent; Affectionate,house_with_yard,relaxed,experienced,0,1,4_7,Protective,0,1,0,1,0,0,0,1,0,1,0,1,0,1,0,1,0,0,1,0,0,0.0,1,0,0,0,0,0,0,0,1,0,1,0,0,0,1,1,0,0
*Stanley,dog,Pit Bull Mix,young,White,Friendly; Energetic; Playful,apartment,high,experienced,1,0,0_3,Affectionate,1,0,0,0,0,1,0,1,1,0,1,0,0,0,1,0,0,1,0,0,0,0.0,1,0,0,0,0,0,0,1,0,1,0,1,0,1,0,0,0,0
Shelter Rescue,dog,Yorkshire Terrier Mix,young,Black,Friendly; Energetic; Playful,house_with_yard,high,first_time,0,1,8_plus,Independent,0,1,0,0,0,1,1,0,0,1,0,0,1,0,1,0,0,1,0,0,0,0.0,1,0,0,0,0,0,1,0,0,1,0,1,0,1,0,0,0,1
Shelter Rescue,dog,Rat Terrier Mix,young,White,Friendly; Energetic; Playful,house_with_yard,relaxed,first_time,0,1,0_3,Shy; Friendly,0,1,0,1,0,0,1,0,0,1,1,0,0,0,1,0,0,1,0,0,0,0.408248,1,1,0,0,1,0,0,0,0,1,0,1,0,1,0,0,0,1
Hickory,dog,Rottweiler Mix,kitten_puppy,Black,Friendly; Energetic; Playful,house_with_yard,moderate,experienced,1,1,4_7,Playful; Affectionate,0,1,0,0,1,0,0,1,1,1,0,1,0,0,1,0,1,0,0,0,0,0.408248,0,0,0,0,0,1,0,1,0,1,0,1,0,1,0,0,0,1
*Bitsy,cat,Domestic Shorthair Mix,young,Tabby,Calm; Independent; Affectionate,house_no_yard,relaxed,experienced,1,1,0_3,Energetic; Affectionate,0,0,1,1,0,0,0,1,1,1,1,0,0,0,0,1,0,1,0,0,0,0.408248,0,0,0,1,0,0,0,1,0,0,1,0,0,0,1,1,0,1
*Theodore,dog,Pit Bull Mix,senior,Orange,Friendly; Calm; Energetic; Independent; Affectionate,house_no_yard,relaxed,first_time,0,0,8_plus,Protective; Calm; Independent,0,0,1,1,0,0,1,0,0,0,0,0,1,0,1,0,0,0,0,1,0,0.516398,0,0,1,0,0,0,1,0,1,1,1,1,0,0,1,1,0,1
Pi,dog,Labrador Retriever Mix,young,Black,Friendly; Energetic; Playful; Affectionate,house_no_yard,moderate,first_time,0,0,8_plus,Shy; Affectionate,0,0,1,0,1,0,1,0,0,0,0,0,1,1,1,0,0,1,0,0,0,0.353553,1,0,0,0,1,0,0,1,0,1,0,1,0,1,0,1,0,1
B,dog,Chihuahua Shorthair Mix,young,Gray,Friendly; Calm; Energetic; Playful; Affectionate,apartment,moderate,experienced,1,0,8_plus,Independent,1,0,0,0,1,0,0,1,1,0,0,0,1,0,1,0,0,1,0,0,0,0.0,0,0,0,0,0,0,1,0,0,1,1,1,0,1,0,1,0,1
*Goose,cat,Domestic Shorthair Mix,kitten_puppy,Tabby,Energetic; Playful; Affectionate,apartment,moderate,first_time,0,0,4_7,Playful,1,0,0,0,1,0,1,0,0,0,0,1,0,1,0,1,1,0,0,0,0,0.57735,0,0,0,0,0,1,0,0,0,0,0,1,0,1,0,1,0,1
*Albert,cat,Domestic Shorthair Mix,kitten_puppy,Gray,Energetic; Playful; Affectionate,house_no_yard,relaxed,experienced,0,0,4_7,Playful; Calm; Independent,0,0,1,1,0,0,0,1,0,0,0,1,0,0,0,1,1,0,0,0,0,0.333333,0,0,1,0,0,1,1,0,0,0,0,1,0,1,0,1,0,0
Flaca Chica,dog,Labrador Retriever/Australian Kelpie,young,Black,Friendly; Energetic; Playful; Affectionate,apartment,moderate,first_time,0,1,8_plus,Affectionate; Shy; Independent,1,0,0,0,1,0,1,0,0,1,0,0,1,0,1,0,0,1,0,0,0,0.288675,1,0,0,0,1,0,1,1,0,1,0,1,0,1,0,1,0,0
*Eli,cat,Domestic Shorthair Mix,kitten_puppy,Black,Energetic; Playful; Affectionate,house_with_yard,relaxed,first_time,0,0,8_plus,Friendly; Shy,0,1,0,1,0,0,1,0,0,0,0,0,1,0,0,1,1,0,0,0,0,0.0,1,1,0,0,1,0,0,0,0,0,0,1,0,1,0,1,0,0
Tony,cat,Domestic Shorthair Mix,kitten_puppy,Tabby,Energetic; Playful; Affectionate,house_with_yard,relaxed,first_time,0,1,8_plus,Calm; Playful,0,1,0,1,0,0,1,0,0,1,0,0,1,0,0,1,1,0,0,0,0,0.408248,0,0,1,0,0,1,0,0,0,0,0,1,0,1,0,1,0,0
*Izzy,dog,Catahoula Mix,young,Brown,Friendly; Energetic; Playful,house_no_yard,moderate,experienced,1,1,0_3,Friendly,0,0,1,0,1,0,0,1,1,1,1,0,0,0,1,0,0,1,0,0,0,0.57735,1,1,0,0,0,0,0,0,0,1,0,1,0,1,0,0,0,1
Mia,dog,Labrador Retriever Mix,young,Black,Friendly; Energetic; Playful; Affectionate,house_no_yard,relaxed,experienced,0,0,0_3,Friendly; Energetic,0,0,1,1,0,0,0,1,0,0,1,0,0,1,1,0,0,1,0,0,0,0.707107,0,1,0,1,0,0,0,0,0,1,0,1,0,1,0,1,0,1
Sly,cat,Siamese/Domestic Shorthair,kitten_puppy,Black,Energetic; Playful; Affectionate,apartment,moderate,experienced,0,1,4_7,Affectionate; Friendly,1,0,0,0,1,0,0,1,0,1,0,1,0,0,0,1,1,0,0,0,0,0.408248,0,1,0,0,0,0,0,1,0,0,0,1,0,1,0,1,0,1
*Hons,dog,Pit Bull Mix,young,White,Friendly; Energetic; Playful,house_no_yard,moderate,first_time,0,1,0_3,Protective,0,0,1,0,1,0,1,0,0,1,1,0,0,0,1,0,0,1,0,0,0,0.0,1,0,0,0,0,0,0,0,1,1,0,1,0,1,0,0,0,1
Mac,dog,Labrador Retriever Mix,kitten_puppy,Black,Friendly; Energetic; Playful; Affectionate,apartment,relaxed,experienced,0,0,8_plus,Friendly; Shy,1,0,0,1,0,0,0,1,0,0,0,0,1,0,1,0,1,0,0,0,0,0.353553,0,1,0,0,1,0,0,0,0,1,0,1,0,1,0,1,0,0
Milo,cat,Munchkin Shorthair Mix,adult,Tabby,Calm; Independent; Affectionate,house_with_yard,relaxed,first_time,0,1,8_plus,Calm,0,1,0,1,0,0,1,0,0,1,0,0,1,0,0,1,0,0,1,0,0,0.57735,1,0,1,0,0,0,0,0,0,0,1,0,0,0,1,1,0,1
Milo,cat,Domestic Shorthair Mix,kitten_puppy,Black,Energetic; Playful; Affectionate,apartment,moderate,first_time,0,0,4_7,Friendly,1,0,0,0,1,0,1,0,0,0,0,1,0,0,0,1,1,0,0,0,0,0.0,0,1,0,0,0,0,0,0,0,0,0,1,0,1,0,1,0,0
Izzy,cat,Domestic Shorthair Mix,adult,Black,Calm; Independent; Affectionate,house_with_yard,moderate,experienced,0,1,8_plus,Calm,0,1,0,0,1,0,0,1,0,1,0,0,1,1,0,1,0,0,1,0,0,0.57735,1,0,1,0,0,0,0,0,0,0,1,0,0,0,1,1,0,1
*Paige,dog,Catahoula Mix,young,White,Friendly; Energetic; Playful,house_with_yard,relaxed,experienced,1,0,0_3,Independent; Energetic,0,1,0,1,0,0,0,1,1,0,1,0,0,0,1,0,0,1,0,0,0,0.408248,0,0,0,1,0,0,1,0,0,1,0,1,0,1,0,0,0,1
Candy,dog,Chihuahua Shorthair Mix,young,Brown,Friendly; Calm; Energetic; Playful; Affectionate,house_with_yard,relaxed,first_time,0,0,4_7,Protective,0,1,0,1,0,0,1,0,0,0,0,1,0,1,1,0,0,1,0,0,0,0.0,0,0,0,0,0,0,0,0,1,1,1,1,0,1,0,1,0,1
Max,dog,Anatol Shepherd/Labrador Retriever,young,White,Friendly; Energetic; Playful; Affectionate; Protective,apartment,relaxed,first_time,0,1,0_3,Friendly,1,0,0,1,0,0,1,0,0,1,1,0,0,0,1,0,0,1,0,0,0,0.447214,0,1,0,0,0,0,0,0,0,1,0,1,0,1,0,1,1,1
Shelter Rescue,dog,Smooth Fox Terrier Mix,kitten_puppy,White,Friendly; Energetic; Playful,house_with_yard,high,experienced,1,0,4_7,Calm; Affectionate; Shy,0,1,0,0,0,1,0,1,1,0,0,1,0,0,1,0,1,0,0,0,0,0.0,0,0,1,0,1,0,0,1,0,1,0,1,0,1,0,0,0,1
Dottie,dog,Catahoula Mix,young,Black,Friendly; Energetic; Playful,apartment,high,first_time,1,0,8_plus,Affectionate; Shy; Calm,1,0,0,0,0,1,1,0,1,0,0,0,1,1,1,0,0,1,0,0,0,0.0,0,0,1,0,1,0,0,1,0,1,0,1,0,1,0,0,0,0
Shelter Rescue,cat,Domestic Shorthair Mix,kitten_puppy,Gray,Energetic; Playful; Affectionate,apartment,high,first_time,1,0,0_3,Calm; Shy,1,0,0,0,0,1,1,0,1,0,1,0,0,0,0,1,1,0,0,0,0,0.0,1,0,1,0,1,0,0,0,0,0,0,1,0,1,0,1,0,1
Charm,dog,Pit Bull Mix,adult,White,Friendly; Energetic; Affectionate,house_no_yard,moderate,first_time,1,0,0_3,Shy,0,0,1,0,1,0,1,0,1,0,1,0,0,0,1,0,0,0,1,0,0,0.0,0,0,0,0,1,0,0,0,0,1,0,1,0,0,0,1,0,1
Rocky,dog,Cardigan Welsh Corgi Mix,kitten_puppy,Black,Friendly; Energetic; Playful,apartment,high,experienced,1,0,4_7,Calm; Playful; Friendly,1,0,0,0,0,1,0,1,1,0,0,1,0,0,1,0,1,0,0,0,0,0.666667,0,1,1,0,0,1,0,0,0,1,0,1,0,1,0,0,0,1
*Lady,dog,Miniature Poodle Mix,adult,Black,Friendly; Playful; Affectionate,house_with_yard,high,experienced,0,0,8_plus,Protective,0,1,0,0,0,1,0,1,0,0,0,0,1,1,1,0,0,0,1,0,0,0.0,1,0,0,0,0,0,0,0,1,1,0,0,0,1,0,1,0,1
Shelter Rescue,cat,Domestic Shorthair Mix,kitten_puppy,Tricolor,Energetic; Playful; Affectionate,house_with_yard,moderate,experienced,0,1,0_3,Friendly; Affectionate; Energetic,0,1,0,0,1,0,0,1,0,1,1,0,0,0,0,1,1,0,0,0,0,0.666667,0,1,0,1,0,0,0,1,0,0,0,1,0,1,0,1,0,1
Vangogh,dog,German Shepherd Mix,young,Black,Friendly; Energetic; Playful; Protective,house_with_yard,moderate,experienced,0,1,0_3,Energetic; Friendly,0,1,0,0,1,0,0,1,0,1,1,0,0,0,1,0,0,1,0,0,0,0.707107,1,1,0,1,0,0,0,0,0,1,0,1,0,1,0,0,1,1
Marcel,dog,Picardy Sheepdog Mix,young,Brown,Friendly; Energetic; Playful,house_with_yard,high,experienced,1,0,4_7,Independent,0,1,0,0,0,1,0,1,1,0,0,1,0,0,1,0,0,1,0,0,0,0.0,0,0,0,0,0,0,1,0,0,1,0,1,0,1,0,0,0,1
Hugo,dog,Dachshund Wirehair Mix,kitten_puppy,Tricolor,Friendly; Calm; Energetic; Playful; Affectionate,house_no_yard,moderate,first_time,1,0,8_plus,Affectionate; Independent,0,0,1,0,1,0,1,0,1,0,0,0,1,0,1,0,1,0,0,0,0,0.316228,1,0,0,0,0,0,1,1,0,1,1,1,0,1,0,1,0,1
*Wilson,cat,Domestic Shorthair Mix,kitten_puppy,Black,Energetic; Playful; Affectionate,house_no_yard,moderate,experienced,1,1,4_7,Energetic; Affectionate,0,0,1,0,1,0,0,1,1,1,0,1,0,0,0,1,1,0,0,0,0,0.816497,0,0,0,1,0,0,0,1,0,0,0,1,0,1,0,1,0,1
Shelter Rescue,dog,Pit Bull Mix,kitten_puppy,Black,Friendly; Energetic; Playful,apartment,relaxed,experienced,0,1,4_7,Independent,1,0,0,1,0,0,0,1,0,1,0,1,0,0,1,0,1,0,0,0,0,0.0,0,0,0,0,0,0,1,0,0,1,0,1,0,1,0,0,0,0
Xena,dog,Boxer/Labrador Retriever,kitten_puppy,White,Friendly; Energetic; Playful; Affectionate,house_no_yard,relaxed,experienced,1,1,8_plus,Friendly; Shy,0,0,1,1,0,0,0,1,1,1,0,0,1,0,1,0,1,0,0,0,0,0.353553,0,1,0,0,1,0,0,0,0,1,0,1,0,1,0,1,0,0
Gisele,dog,Pit Bull Mix,young,Brown,Friendly; Energetic; Playful,house_with_yard,relaxed,experienced,0,1,8_plus,Protective,0,1,0,1,0,0,0,1,0,1,0,0,1,0,1,0,0,1,0,0,0,0.0,0,0,0,0,0,0,0,0,1,1,0,1,0,1,0,0,0,1
Shelter Rescue,dog,Siberian Husky Mix,kitten_puppy,Black,Friendly; Energetic; Playful,apartment,high,experienced,1,0,0_3,Shy,1,0,0,0,0,1,0,1,1,0,1,0,0,0,1,0,1,0,0,0,0,0.0,0,0,0,0,1,0,0,0,0,1,0,1,0,1,0,0,0,1
Sophia,cat,Domestic Shorthair Mix,kitten_puppy,White,Energetic; Playful; Affectionate,house_with_yard,moderate,first_time,0,0,8_plus,Protective; Playful; Affectionate,0,1,0,0,1,0,1,0,0,0,0,0,1,0,0,1,1,0,0,0,0,0.666667,0,0,0,0,0,1,0,1,1,0,0,1,0,1,0,1,0,0
*Colt,dog,Pointer Mix,young,White,Friendly; Energetic; Playful,house_no_yard,high,first_time,1,1,4_7,Calm,0,0,1,0,0,1,1,0,1,1,0,1,0,0,1,0,0,1,0,0,0,0.0,1,0,1,0,0,0,0,0,0,1,0,1,0,1,0,0,0,1
Rocky,dog,Chihuahua Shorthair Mix,young,Brown,Friendly; Calm; Energetic; Playful; Affectionate,house_with_yard,relaxed,first_time,1,0,0_3,Friendly; Independent; Protective,0,1,0,1,0,0,1,0,1,0,1,0,0,0,1,0,0,1,0,0,0,0.258199,0,1,0,0,0,0,1,0,1,1,1,1,0,1,0,1,0,1
*Blue Grit,cat,Domestic Shorthair Mix,kitten_puppy,Tricolor,Energetic; Playful; Affectionate,house_no_yard,relaxed,first_time,0,1,0_3,Affectionate; Protective,0,0,1,1,0,0,1,0,0,1,1,0,0,0,0,1,1,0,0,0,0,0.408248,0,0,0,0,0,0,0,1,1,0,0,1,0,1,0,1,0,1
Clyde,dog,Labrador Retriever Mix,kitten_puppy,Black,Friendly; Energetic; Playful; Affectionate,apartment,high,first_time,0,1,0_3,Energetic; Protective; Shy,1,0,0,0,0,1,1,0,0,1,1,0,0,1,1,0,1,0,0,0,0,0.288675,0,0,0,1,1,0,0,0,1,1,0,1,0,1,0,1,0,1
Shelter Rescue,dog,Dachshund,young,Brown,Friendly; Calm; Energetic; Playful; Affectionate,house_no_yard,moderate,experienced,1,1,0_3,Friendly; Energetic,0,0,1,0,1,0,0,1,1,1,1,0,0,1,1,0,0,1,0,0,0,0.632456,0,1,0,1,0,0,0,0,0,1,1,1,0,1,0,1,0,1
*Harley,dog,Pit Bull Mix,kitten_puppy,Brown,Friendly; Energetic; Playful,apartment,high,first_time,0,1,0_3,Independent; Shy,1,0,0,0,0,1,1,0,0,1,1,0,0,0,1,0,1,0,0,0,0,0.0,1,0,0,0,1,0,1,0,0,1,0,1,0,1,0,0,0,1
Shelter Rescue,dog,Australian Shepherd Mix,kitten_puppy,Black,Friendly; Energetic; Playful; Protective,apartment,relaxed,first_time,0,1,0_3,Independent; Energetic; Protective,1,0,0,1,0,0,1,0,0,1,1,0,0,1,1,0,1,0,0,0,0,0.57735,0,0,0,1,0,0,1,0,1,1,0,1,0,1,0,0,1,1
Mellie,dog,Labrador Retriever/Boxer,adult,Black,Friendly; Energetic; Playful; Affectionate,house_no_yard,high,experienced,0,0,0_3,Independent; Shy,0,0,1,0,0,1,0,1,0,0,1,0,0,0,1,0,0,0,1,0,0,0.0,1,0,0,0,1,0,1,0,0,1,0,1,0,1,0,1,0,1
*Hudson,dog,Labrador Retriever/Border Collie,kitten_puppy,Black,Friendly; Energetic; Playful; Affectionate,house_no_yard,relaxed,experienced,1,1,8_plus,Friendly; Playful,0,0,1,1,0,0,0,1,1,1,0,0,1,0,1,0,1,0,0,0,0,0.707107,0,1,0,0,0,1,0,0,0,1,0,1,0,1,0,1,0,0
Shelter Rescue,dog,Labrador Retriever Mix,kitten_puppy,Black,Friendly; Energetic; Playful; Affectionate,house_with_yard,high,experienced,0,1,0_3,Protective; Energetic,0,1,0,0,0,1,0,1,0,1,1,0,0,0,1,0,1,0,0,0,0,0.353553,0,0,0,1,0,0,0,0,1,1,0,1,0,1,0,1,0,1
Shelter Rescue,cat,Domestic Shorthair Mix,kitten_puppy,White,Energetic; Playful; Affectionate,house_no_yard,relaxed,first_time,0,1,4_7,Calm,0,0,1,1,0,0,1,0,0,1,0,1,0,0,0,1,1,0,0,0,0,0.0,0,0,1,0,0,0,0,0,0,0,0,1,0,1,0,1,0,0
Shelter Rescue,dog,German Shorthair Pointer Mix,kitten_puppy,Black,Friendly; Energetic; Playful,house_with_yard,moderate,experienced,1,1,8_plus,Calm; Independent,0,1,0,0,1,0,0,1,1,1,0,0,1,0,1,0,1,0,0,0,0,0.0,0,0,1,0,0,0,1,0,0,1,0,1,0,1,0,0,0,0
*Susie,cat,Domestic Shorthair Mix,kitten_puppy,Black,Energetic; Playful; Affectionate,apartment,relaxed,first_time,0,1,4_7,Shy; Independent,1,0,0,1,0,0,1,0,0,1,0,1,0,0,0,1,1,0,0,0,0,0.0,1,0,0,0,1,0,1,0,0,0,0,1,0,1,0,1,0,1
Shelter Rescue,cat,Domestic Shorthair Mix,kitten_puppy,Orange,Energetic; Playful; Affectionate,house_with_yard,relaxed,experienced,1,0,0_3,Energetic,0,1,0,1,0,0,0,1,1,0,1,0,0,0,0,1,1,0,0,0,0,0.57735,0,0,0,1,0,0,0,0,0,0,0,1,0,1,0,1,0,1
Shelter Rescue,dog,Chihuahua Shorthair Mix,kitten_puppy,Black,Friendly; Calm; Energetic; Playful; Affectionate,house_no_yard,high,experienced,1,0,4_7,Independent; Energetic,0,0,1,0,0,1,0,1,1,0,0,1,0,0,1,0,1,0,0,0,0,0.316228,0,0,0,1,0,0,1,0,0,1,1,1,0,1,0,1,0,1
Shelter Rescue,cat,Domestic Shorthair Mix,kitten_puppy,Black,Energetic; Playful; Affectionate,house_no_yard,relaxed,experienced,0,1,8_plus,Friendly; Independent; Affectionate,0,0,1,1,0,0,0,1,0,1,0,0,1,0,0,1,1,0,0,0,0,0.333333,1,1,0,0,0,0,1,1,0,0,0,1,0,1,0,1,0,0
Shasta,dog,Bull Terrier/Australian Kelpie,young,Black,Friendly; Energetic; Playful,house_with_yard,relaxed,experienced,0,0,4_7,Protective; Energetic; Shy,0,1,0,1,0,0,0,1,0,0,0,1,0,0,1,0,0,1,0,0,0,0.333333,1,0,0,1,1,0,0,0,1,1,0,1,0,1,0,0,0,1
Winnie,dog,Great Pyrenees/Pointer,young,Black,Friendly; Energetic; Playful,house_with_yard,relaxed,experienced,1,0,4_7,Playful,0,1,0,1,0,0,0,1,1,0,0,1,0,0,1,0,0,1,0,0,0,0.57735,0,0,0,0,0,1,0,0,0,1,0,1,0,1,0,0,0,1
Gordo,dog,Australian Shepherd Mix,adult,White,Friendly; Energetic; Affectionate; Protective,house_no_yard,moderate,first_time,0,0,0_3,Shy; Protective,0,0,1,0,1,0,1,0,0,0,1,0,0,0,1,0,0,0,1,0,0,0.353553,1,0,0,0,1,0,0,0,1,1,0,1,0,0,0,1,1,1
*Skeeter,dog,Jack Russell Terrier/Chihuahua Shorthair,young,White,Friendly; Calm; Energetic; Playful; Affectionate,house_with_yard,high,experienced,0,1,0_3,Shy; Playful; Calm,0,1,0,0,0,1,0,1,0,1,1,0,0,0,1,0,0,1,0,0,0,0.516398,0,0,1,0,1,1,0,0,0,1,1,1,0,1,0,1,0,1
Shelter Rescue,dog,Dachshund Mix,young,Black,Friendly; Calm; Energetic; Playful; Affectionate,apartment,relaxed,first_time,0,0,4_7,Shy,1,0,0,1,0,0,1,0,0,0,0,1,0,0,1,0,0,1,0,0,0,0.0,0,0,0,0,1,0,0,0,0,1,1,1,0,1,0,1,0,1
Maryjane,dog,Pit Bull Mix,adult,White,Friendly; Energetic; Affectionate,house_no_yard,high,first_time,0,1,4_7,Playful,0,0,1,0,0,1,1,0,0,1,0,1,0,0,1,0,0,0,1,0,0,0.0,0,0,0,0,0,1,0,0,0,1,0,1,0,0,0,1,0,1
*Woody,cat,Domestic Shorthair Mix,kitten_puppy,Tabby,Energetic; Playful; Affectionate,house_with_yard,high,first_time,0,1,4_7,Playful; Protective; Independent,0,1,0,0,0,1,1,0,0,1,0,1,0,0,0,1,1,0,0,0,0,0.333333,1,0,0,0,0,1,1,0,1,0,0,1,0,1,0,1,0,1
*Sweetheart,cat,Domestic Medium Hair Mix,young,White,Calm; Independent; Affectionate,house_with_yard,moderate,first_time,1,0,8_plus,Energetic; Friendly; Playful,0,1,0,0,1,0,1,0,1,0,0,0,1,1,0,1,0,1,0,0,0,0.0,0,1,0,1,0,1,0,0,0,0,1,0,0,0,1,1,0,1
Frito,dog,Cairn Terrier Mix,senior,Brown,Friendly; Calm; Energetic; Independent; Affectionate,apartment,high,experienced,0,1,0_3,Independent; Affectionate; Playful,1,0,0,0,0,1,0,1,0,1,1,0,0,0,1,0,0,0,0,1,0,0.516398,1,0,0,0,0,1,1,1,0,1,1,1,0,0,1,1,0,1
Jake,dog,Chihuahua Shorthair/Rat Terrier,young,Black,Friendly; Calm; Energetic; Playful; Affectionate,house_with_yard,relaxed,experienced,0,0,8_plus,Protective; Shy,0,1,0,1,0,0,0,1,0,0,0,0,1,0,1,0,0,1,0,0,0,0.0,1,0,0,0,1,0,0,0,1,1,1,1,0,1,0,1,0,1
Oscar,dog,Black Mouth Cur Mix,kitten_puppy,White,Friendly; Energetic; Playful,house_no_yard,high,experienced,1,0,4_7,Independent,0,0,1,0,0,1,0,1,1,0,0,1,0,1,1,0,1,0,0,0,0,0.0,0,0,0,0,0,0,1,0,0,1,0,1,0,1,0,0,0,1
Talan,dog,Chihuahua Shorthair Mix,kitten_puppy,Brown,Friendly; Calm; Energetic; Playful; Affectionate,house_with_yard,high,first_time,1,1,8_plus,Energetic; Affectionate,0,1,0,0,0,1,1,0,1,1,0,0,1,0,1,0,1,0,0,0,0,0.632456,0,0,0,1,0,0,0,1,0,1,1,1,0,1,0,1,0,1
Max,cat,Domestic Shorthair Mix,kitten_puppy,Black,Energetic; Playful; Affectionate,house_no_yard,moderate,experienced,0,1,4_7,Energetic,0,0,1,0,1,0,0,1,0,1,0,1,0,0,0,1,1,0,0,0,0,0.57735,1,0,0,1,0,0,0,0,0,0,0,1,0,1,0,1,0,1
Riley,dog,Greyhound/Pointer,kitten_puppy,Black,Friendly; Energetic; Playful,apartment,moderate,first_time,1,1,0_3,Calm; Energetic,1,0,0,0,1,0,1,0,1,1,1,0,0,0,1,0,1,0,0,0,0,0.408248,0,0,1,1,0,0,0,0,0,1,0,1,0,1,0,0,0,1
*Pebbles,cat,Domestic Shorthair Mix,kitten_puppy,Tricolor,Energetic; Playful; Affectionate,house_no_yard,relaxed,first_time,1,0,4_7,Independent,0,0,1,1,0,0,1,0,1,0,0,1,0,1,0,1,1,0,0,0,0,0.0,0,0,0,0,0,0,1,0,0,0,0,1,0,1,0,1,0,0
Penelope,cat,Domestic Shorthair Mix,young,Black,Calm; Independent; Affectionate,apartment,moderate,experienced,0,0,8_plus,Affectionate,1,0,0,0,1,0,0,1,0,0,0,0,1,0,0,1,0,1,0,0,0,0.57735,0,0,0,0,0,0,0,1,0,0,1,0,0,0,1,1,0,1
*June,cat,Domestic Shorthair Mix,kitten_puppy,White,Energetic; Playful; Affectionate,house_no_yard,relaxed,first_time,1,0,4_7,Independent,0,0,1,1,0,0,1,0,1,0,0,1,0,1,0,1,1,0,0,0,0,0.0,0,0,0,0,0,0,1,0,0,0,0,1,0,1,0,1,0,0
*Lovey,dog,Pit Bull Mix,young,White,Friendly; Energetic; Playful,house_no_yard,relaxed,experienced,0,0,4_7,Friendly; Energetic; Shy,0,0,1,1,0,0,0,1,0,0,0,1,0,0,1,0,0,1,0,0,0,0.666667,0,1,0,1,1,0,0,0,0,1,0,1,0,1,0,0,0,0
Shelter Rescue,dog,Dachshund Mix,young,Brown,Friendly; Calm; Energetic; Playful; Affectionate,house_no_yard,high,first_time,1,1,8_plus,Calm; Protective,0,0,1,0,0,1,1,0,1,1,0,0,1,0,1,0,0,1,0,0,0,0.316228,1,0,1,0,0,0,0,0,1,1,1,1,0,1,0,1,0,1
*Falafel,dog,Australian Cattle Dog/German Shepherd,senior,White,Friendly; Calm; Energetic; Independent; Affectionate; Protective,house_with_yard,relaxed,experienced,1,1,0_3,Affectionate,0,1,0,1,0,0,0,1,1,1,1,0,0,1,1,0,0,0,0,1,0,0.408248,0,0,0,0,0,0,0,1,0,1,1,1,0,0,1,1,1,1
Sadie,dog,Labrador Retriever Mix,kitten_puppy,White,Friendly; Energetic; Playful; Affectionate,apartment,moderate,experienced,0,1,0_3,Shy,1,0,0,0,1,0,0,1,0,1,1,0,0,1,1,0,1,0,0,0,0,0.0,0,0,0,0,1,0,0,0,0,1,0,1,0,1,0,1,0,0
Sophie,dog,Miniature Poodle Mix,adult,White,Friendly; Playful; Affectionate,apartment,high,first_time,0,0,4_7,Independent,1,0,0,0,0,1,1,0,0,0,0,1,0,1,1,0,0,0,1,0,0,0.0,0,0,0,0,0,0,1,0,0,1,0,0,0,1,0,1,0,1
Luke,dog,Australian Kelpie/Australian Cattle Dog,young,Black,Friendly; Energetic; Playful,apartment,relaxed,experienced,0,0,8_plus,Protective; Shy; Energetic,1,0,0,1,0,0,0,1,0,0,0,0,1,0,1,0,0,1,0,0,0,0.333333,1,0,0,1,1,0,0,0,1,1,0,1,0,1,0,0,0,0
Millie,dog,Chihuahua Shorthair Mix,kitten_puppy,Brown,Friendly; Calm; Energetic; Playful; Affectionate,house_no_yard,relaxed,first_time,0,1,4_7,Affectionate; Shy; Friendly,0,0,1,1,0,0,1,0,0,1,0,1,0,0,1,0,1,0,0,0,0,0.516398,0,1,0,0,1,0,0,1,0,1,1,1,0,1,0,1,0,1
Muffin,dog,Cardigan Welsh Corgi/Chihuahua Shorthair,young,White,Friendly; Calm; Energetic; Playful; Affectionate,house_no_yard,high,experienced,0,1,4_7,Protective; Independent,0,0,1,0,0,1,0,1,0,1,0,1,0,0,1,0,0,1,0,0,0,0.0,0,0,0,0,0,0,1,0,1,1,1,1,0,1,0,1,0,1
*Delilah,dog,Catahoula Mix,kitten_puppy,Black,Friendly; Energetic; Playful,house_with_yard,moderate,first_time,0,0,4_7,Affectionate; Independent; Friendly,0,1,0,0,1,0,1,0,0,0,0,1,0,1,1,0,1,0,0,0,0,0.333333,0,1,0,0,0,0,1,1,0,1,0,1,0,1,0,0,0,1
*Thunderkit,cat,Domestic Longhair Mix,senior,White,Calm; Independent,house_with_yard,relaxed,experienced,1,0,8_plus,Friendly; Playful; Energetic,0,1,0,1,0,0,0,1,1,0,0,0,1,0,0,1,0,0,0,1,0,0.0,0,1,0,1,0,1,0,0,0,0,1,0,0,0,1,0,0,1
Hiddles,cat,Domestic Medium Hair Mix,kitten_puppy,Orange,Energetic; Playful; Affectionate,apartment,high,first_time,0,0,0_3,Independent,1,0,0,0,0,1,1,0,0,0,1,0,0,0,0,1,1,0,0,0,0,0.0,0,0,0,0,0,0,1,0,0,0,0,1,0,1,0,1,0,1
Lu'Ris,cat,Domestic Shorthair Mix,kitten_puppy,Brown,Energetic; Playful; Affectionate,apartment,relaxed,first_time,0,1,8_plus,Calm; Protective,1,0,0,1,0,0,1,0,0,1,0,0,1,0,0,1,1,0,0,0,0,0.0,0,0,1,0,0,0,0,0,1,0,0,1,0,1,0,1,0,0
*Rosie,dog,Australian Kelpie Mix,kitten_puppy,Black,Friendly; Energetic; Playful,house_with_yard,relaxed,first_time,0,0,4_7,Protective; Playful; Shy,0,1,0,1,0,0,1,0,0,0,0,1,0,0,1,0,1,0,0,0,0,0.333333,0,0,0,0,1,1,0,0,1,1,0,1,0,1,0,0,0,1
*Jane,dog,Newfoundland Mix,kitten_puppy,Black,Friendly; Energetic; Playful,house_no_yard,high,first_time,0,1,0_3,Energetic; Shy; Affectionate,0,0,1,0,0,1,1,0,0,1,1,0,0,0,1,0,1,0,0,0,0,0.333333,0,0,0,1,1,0,0,1,0,1,0,1,0,1,0,0,0,1
Wiggles,dog,Catahoula,kitten_puppy,Black,Friendly; Energetic; Playful,house_no_yard,high,first_time,0,1,8_plus,Shy; Calm; Independent,0,0,1,0,0,1,1,0,0,1,0,0,1,0,1,0,1,0,0,0,0,0.0,0,0,1,0,1,0,1,0,0,1,0,1,0,1,0,0,0,0
Shelter Rescue,dog,Miniature Poodle Mix,adult,Brown,Friendly; Playful; Affectionate,house_with_yard,moderate,first_time,0,1,4_7,Independent,0,1,0,0,1,0,1,0,0,1,0,1,0,0,1,0,0,0,1,0,0,0.0,0,0,0,0,0,0,1,0,0,1,0,0,0,1,0,1,0,1
Piper,cat,Domestic Shorthair Mix,kitten_puppy,Black,Energetic; Playful; Affectionate,house_no_yard,moderate,experienced,0,0,8_plus,Independent; Calm; Affectionate,0,0,1,0,1,0,0,1,0,0,0,0,1,0,0,1,1,0,0,0,0,0.333333,0,0,1,0,0,0,1,1,0,0,0,1,0,1,0,1,0,0
Jojo,cat,Domestic Shorthair Mix,adult,Tricolor,Calm; Independent; Affectionate,house_with_yard,relaxed,first_time,1,0,4_7,Calm; Shy,0,1,0,1,0,0,1,0,1,0,0,1,0,0,0,1,0,0,1,0,0,0.408248,0,0,1,0,1,0,0,0,0,0,1,0,0,0,1,1,0,1
*Scruffy,cat,Domestic Shorthair Mix,kitten_puppy,White,Energetic; Playful; Affectionate,apartment,high,first_time,0,0,4_7,Shy; Playful; Independent,1,0,0,0,0,1,1,0,0,0,0,1,0,0,0,1,1,0,0,0,0,0.333333,1,0,0,0,1,1,1,0,0,0,0,1,0,1,0,1,0,1
Shelter Rescue,dog,Australian Cattle Dog Mix,kitten_puppy,Gray,Friendly; Energetic; Playful,apartment,moderate,experienced,0,0,4_7,Calm; Shy; Friendly,1,0,0,0,1,0,0,1,0,0,0,1,0,0,1,0,1,0,0,0,0,0.333333,1,1,1,0,1,0,0,0,0,1,0,1,0,1,0,0,0,0
Cookie,dog,Border Collie Mix,kitten_puppy,Black,Friendly; Energetic; Playful,house_no_yard,moderate,first_time,0,0,8_plus,Calm; Playful; Protective,0,0,1,0,1,0,1,0,0,0,0,0,1,0,1,0,1,0,0,0,0,0.333333,0,0,1,0,0,1,0,0,1,1,0,1,0,1,0,0,0,0
Shelter Rescue,dog,Chihuahua Shorthair/Dachshund,kitten_puppy,White,Friendly; Calm; Energetic; Playful; Affectionate,house_with_yard,high,experienced,0,1,0_3,Playful; Protective,0,1,0,0,0,1,0,1,0,1,1,0,0,0,1,0,1,0,0,0,0,0.316228,0,0,0,0,0,1,0,0,1,1,1,1,0,1,0,1,0,1
Shelter Rescue,dog,Chinese Sharpei/Airedale Terrier,kitten_puppy,Orange,Friendly; Energetic; Playful,house_with_yard,high,experienced,0,0,8_plus,Friendly,0,1,0,0,0,1,0,1,0,0,0,0,1,1,1,0,1,0,0,0,0,0.57735,0,1,0,0,0,0,0,0,0,1,0,1,0,1,0,0,0,1
Buba,cat,Pixiebob Shorthair Mix,young,Tabby,Calm; Independent; Affectionate,house_no_yard,relaxed,first_time,1,0,8_plus,Protective; Playful,0,0,1,1,0,0,1,0,1,0,0,0,1,0,0,1,0,1,0,0,0,0.0,1,0,0,0,0,1,0,0,1,0,1,0,0,0,1,1,0,1
Shelter Rescue,dog,Pit Bull Mix,kitten_puppy,White,Friendly; Energetic; Playful,apartment,relaxed,first_time,1,1,4_7,Independent,1,0,0,1,0,0,1,0,1,1,0,1,0,0,1,0,1,0,0,0,0,0.0,0,0,0,0,0,0,1,0,0,1,0,1,0,1,0,0,0,0
*Prince,dog,Pit Bull Mix,young,White,Friendly; Energetic; Playful,house_no_yard,high,experienced,1,0,0_3,Shy,0,0,1,0,0,1,0,1,1,0,1,0,0,0,1,0,0,1,0,0,0,0.0,0,0,0,0,1,0,0,0,0,1,0,1,0,1,0,0,0,1
Shelter Rescue,dog,Dachshund/Manchester Terrier,kitten_puppy,White,Friendly; Calm; Energetic; Playful; Affectionate,house_with_yard,relaxed,experienced,1,1,8_plus,Energetic; Calm,0,1,0,1,0,0,0,1,1,1,0,0,1,0,1,0,1,0,0,0,0,0.632456,1,0,1,1,0,0,0,0,0,1,1,1,0,1,0,1,0,1
*Grace,dog,Collie Smooth/Golden Retriever,adult,Orange,Friendly; Energetic; Playful; Affectionate,house_with_yard,relaxed,first_time,0,1,8_plus,Protective,0,1,0,1,0,0,1,0,0,1,0,0,1,0,1,0,0,0,1,0,0,0.0,1,0,0,0,0,0,0,0,1,1,0,1,0,1,0,1,0,1
*Cragen,dog,Chihuahua Shorthair/Jack Russell Terrier,kitten_puppy,White,Friendly; Calm; Energetic; Playful; Affectionate,apartment,high,experienced,0,0,8_plus,Energetic; Independent,1,0,0,0,0,1,0,1,0,0,0,0,1,0,1,0,1,0,0,0,0,0.316228,1,0,0,1,0,0,1,0,0,1,1,1,0,1,0,1,0,1
Bingo,dog,Border Collie Mix,adult,White,Friendly; Energetic; Affectionate,house_with_yard,moderate,first_time,0,0,4_7,Affectionate,0,1,0,0,1,0,1,0,0,0,0,1,0,0,1,0,0,0,1,0,0,0.57735,0,0,0,0,0,0,0,1,0,1,0,1,0,0,0,1,0,1
Oliver,cat,Domestic Shorthair Mix,kitten_puppy,White,Energetic; Playful; Affectionate,house_with_yard,moderate,experienced,0,1,4_7,Friendly; Protective; Shy,0,1,0,0,1,0,0,1,0,1,0,1,0,1,0,1,1,0,0,0,0,0.0,0,1,0,0,1,0,0,0,1,0,0,1,0,1,0,1,0,1
Shelter Rescue,dog,Dachshund/Pit Bull,kitten_puppy,Black,Friendly; Calm; Energetic; Playful; Affectionate,house_with_yard,moderate,first_time,1,0,4_7,Calm,0,1,0,0,1,0,1,0,1,0,0,1,0,0,1,0,1,0,0,0,0,0.447214,1,0,1,0,0,0,0,0,0,1,1,1,0,1,0,1,0,1
*Max,cat,Domestic Longhair Mix,kitten_puppy,Gray,Energetic; Playful; Affectionate,apartment,high,experienced,1,0,0_3,Independent; Protective,1,0,0,0,0,1,0,1,1,0,1,0,0,0,0,1,1,0,0,0,0,0.0,0,0,0,0,0,0,1,0,1,0,0,1,0,1,0,1,0,1
Shelter Rescue,cat,Domestic Shorthair Mix,kitten_puppy,Orange,Energetic; Playful; Affectionate,apartment,relaxed,first_time,1,0,8_plus,Friendly,1,0,0,1,0,0,1,0,1,0,0,0,1,1,0,1,1,0,0,0,0,0.0,1,1,0,0,0,0,0,0,0,0,0,1,0,1,0,1,0,0
Buddy,dog,Labrador Retriever/Boxer,young,White,Friendly; Energetic; Playful; Affectionate,house_with_yard,relaxed,experienced,0,1,8_plus,Calm; Energetic,0,1,0,1,0,0,0,1,0,1,0,0,1,0,1,0,0,1,0,0,0,0.353553,0,0,1,1,0,0,0,0,0,1,0,1,0,1,0,1,0,1
Shelter Rescue,cat,Domestic Shorthair Mix,kitten_puppy,Orange,Energetic; Playful; Affectionate,house_with_yard,high,experienced,0,1,0_3,Calm,0,1,0,0,0,1,0,1,0,1,1,0,0,0,0,1,1,0,0,0,0,0.0,0,0,1,0,0,0,0,0,0,0,0,1,0,1,0,1,0,1
Aries,dog,Pointer Mix,kitten_puppy,Black,Friendly; Energetic; Playful,apartment,relaxed,experienced,0,1,0_3,Affectionate; Protective,1,0,0,1,0,0,0,1,0,1,1,0,0,0,1,0,1,0,0,0,0,0.0,0,0,0,0,0,0,0,1,1,1,0,1,0,1,0,0,0,0
Corona,dog,Pit Bull Mix,kitten_puppy,Black,Friendly; Energetic; Playful,apartment,relaxed,experienced,0,1,8_plus,Friendly; Energetic; Shy,1,0,0,1,0,0,0,1,0,1,0,0,1,0,1,0,1,0,0,0,0,0.666667,0,1,0,1,1,0,0,0,0,1,0,1,0,1,0,0,0,0
Lulu,cat,Domestic Shorthair Mix,young,Tabby,Calm; Independent; Affectionate,apartment,moderate,first_time,1,0,0_3,Friendly,1,0,0,0,1,0,1,0,1,0,1,0,0,0,0,1,0,1,0,0,0,0.0,0,1,0,0,0,0,0,0,0,0,1,0,0,0,1,1,0,1
*Luke,dog,Pointer Mix,kitten_puppy,White,Friendly; Energetic; Playful,apartment,moderate,first_time,1,1,4_7,Independent,1,0,0,0,1,0,1,0,1,1,0,1,0,0,1,0,1,0,0,0,0,0.0,0,0,0,0,0,0,1,0,0,1,0,1,0,1,0,0,0,0
Spicy,dog,Cairn Terrier Mix,adult,Black,Friendly; Energetic; Affectionate,house_no_yard,moderate,experienced,0,0,4_7,Friendly; Energetic,0,0,1,0,1,0,0,1,0,0,0,1,0,0,1,0,0,0,1,0,0,0.816497,0,1,0,1,0,0,0,0,0,1,0,1,0,0,0,1,0,1
Chloe,dog,Great Pyrenees Mix,kitten_puppy,White,Friendly; Energetic; Playful,apartment,moderate,first_time,1,1,0_3,Energetic; Shy; Friendly,1,0,0,0,1,0,1,0,1,1,1,0,0,0,1,0,1,0,0,0,0,0.666667,1,1,0,1,1,0,0,0,0,1,0,1,0,1,0,0,0,1
*Daisy,dog,Pit Bull/Australian Cattle Dog,kitten_puppy,Black,Friendly; Energetic; Playful,house_no_yard,relaxed,first_time,0,1,4_7,Independent; Calm; Shy,0,0,1,1,0,0,1,0,0,1,0,1,0,0,1,0,1,0,0,0,0,0.0,0,0,1,0,1,0,1,0,0,1,0,1,0,1,0,0,0,0
Leo,cat,Domestic Shorthair Mix,kitten_puppy,White,Energetic; Playful; Affectionate,apartment,high,first_time,0,1,0_3,Independent; Friendly; Playful,1,0,0,0,0,1,1,0,0,1,1,0,0,1,0,1,1,0,0,0,0,0.333333,0,1,0,0,0,1,1,0,0,0,0,1,0,1,0,1,0,1
Shelter Rescue,dog,Pointer Mix,kitten_puppy,Black,Friendly; Energetic; Playful,house_no_yard,moderate,first_time,0,1,4_7,Shy,0,0,1,0,1,0,1,0,0,1,0,1,0,0,1,0,1,0,0,0,0,0.0,0,0,0,0,1,0,0,0,0,1,0,1,0,1,0,0,0,0
*Jordan,cat,Domestic Shorthair Mix,kitten_puppy,Black,Energetic; Playful; Affectionate,house_no_yard,moderate,experienced,0,1,4_7,Shy; Calm,0,0,1,0,1,0,0,1,0,1,0,1,0,1,0,1,1,0,0,0,0,0.0,1,0,1,0,1,0,0,0,0,0,0,1,0,1,0,1,0,1
*George,cat,Domestic Shorthair Mix,kitten_puppy,Tabby,Energetic; Playful; Affectionate,house_with_yard,moderate,first_time,0,0,0_3,Playful; Friendly; Affectionate,0,1,0,0,1,0,1,0,0,0,1,0,0,1,0,1,1,0,0,0,0,0.666667,0,1,0,0,0,1,0,1,0,0,0,1,0,1,0,1,0,1
Shelter Rescue,cat,Domestic Shorthair Mix,kitten_puppy,Gray,Energetic; Playful; Affectionate,apartment,relaxed,first_time,0,1,8_plus,Friendly; Affectionate; Playful,1,0,0,1,0,0,1,0,0,1,0,0,1,0,0,1,1,0,0,0,0,0.666667,0,1,0,0,0,1,0,1,0,0,0,1,0,1,0,1,0,1
Isabella Eve,dog,Pit Bull Mix,young,White,Friendly; Energetic; Playful,house_with_yard,relaxed,experienced,1,0,0_3,Protective,0,1,0,1,0,0,0,1,1,0,1,0,0,0,1,0,0,1,0,0,0,0.0,0,0,0,0,0,0,0,0,1,1,0,1,0,1,0,0,0,1
Shelter Rescue,dog,Dachshund Mix,kitten_puppy,Black,Friendly; Calm; Energetic; Playful; Affectionate,apartment,moderate,experienced,0,0,0_3,Calm; Friendly,1,0,0,0,1,0,0,1,0,0,1,0,0,0,1,0,1,0,0,0,0,0.632456,1,1,1,0,0,0,0,0,0,1,1,1,0,1,0,1,0,1
Ellie,dog,American Staffordshire Terrier/Labrador Retriever,kitten_puppy,Black,Friendly; Energetic; Playful; Affectionate,house_with_yard,moderate,first_time,1,0,8_plus,Energetic; Protective; Affectionate,0,1,0,0,1,0,1,0,1,0,0,0,1,0,1,0,1,0,0,0,0,0.57735,0,0,0,1,0,0,0,1,1,1,0,1,0,1,0,1,0,1
*Maggie,dog,Labrador Retriever/Pointer,adult,Black,Friendly; Energetic; Playful; Affectionate,house_with_yard,relaxed,first_time,1,0,0_3,Friendly; Protective,0,1,0,1,0,0,1,0,1,0,1,0,0,0,1,0,0,0,1,0,0,0.353553,0,1,0,0,0,0,0,0,1,1,0,1,0,1,0,1,0,1
Shelter Rescue,dog,Siberian Husky Mix,young,Brown,Friendly; Energetic; Playful,house_with_yard,high,experienced,1,1,0_3,Friendly; Independent; Calm,0,1,0,0,0,1,0,1,1,1,1,0,0,0,1,0,0,1,0,0,0,0.333333,0,1,1,0,0,0,1,0,0,1,0,1,0,1,0,0,0,1
Daisy,dog,Pit Bull Mix,kitten_puppy,White,Friendly; Energetic; Playful,house_no_yard,relaxed,first_time,1,0,4_7,Friendly; Playful; Independent,0,0,1,1,0,0,1,0,1,0,0,1,0,0,1,0,1,0,0,0,0,0.666667,1,1,0,0,0,1,1,0,0,1,0,1,0,1,0,0,0,1
*Newton,cat,Domestic Shorthair Mix,kitten_puppy,Orange,Energetic; Playful; Affectionate,apartment,relaxed,experienced,1,0,8_plus,Protective,1,0,0,1,0,0,0,1,1,0,0,0,1,0,0,1,1,0,0,0,0,0.0,1,0,0,0,0,0,0,0,1,0,0,1,0,1,0,1,0,0
Rallah,dog,Cardigan Welsh Corgi/Australian Shepherd,young,Tricolor,Friendly; Energetic; Playful; Protective,apartment,moderate,first_time,1,0,4_7,Friendly,1,0,0,0,1,0,1,0,1,0,0,1,0,0,1,0,0,1,0,0,0,0.5,0,1,0,0,0,0,0,0,0,1,0,1,0,1,0,0,1,0
Sugar Mama,dog,Chihuahua Shorthair Mix,young,White,Friendly; Calm; Energetic; Playful; Affectionate,house_no_yard,high,experienced,1,0,0_3,Energetic; Friendly; Playful,0,0,1,0,0,1,0,1,1,0,1,0,0,0,1,0,0,1,0,0,0,0.774597,0,1,0,1,0,1,0,0,0,1,1,1,0,1,0,1,0,1
Negrito,cat,Domestic Shorthair Mix,kitten_puppy,Black,Energetic; Playful; Affectionate,apartment,high,experienced,1,0,4_7,Shy; Independent; Friendly,1,0,0,0,0,1,0,1,1,0,0,1,0,0,0,1,1,0,0,0,0,0.0,1,1,0,0,1,0,1,0,0,0,0,1,0,1,0,1,0,1
*Jelly,cat,Domestic Shorthair Mix,kitten_puppy,Black,Energetic; Playful; Affectionate,house_with_yard,relaxed,experienced,1,0,8_plus,Friendly,0,1,0,1,0,0,0,1,1,0,0,0,1,0,0,1,1,0,0,0,0,0.0,0,1,0,0,0,0,0,0,0,0,0,1,0,1,0,1,0,0
*Dancer,dog,Pit Bull/Labrador Retriever,young,Black,Friendly; Energetic; Playful; Affectionate,apartment,relaxed,first_time,0,0,0_3,Energetic; Playful; Independent,1,0,0,1,0,0,1,0,0,0,1,0,0,1,1,0,0,1,0,0,0,0.57735,0,0,0,1,0,1,1,0,0,1,0,1,0,1,0,1,0,1
Keylow,dog,Miniature Poodle Mix,young,White,Friendly; Energetic; Playful; Affectionate,house_with_yard,high,experienced,0,1,0_3,Playful; Shy; Independent,0,1,0,0,0,1,0,1,0,1,1,0,0,0,1,0,0,1,0,0,0,0.288675,0,0,0,0,1,1,1,0,0,1,0,1,0,1,0,1,0,1
Rigby,dog,Dachshund Mix,young,Black,Friendly; Calm; Energetic; Playful; Affectionate,house_with_yard,relaxed,first_time,1,1,8_plus,Shy; Calm; Playful,0,1,0,1,0,0,1,0,1,1,0,0,1,0,1,0,0,1,0,0,0,0.516398,0,0,1,0,1,1,0,0,0,1,1,1,0,1,0,1,0,1
Fat King Lou,cat,Domestic Shorthair Mix,adult,Black,Calm; Independent; Affectionate,house_no_yard,moderate,experienced,1,0,0_3,Independent; Energetic,0,0,1,0,1,0,0,1,1,0,1,0,0,0,0,1,0,0,1,0,0,0.408248,0,0,0,1,0,0,1,0,0,0,1,0,0,0,1,1,0,1
*Parker,dog,German Shepherd Mix,young,Black,Friendly; Energetic; Playful; Protective,house_no_yard,moderate,first_time,1,0,4_7,Energetic,0,0,1,0,1,0,1,0,1,0,0,1,0,1,1,0,0,1,0,0,0,0.5,0,0,0,1,0,0,0,0,0,1,0,1,0,1,0,0,1,1
Shelter Rescue,dog,Border Collie Mix,kitten_puppy,Tricolor,Friendly; Energetic; Playful,apartment,moderate,experienced,0,0,8_plus,Energetic; Playful,1,0,0,0,1,0,0,1,0,0,0,0,1,1,1,0,1,0,0,0,0,0.816497,0,0,0,1,0,1,0,0,0,1,0,1,0,1,0,0,0,0
*Buttercup,dog,Pit Bull Mix,young,White,Friendly; Energetic; Playful,house_no_yard,moderate,experienced,1,1,8_plus,Affectionate,0,0,1,0,1,0,0,1,1,1,0,0,1,0,1,0,0,1,0,0,0,0.0,0,0,0,0,0,0,0,1,0,1,0,1,0,1,0,0,0,0
Shelter Rescue,dog,Labrador Retriever Mix,kitten_puppy,Black,Friendly; Energetic; Playful; Affectionate,house_with_yard,high,first_time,1,0,4_7,Energetic,0,1,0,0,0,1,1,0,1,0,0,1,0,0,1,0,1,0,0,0,0,0.5,0,0,0,1,0,0,0,0,0,1,0,1,0,1,0,1,0,1
Sugar,cat,Domestic Shorthair Mix,young,Tricolor,Calm; Independent; Affectionate,apartment,relaxed,experienced,0,1,8_plus,Shy; Playful; Protective,1,0,0,1,0,0,0,1,0,1,0,0,1,0,0,1,0,1,0,0,0,0.0,0,0,0,0,1,1,0,0,1,0,1,0,0,0,1,1,0,1
*Silver,cat,Domestic Shorthair Mix,kitten_puppy,Gray,Energetic; Playful; Affectionate,apartment,moderate,experienced,0,1,0_3,Friendly; Protective,1,0,0,0,1,0,0,1,0,1,1,0,0,1,0,1,1,0,0,0,0,0.0,0,1,0,0,0,0,0,0,1,0,0,1,0,1,0,1,0,1
*Provence,cat,Domestic Shorthair Mix,kitten_puppy,White,Energetic; Playful; Affectionate,house_with_yard,relaxed,experienced,0,1,0_3,Energetic; Affectionate,0,1,0,1,0,0,0,1,0,1,1,0,0,0,0,1,1,0,0,0,0,0.816497,0,0,0,1,0,0,0,1,0,0,0,1,0,1,0,1,0,1
Thelonious,dog,Catahoula/Plott Hound,kitten_puppy,Brown,Friendly; Energetic; Playful,house_no_yard,relaxed,experienced,0,0,0_3,Independent,0,0,1,1,0,0,0,1,0,0,1,0,0,0,1,0,1,0,0,0,0,0.0,1,0,0,0,0,0,1,0,0,1,0,1,0,1,0,0,0,1
*Jax,dog,Chihuahua Shorthair Mix,young,Brown,Friendly; Calm; Energetic; Playful; Affectionate,house_no_yard,relaxed,experienced,0,1,0_3,Affectionate,0,0,1,1,0,0,0,1,0,1,1,0,0,0,1,0,0,1,0,0,0,0.447214,0,0,0,0,0,0,0,1,0,1,1,1,0,1,0,1,0,1
Sammy,dog,Chihuahua Shorthair Mix,kitten_puppy,Black,Friendly; Calm; Energetic; Playful; Affectionate,house_with_yard,relaxed,first_time,1,1,4_7,Shy; Protective,0,1,0,1,0,0,1,0,1,1,0,1,0,0,1,0,1,0,0,0,0,0.0,1,0,0,0,1,0,0,0,1,1,1,1,0,1,0,1,0,1
*Bunny,cat,Manx/Domestic Longhair,senior,Black,Calm; Independent,house_no_yard,high,experienced,1,1,0_3,Protective; Friendly; Playful,0,0,1,0,0,1,0,1,1,1,1,0,0,1,0,1,0,0,0,1,0,0.0,0,1,0,0,0,1,0,0,1,0,1,0,0,0,1,0,0,0
Shelter Rescue,cat,Domestic Shorthair Mix,kitten_puppy,Gray,Energetic; Playful; Affectionate,house_with_yard,relaxed,experienced,0,1,0_3,Shy; Calm,0,1,0,1,0,0,0,1,0,1,1,0,0,0,0,1,1,0,0,0,0,0.0,1,0,1,0,1,0,0,0,0,0,0,1,0,1,0,1,0,1
*Mack,dog,German Shepherd Mix,kitten_puppy,Black,Friendly; Energetic; Playful; Protective,house_no_yard,moderate,experienced,0,0,0_3,Shy; Affectionate,0,0,1,0,1,0,0,1,0,0,1,0,0,0,1,0,1,0,0,0,0,0.0,0,0,0,0,1,0,0,1,0,1,0,1,0,1,0,0,1,0
Sparky,dog,Pit Bull/Australian Cattle Dog,adult,Orange,Friendly; Energetic; Affectionate,house_with_yard,moderate,first_time,0,0,4_7,Protective; Playful,0,1,0,0,1,0,1,0,0,0,0,1,0,0,1,0,0,0,1,0,0,0.0,1,0,0,0,0,1,0,0,1,1,0,1,0,0,0,1,0,1
Honey,cat,Domestic Medium Hair Mix,adult,Tabby,Calm; Independent; Affectionate,house_no_yard,moderate,experienced,0,0,0_3,Energetic; Shy,0,0,1,0,1,0,0,1,0,0,1,0,0,0,0,1,0,0,1,0,0,0.0,0,0,0,1,1,0,0,0,0,0,1,0,0,0,1,1,0,0
Grace,cat,Domestic Shorthair Mix,senior,Tricolor,Calm; Independent,apartment,high,first_time,1,0,8_plus,Friendly; Protective,1,0,0,0,0,1,1,0,1,0,0,0,1,0,0,1,0,0,0,1,0,0.0,0,1,0,0,0,0,0,0,1,0,1,0,0,0,1,0,0,1
Kali,dog,Labrador Retriever Mix,kitten_puppy,Black,Friendly; Energetic; Playful; Affectionate,house_no_yard,relaxed,experienced,0,0,8_plus,Energetic,0,0,1,1,0,0,0,1,0,0,0,0,1,1,1,0,1,0,0,0,0,0.5,0,0,0,1,0,0,0,0,0,1,0,1,0,1,0,1,0,0
Shelter Rescue,cat,Domestic Shorthair Mix,kitten_puppy,Orange,Energetic; Playful; Affectionate,house_no_yard,moderate,experienced,0,1,0_3,Friendly; Independent; Shy,0,0,1,0,1,0,0,1,0,1,1,0,0,0,0,1,1,0,0,0,0,0.0,1,1,0,0,1,0,1,0,0,0,0,1,0,1,0,1,0,1
Lemmy,dog,Chihuahua Shorthair Mix,adult,Tricolor,Friendly; Calm; Affectionate,apartment,moderate,first_time,0,1,4_7,Affectionate,1,0,0,0,1,0,1,0,0,1,0,1,0,0,1,0,0,0,1,0,0,0.57735,1,0,0,0,0,0,0,1,0,1,1,0,0,0,0,1,0,1
*Jerry,cat,Domestic Medium Hair Mix,adult,Black,Calm; Independent; Affectionate,apartment,high,first_time,1,0,4_7,Calm,1,0,0,0,0,1,1,0,1,0,0,1,0,0,0,1,0,0,1,0,0,0.57735,0,0,1,0,0,0,0,0,0,0,1,0,0,0,1,1,0,1
*Alexandra,cat,Domestic Shorthair Mix,young,White,Calm; Independent; Affectionate,apartment,relaxed,first_time,1,1,0_3,Friendly; Protective,1,0,0,1,0,0,1,0,1,1,1,0,0,0,0,1,0,1,0,0,0,0.0,1,1,0,0,0,0,0,0,1,0,1,0,0,0,1,1,0,1
Midnight,dog,Labrador Retriever Mix,young,Black,Friendly; Energetic; Playful; Affectionate,house_with_yard,moderate,experienced,1,0,0_3,Playful; Affectionate,0,1,0,0,1,0,0,1,1,0,1,0,0,0,1,0,0,1,0,0,0,0.707107,0,0,0,0,0,1,0,1,0,1,0,1,0,1,0,1,0,1
Bella,dog,Smooth Fox Terrier Mix,kitten_puppy,Brown,Friendly; Energetic; Playful,house_no_yard,high,experienced,1,0,4_7,Calm; Playful,0,0,1,0,0,1,0,1,1,0,0,1,0,1,1,0,1,0,0,0,0,0.408248,1,0,1,0,0,1,0,0,0,1,0,1,0,1,0,0,0,1
Lily,dog,Chihuahua Shorthair Mix,adult,Black,Friendly; Calm; Affectionate,apartment,moderate,experienced,0,0,0_3,Friendly; Calm; Playful,1,0,0,0,1,0,0,1,0,0,1,0,0,0,1,0,0,0,1,0,0,0.666667,0,1,1,0,0,1,0,0,0,1,1,0,0,0,0,1,0,1
Shelter Rescue,cat,Domestic Shorthair Mix,kitten_puppy,Tabby,Energetic; Playful; Affectionate,house_with_yard,moderate,experienced,0,1,0_3,Playful; Friendly; Affectionate,0,1,0,0,1,0,0,1,0,1,1,0,0,0,0,1,1,0,0,0,0,0.666667,0,1,0,0,0,1,0,1,0,0,0,1,0,1,0,1,0,1
*Snapper,dog,Pointer/Border Collie,young,Black,Friendly; Energetic; Playful,apartment,moderate,experienced,1,1,8_plus,Independent; Protective; Energetic,1,0,0,0,1,0,0,1,1,1,0,0,1,1,1,0,0,1,0,0,0,0.333333,0,0,0,1,0,0,1,0,1,1,0,1,0,1,0,0,0,0
*Texas Rose,dog,American Foxhound Mix,young,White,Friendly; Energetic; Playful,apartment,moderate,first_time,1,1,4_7,Protective; Playful,1,0,0,0,1,0,1,0,1,1,0,1,0,0,1,0,0,1,0,0,0,0.408248,1,0,0,0,0,1,0,0,1,1,0,1,0,1,0,0,0,1
Shelter Rescue,cat,Domestic Shorthair Mix,kitten_puppy,Tabby,Energetic; Playful; Affectionate,apartment,high,experienced,1,1,4_7,Affectionate; Friendly,1,0,0,0,0,1,0,1,1,1,0,1,0,0,0,1,1,0,0,0,0,0.408248,0,1,0,0,0,0,0,1,0,0,0,1,0,1,0,1,0,1
*Colby,cat,Domestic Medium Hair Mix,young,Orange,Calm; Independent; Affectionate,house_no_yard,moderate,experienced,0,0,0_3,Playful,0,0,1,0,1,0,0,1,0,0,1,0,0,0,0,1,0,1,0,0,0,0.0,0,0,0,0,0,1,0,0,0,0,1,0,0,0,1,1,0,0
B.J.,dog,Chihuahua Shorthair/Cairn Terrier,kitten_puppy,Brown,Friendly; Calm; Energetic; Playful; Affectionate,house_with_yard,moderate,first_time,1,1,0_3,Shy; Affectionate,0,1,0,0,1,0,1,0,1,1,1,0,0,0,1,0,1,0,0,0,0,0.316228,0,0,0,0,1,0,0,1,0,1,1,1,0,1,0,1,0,1
Macie,dog,Dalmatian/Labrador Retriever,adult,Black,Friendly; Playful; Affectionate,house_with_yard,high,first_time,1,0,8_plus,Affectionate; Energetic,0,1,0,0,0,1,1,0,1,0,0,0,1,0,1,0,0,0,1,0,0,0.408248,1,0,0,1,0,0,0,1,0,1,0,0,0,1,0,1,0,1
*Esmerelda,dog,Labrador Retriever Mix,young,White,Friendly; Energetic; Playful; Affectionate,apartment,moderate,first_time,0,0,8_plus,Protective; Independent; Friendly,1,0,0,0,1,0,1,0,0,0,0,0,1,0,1,0,0,1,0,0,0,0.288675,0,1,0,0,0,0,1,0,1,1,0,1,0,1,0,1,0,0
Thomas,cat,Domestic Shorthair Mix,young,White,Calm; Independent; Affectionate,house_with_yard,moderate,experienced,0,1,4_7,Playful,0,1,0,0,1,0,0,1,0,1,0,1,0,0,0,1,0,1,0,0,0,0.0,0,0,0,0,0,1,0,0,0,0,1,0,0,0,1,1,0,0
Rasheed,cat,Domestic Medium Hair Mix,young,Tabby,Calm; Independent; Affectionate,house_with_yard,relaxed,experienced,0,0,0_3,Independent,0,1,0,1,0,0,0,1,0,0,1,0,0,1,0,1,0,1,0,0,0,0.57735,0,0,0,0,0,0,1,0,0,0,1,0,0,0,1,1,0,1
*Lonnie,dog,Labrador Retriever Mix,adult,White,Friendly; Playful; Affectionate,house_no_yard,high,experienced,0,1,4_7,Shy; Calm; Energetic,0,0,1,0,0,1,0,1,0,1,0,1,0,1,1,0,0,0,1,0,0,0.0,0,0,1,1,1,0,0,0,0,1,0,0,0,1,0,1,0,1
Novah,dog,Pit Bull Mix,adult,White,Friendly; Energetic; Affectionate,apartment,relaxed,first_time,0,1,8_plus,Shy,1,0,0,1,0,0,1,0,0,1,0,0,1,1,1,0,0,0,1,0,0,0.0,0,0,0,0,1,0,0,0,0,1,0,1,0,0,0,1,0,0
*Gavin,dog,English Pointer Mix,kitten_puppy,White,Friendly; Energetic; Playful,apartment,relaxed,first_time,1,0,8_plus,Affectionate,1,0,0,1,0,0,1,0,1,0,0,0,1,1,1,0,1,0,0,0,0,0.0,1,0,0,0,0,0,0,1,0,1,0,1,0,1,0,0,0,0
Molly,dog,Labrador Retriever Mix,kitten_puppy,Black,Friendly; Energetic; Playful; Affectionate,apartment,relaxed,experienced,0,1,8_plus,Independent; Calm; Affectionate,1,0,0,1,0,0,0,1,0,1,0,0,1,0,1,0,1,0,0,0,0,0.288675,0,0,1,0,0,0,1,1,0,1,0,1,0,1,0,1,0,0
Luna,cat,Domestic Medium Hair Mix,young,Black,Calm; Independent; Affectionate,house_no_yard,relaxed,experienced,1,0,8_plus,Playful; Affectionate,0,0,1,1,0,0,0,1,1,0,0,0,1,1,0,1,0,1,0,0,0,0.408248,0,0,0,0,0,1,0,1,0,0,1,0,0,0,1,1,0,1
*Sassy,dog,Cairn Terrier Mix,adult,White,Friendly; Energetic; Affectionate,house_no_yard,relaxed,experienced,0,1,4_7,Calm,0,0,1,1,0,0,0,1,0,1,0,1,0,0,1,0,0,0,1,0,0,0.0,1,0,1,0,0,0,0,0,0,1,0,1,0,0,0,1,0,1
Nova,dog,Vizsla Mix,young,Orange,Friendly; Energetic; Playful,apartment,high,first_time,0,0,8_plus,Playful; Protective,1,0,0,0,0,1,1,0,0,0,0,0,1,0,1,0,0,1,0,0,0,0.408248,1,0,0,0,0,1,0,0,1,1,0,1,0,1,0,0,0,1
Skippy,dog,Dachshund Mix,kitten_puppy,Black,Friendly; Calm; Energetic; Playful; Affectionate,house_no_yard,high,first_time,1,1,8_plus,Friendly; Playful,0,0,1,0,0,1,1,0,1,1,0,0,1,0,1,0,1,0,0,0,0,0.632456,0,1,0,0,0,1,0,0,0,1,1,1,0,1,0,1,0,1
Shelby Lynn,dog,Greyhound/Labrador Retriever,young,Black,Friendly; Energetic; Playful; Affectionate,house_no_yard,relaxed,experienced,1,1,8_plus,Playful; Independent,0,0,1,1,0,0,0,1,1,1,0,0,1,1,1,0,0,1,0,0,0,0.353553,0,0,0,0,0,1,1,0,0,1,0,1,0,1,0,1,0,1
Shelter Rescue,cat,Domestic Shorthair Mix,kitten_puppy,Black,Energetic; Playful; Affectionate,house_no_yard,moderate,experienced,0,0,8_plus,Affectionate; Energetic; Playful,0,0,1,0,1,0,0,1,0,0,0,0,1,1,0,1,1,0,0,0,0,1.0,0,0,0,1,0,1,0,1,0,0,0,1,0,1,0,1,0,0
Dobby,dog,American Bulldog Mix,kitten_puppy,White,Friendly; Energetic; Playful,house_no_yard,high,experienced,0,0,8_plus,Calm,0,0,1,0,0,1,0,1,0,0,0,0,1,0,1,0,1,0,0,0,0,0.0,0,0,1,0,0,0,0,0,0,1,0,1,0,1,0,0,0,0
Cairo,cat,Domestic Shorthair Mix,kitten_puppy,Tricolor,Energetic; Playful; Affectionate,apartment,moderate,first_time,0,1,4_7,Independent; Friendly,1,0,0,0,1,0,1,0,0,1,0,1,0,0,0,1,1,0,0,0,0,0.0,1,1,0,0,0,0,1,0,0,0,0,1,0,1,0,1,0,1
Shelter Rescue,cat,Domestic Medium Hair Mix,kitten_puppy,Gray,Energetic; Playful; Affectionate,apartment,moderate,first_time,0,0,0_3,Independent; Friendly,1,0,0,0,1,0,1,0,0,0,1,0,0,0,0,1,1,0,0,0,0,0.0,0,1,0,0,0,0,1,0,0,0,0,1,0,1,0,1,0,1
Luna,dog,Staffordshire Mix,kitten_puppy,White,Friendly; Energetic; Playful,apartment,moderate,experienced,0,1,4_7,Protective,1,0,0,0,1,0,0,1,0,1,0,1,0,0,1,0,1,0,0,0,0,0.0,0,0,0,0,0,0,0,0,1,1,0,1,0,1,0,0,0,0
*Peeps,cat,Domestic Shorthair Mix,kitten_puppy,Black,Energetic; Playful; Affectionate,apartment,relaxed,first_time,0,1,4_7,Protective; Independent; Calm,1,0,0,1,0,0,1,0,0,1,0,1,0,0,0,1,1,0,0,0,0,0.0,0,0,1,0,0,0,1,0,1,0,0,1,0,1,0,1,0,1
*Olivia,cat,Domestic Shorthair Mix,kitten_puppy,Black,Energetic; Playful; Affectionate,house_with_yard,relaxed,first_time,1,1,4_7,Shy; Friendly; Energetic,0,1,0,1,0,0,1,0,1,1,0,1,0,0,0,1,1,0,0,0,0,0.333333,0,1,0,1,1,0,0,0,0,0,0,1,0,1,0,1,0,1
*Fletcher,dog,Labrador Retriever Mix,young,Brown,Friendly; Energetic; Playful; Affectionate,house_no_yard,relaxed,first_time,0,1,4_7,Energetic; Protective; Independent,0,0,1,1,0,0,1,0,0,1,0,1,0,0,1,0,0,1,0,0,0,0.288675,0,0,0,1,0,0,1,0,1,1,0,1,0,1,0,1,0,1
Shelter Rescue,dog,Feist Mix,kitten_puppy,White,Friendly; Energetic; Playful,apartment,moderate,first_time,1,1,8_plus,Friendly; Playful,1,0,0,0,1,0,1,0,1,1,0,0,1,0,1,0,1,0,0,0,0,0.816497,0,1,0,0,0,1,0,0,0,1,0,1,0,1,0,0,0,0
*Zimbo,cat,Domestic Shorthair Mix,kitten_puppy,Tabby,Energetic; Playful; Affectionate,apartment,high,first_time,0,0,8_plus,Shy; Protective,1,0,0,0,0,1,1,0,0,0,0,0,1,0,0,1,1,0,0,0,0,0.0,0,0,0,0,1,0,0,0,1,0,0,1,0,1,0,1,0,0
Shelter Rescue,cat,Domestic Shorthair Mix,kitten_puppy,Tricolor,Energetic; Playful; Affectionate,house_no_yard,relaxed,experienced,1,0,0_3,Energetic; Playful; Protective,0,0,1,1,0,0,0,1,1,0,1,0,0,0,0,1,1,0,0,0,0,0.666667,1,0,0,1,0,1,0,0,1,0,0,1,0,1,0,1,0,1
Santa Girl,dog,German Shepherd Mix,kitten_puppy,Black,Friendly; Energetic; Playful; Protective,house_no_yard,relaxed,first_time,1,0,0_3,Playful,0,0,1,1,0,0,1,0,1,0,1,0,0,1,1,0,1,0,0,0,0,0.5,0,0,0,0,0,1,0,0,0,1,0,1,0,1,0,0,1,1
*Marco,cat,Domestic Shorthair Mix,kitten_puppy,Orange,Energetic; Playful; Affectionate,house_with_yard,relaxed,first_time,0,1,8_plus,Affectionate; Energetic; Calm,0,1,0,1,0,0,1,0,0,1,0,0,1,0,0,1,1,0,0,0,0,0.666667,1,0,1,1,0,0,0,1,0,0,0,1,0,1,0,1,0,1
Shelter Rescue,cat,Domestic Shorthair Mix,kitten_puppy,White,Energetic; Playful; Affectionate,apartment,moderate,experienced,0,1,8_plus,Calm; Protective; Energetic,1,0,0,0,1,0,0,1,0,1,0,0,1,0,0,1,1,0,0,0,0,0.333333,0,0,1,1,0,0,0,0,1,0,0,1,0,1,0,1,0,0
Elsa,cat,Siamese Mix,adult,White,Calm; Playful; Independent; Affectionate,apartment,high,experienced,0,1,0_3,Friendly; Energetic,1,0,0,0,0,1,0,1,0,1,1,0,0,1,0,1,0,0,1,0,0,0.0,0,1,0,1,0,0,0,0,0,0,1,0,0,1,1,1,0,1
*Roxy,dog,Queensland Heeler Mix,kitten_puppy,Gray,Friendly; Energetic; Playful,house_with_yard,relaxed,experienced,1,0,4_7,Protective,0,1,0,1,0,0,0,1,1,0,0,1,0,0,1,0,1,0,0,0,0,0.0,0,0,0,0,0,0,0,0,1,1,0,1,0,1,0,0,0,1
Skeeter,dog,Redbone Hound Mix,young,Orange,Friendly; Energetic; Playful,house_no_yard,high,experienced,0,0,0_3,Shy; Independent,0,0,1,0,0,1,0,1,0,0,1,0,0,0,1,0,0,1,0,0,0,0.0,0,0,0,0,1,0,1,0,0,1,0,1,0,1,0,0,0,0
Shelter Rescue,cat,Domestic Shorthair Mix,kitten_puppy,Gray,Energetic; Playful; Affectionate,house_no_yard,relaxed,first_time,0,0,8_plus,Playful; Independent; Protective,0,0,1,1,0,0,1,0,0,0,0,0,1,1,0,1,1,0,0,0,0,0.333333,0,0,0,0,0,1,1,0,1,0,0,1,0,1,0,1,0,0
Harlow,dog,Labrador Retriever Mix,young,Black,Friendly; Energetic; Playful; Affectionate,apartment,high,first_time,0,1,0_3,Friendly,1,0,0,0,0,1,1,0,0,1,1,0,0,0,1,0,0,1,0,0,0,0.5,0,1,0,0,0,0,0,0,0,1,0,1,0,1,0,1,0,1
Izzy,dog,Miniature Schnauzer Mix,kitten_puppy,Black,Friendly; Energetic; Playful,house_with_yard,relaxed,first_time,0,0,4_7,Shy; Playful; Independent,0,1,0,1,0,0,1,0,0,0,0,1,0,0,1,0,1,0,0,0,0,0.333333,0,0,0,0,1,1,1,0,0,1,0,1,0,1,0,0,0,1
*Taco,dog,Chihuahua Shorthair Mix,young,Brown,Friendly; Calm; Energetic; Playful; Affectionate,apartment,relaxed,first_time,0,0,4_7,Calm; Shy,1,0,0,1,0,0,1,0,0,0,0,1,0,1,1,0,0,1,0,0,0,0.316228,0,0,1,0,1,0,0,0,0,1,1,1,0,1,0,1,0,1
Brody,dog,Dachshund/Cavalier Span,young,Black,Friendly; Calm; Energetic; Playful; Affectionate,house_no_yard,high,experienced,0,0,4_7,Friendly; Playful; Shy,0,0,1,0,0,1,0,1,0,0,0,1,0,1,1,0,0,1,0,0,0,0.516398,0,1,0,0,1,1,0,0,0,1,1,1,0,1,0,1,0,1
*Fiona,cat,Domestic Longhair Mix,kitten_puppy,Black,Energetic; Playful; Affectionate,apartment,moderate,experienced,1,0,8_plus,Protective; Shy; Affectionate,1,0,0,0,1,0,0,1,1,0,0,0,1,0,0,1,1,0,0,0,0,0.333333,1,0,0,0,1,0,0,1,1,0,0,1,0,1,0,1,0,0
*Benji,dog,Australian Cattle Dog/Basenji,kitten_puppy,Tricolor,Friendly; Energetic; Playful,house_no_yard,moderate,experienced,0,0,8_plus,Energetic; Friendly; Protective,0,0,1,0,1,0,0,1,0,0,0,0,1,0,1,0,1,0,0,0,0,0.666667,0,1,0,1,0,0,0,0,1,1,0,1,0,1,0,0,0,0
*Moose,cat,Domestic Shorthair Mix,kitten_puppy,White,Energetic; Playful; Affectionate,house_with_yard,relaxed,first_time,0,1,4_7,Independent; Friendly; Energetic,0,1,0,1,0,0,1,0,0,1,0,1,0,0,0,1,1,0,0,0,0,0.333333,0,1,0,1,0,0,1,0,0,0,0,1,0,1,0,1,0,1
Achilles,dog,Pit Bull Mix,young,White,Friendly; Energetic; Playful,apartment,moderate,experienced,0,1,8_plus,Friendly; Shy; Independent,1,0,0,0,1,0,0,1,0,1,0,0,1,1,1,0,0,1,0,0,0,0.333333,0,1,0,0,1,0,1,0,0,1,0,1,0,1,0,0,0,0
Peanut,dog,Labrador Retriever Mix,kitten_puppy,Brown,Friendly; Energetic; Playful; Affectionate,house_with_yard,high,first_time,1,0,4_7,Calm,0,1,0,0,0,1,1,0,1,0,0,1,0,0,1,0,1,0,0,0,0,0.0,1,0,1,0,0,0,0,0,0,1,0,1,0,1,0,1,0,1
Annie,dog,Dachshund/Chihuahua Shorthair,young,Brown,Friendly; Calm; Energetic; Playful; Affectionate,house_with_yard,high,first_time,1,1,4_7,Affectionate; Friendly,0,1,0,0,0,1,1,0,1,1,0,1,0,0,1,0,0,1,0,0,0,0.632456,1,1,0,0,0,0,0,1,0,1,1,1,0,1,0,1,0,1
*Dolly,cat,Domestic Medium Hair Mix,kitten_puppy,White,Energetic; Playful; Affectionate,house_with_yard,high,first_time,0,1,4_7,Friendly; Playful,0,1,0,0,0,1,1,0,0,1,0,1,0,0,0,1,1,0,0,0,0,0.408248,0,1,0,0,0,1,0,0,0,0,0,1,0,1,0,1,0,1
Charlie,cat,Domestic Shorthair Mix,kitten_puppy,Gray,Energetic; Playful; Affectionate,apartment,moderate,first_time,1,1,8_plus,Affectionate,1,0,0,0,1,0,1,0,1,1,0,0,1,0,0,1,1,0,0,0,0,0.57735,0,0,0,0,0,0,0,1,0,0,0,1,0,1,0,1,0,1
Reggie,dog,Pointer/Pit Bull,kitten_puppy,Black,Friendly; Energetic; Playful,apartment,high,experienced,0,1,8_plus,Protective; Affectionate; Calm,1,0,0,0,0,1,0,1,0,1,0,0,1,0,1,0,1,0,0,0,0,0.0,0,0,1,0,0,0,0,1,1,1,0,1,0,1,0,0,0,0
Bearry,dog,Labrador Retriever/Beagle,young,Black,Friendly; Energetic; Playful; Affectionate,house_with_yard,moderate,first_time,0,1,0_3,Calm; Playful,0,1,0,0,1,0,1,0,0,1,1,0,0,0,1,0,0,1,0,0,0,0.353553,1,0,1,0,0,1,0,0,0,1,0,1,0,1,0,1,0,1
*Felicia,dog,Jack Russell Terrier/Pointer,young,White,Friendly; Energetic; Playful,house_no_yard,relaxed,experienced,0,1,4_7,Shy,0,0,1,1,0,0,0,1,0,1,0,1,0,1,1,0,0,1,0,0,0,0.0,0,0,0,0,1,0,0,0,0,1,0,1,0,1,0,0,0,0
Shelter Rescue,dog,Rottweiler Mix,kitten_puppy,Black,Friendly; Energetic; Playful,house_no_yard,relaxed,first_time,0,0,4_7,Energetic; Calm,0,0,1,1,0,0,1,0,0,0,0,1,0,0,1,0,1,0,0,0,0,0.408248,1,0,1,1,0,0,0,0,0,1,0,1,0,1,0,0,0,1
Shelter Rescue,dog,Pointer Mix,kitten_puppy,Black,Friendly; Energetic; Playful,apartment,relaxed,first_time,1,1,4_7,Playful,1,0,0,1,0,0,1,0,1,1,0,1,0,0,1,0,1,0,0,0,0,0.57735,0,0,0,0,0,1,0,0,0,1,0,1,0,1,0,0,0,1
Leo,dog,Rat Terrier/Chihuahua Shorthair,kitten_puppy,Tricolor,Friendly; Calm; Energetic; Playful; Affectionate,house_no_yard,relaxed,first_time,0,0,0_3,Playful; Calm; Shy,0,0,1,1,0,0,1,0,0,0,1,0,0,0,1,0,1,0,0,0,0,0.516398,0,0,1,0,1,1,0,0,0,1,1,1,0,1,0,1,0,1
*Rey,cat,Domestic Shorthair Mix,kitten_puppy,Black,Energetic; Playful; Affectionate,apartment,relaxed,first_time,1,1,4_7,Energetic; Calm,1,0,0,1,0,0,1,0,1,1,0,1,0,0,0,1,1,0,0,0,0,0.408248,0,0,1,1,0,0,0,0,0,0,0,1,0,1,0,1,0,1
Willie,dog,Chihuahua Shorthair Mix,young,White,Friendly; Calm; Energetic; Playful; Affectionate,house_with_yard,relaxed,experienced,1,0,0_3,Shy; Playful; Independent,0,1,0,1,0,0,0,1,1,0,1,0,0,0,1,0,0,1,0,0,0,0.258199,0,0,0,0,1,1,1,0,0,1,1,1,0,1,0,1,0,1
*Lois,dog,Chihuahua Shorthair/Cairn Terrier,young,Gray,Friendly; Calm; Energetic; Playful; Affectionate,apartment,high,experienced,1,0,0_3,Friendly; Calm; Playful,1,0,0,0,0,1,0,1,1,0,1,0,0,1,1,0,0,1,0,0,0,0.774597,0,1,1,0,0,1,0,0,0,1,1,1,0,1,0,1,0,1
Penny,dog,Labrador Retriever Mix,kitten_puppy,Brown,Friendly; Energetic; Playful; Affectionate,house_with_yard,moderate,experienced,1,1,8_plus,Friendly,0,1,0,0,1,0,0,1,1,1,0,0,1,0,1,0,1,0,0,0,0,0.5,0,1,0,0,0,0,0,0,0,1,0,1,0,1,0,1,0,1
*Petunia,cat,Domestic Shorthair Mix,kitten_puppy,Tabby,Energetic; Playful; Affectionate,house_no_yard,high,first_time,0,1,0_3,Friendly; Protective,0,0,1,0,0,1,1,0,0,1,1,0,0,0,0,1,1,0,0,0,0,0.0,0,1,0,0,0,0,0,0,1,0,0,1,0,1,0,1,0,1
Shelter Rescue,cat,Snowshoe Mix,kitten_puppy,Brown,Energetic; Playful; Affectionate,house_no_yard,relaxed,experienced,0,0,8_plus,Energetic; Protective,0,0,1,1,0,0,0,1,0,0,0,0,1,1,0,1,1,0,0,0,0,0.408248,1,0,0,1,0,0,0,0,1,0,0,1,0,1,0,1,0,0
*Baxter,cat,Domestic Shorthair Mix,kitten_puppy,White,Energetic; Playful; Affectionate,house_no_yard,moderate,first_time,0,0,8_plus,Calm,0,0,1,0,1,0,1,0,0,0,0,0,1,0,0,1,1,0,0,0,0,0.0,0,0,1,0,0,0,0,0,0,0,0,1,0,1,0,1,0,0
*Perth,dog,Australian Kelpie,young,Black,Friendly; Energetic; Playful,house_with_yard,high,first_time,0,1,8_plus,Protective; Independent; Energetic,0,1,0,0,0,1,1,0,0,1,0,0,1,0,1,0,0,1,0,0,0,0.333333,0,0,0,1,0,0,1,0,1,1,0,1,0,1,0,0,0,1
*Ella,dog,Staffordshire Mix,young,White,Friendly; Energetic; Playful,house_with_yard,moderate,first_time,0,0,4_7,Playful,0,1,0,0,1,0,1,0,0,0,0,1,0,1,1,0,0,1,0,0,0,0.57735,1,0,0,0,0,1,0,0,0,1,0,1,0,1,0,0,0,1
Dusty,cat,Chartreux Mix,senior,Gray,Calm; Independent,house_no_yard,moderate,experienced,0,1,8_plus,Protective; Playful,0,0,1,0,1,0,0,1,0,1,0,0,1,0,0,1,0,0,0,1,0,0.0,0,0,0,0,0,1,0,0,1,0,1,0,0,0,1,0,0,0
Blackie,dog,Chihuahua Shorthair/Pug,adult,Black,Friendly; Calm; Affectionate,house_no_yard,moderate,first_time,0,0,0_3,Calm; Independent; Affectionate,0,0,1,0,1,0,1,0,0,0,1,0,0,1,1,0,0,0,1,0,0,0.666667,0,0,1,0,0,0,1,1,0,1,1,0,0,0,0,1,0,1
Samson,dog,Great Pyrenees Mix,adult,White,Friendly; Affectionate,house_with_yard,high,first_time,0,0,4_7,Affectionate; Independent,0,1,0,0,0,1,1,0,0,0,0,1,0,1,1,0,0,0,1,0,0,0.5,0,0,0,0,0,0,1,1,0,1,0,0,0,0,0,1,0,1
Spunky Spotz,dog,Australian Cattle Dog Mix,kitten_puppy,White,Friendly; Energetic; Playful,house_no_yard,relaxed,experienced,1,1,4_7,Playful; Protective; Affectionate,0,0,1,1,0,0,0,1,1,1,0,1,0,0,1,0,1,0,0,0,0,0.333333,0,0,0,0,0,1,0,1,1,1,0,1,0,1,0,0,0,1
Shelter Rescue,dog,Labrador Retriever Mix,kitten_puppy,Brown,Friendly; Energetic; Playful; Affectionate,house_with_yard,moderate,first_time,0,0,0_3,Friendly; Shy,0,1,0,0,1,0,1,0,0,0,1,0,0,0,1,0,1,0,0,0,0,0.353553,0,1,0,0,1,0,0,0,0,1,0,1,0,1,0,1,0,1
Shaggy,dog,Manchester Terrier Mix,young,Black,Friendly; Energetic; Playful,house_no_yard,high,first_time,1,0,0_3,Friendly,0,0,1,0,0,1,1,0,1,0,1,0,0,0,1,0,0,1,0,0,0,0.57735,0,1,0,0,0,0,0,0,0,1,0,1,0,1,0,0,0,1
Shelter Rescue,dog,Pit Bull Mix,young,White,Friendly; Energetic; Playful,house_with_yard,relaxed,experienced,0,0,4_7,Protective; Calm,0,1,0,1,0,0,0,1,0,0,0,1,0,0,1,0,0,1,0,0,0,0.0,1,0,1,0,0,0,0,0,1,1,0,1,0,1,0,0,0,1
Lobo,dog,Siberian Husky Mix,young,White,Friendly; Energetic; Playful,house_no_yard,high,experienced,0,0,8_plus,Independent; Protective; Affectionate,0,0,1,0,0,1,0,1,0,0,0,0,1,0,1,0,0,1,0,0,0,0.0,1,0,0,0,0,0,1,1,1,1,0,1,0,1,0,0,0,0
Princess,dog,Yorkshire Terrier/Maltese,adult,Black,Friendly; Calm; Energetic; Affectionate,house_no_yard,relaxed,first_time,0,1,8_plus,Independent; Calm; Playful,0,0,1,1,0,0,1,0,0,1,0,0,1,0,1,0,0,0,1,0,0,0.288675,0,0,1,0,0,1,1,0,0,1,1,1,0,0,0,1,0,1
Shelter Rescue,cat,Domestic Shorthair Mix,kitten_puppy,Orange,Energetic; Playful; Affectionate,house_no_yard,relaxed,experienced,0,0,8_plus,Energetic,0,0,1,1,0,0,0,1,0,0,0,0,1,0,0,1,1,0,0,0,0,0.57735,0,0,0,1,0,0,0,0,0,0,0,1,0,1,0,1,0,0
*Laverne,dog,Dachshund/Pug,kitten_puppy,Black,Friendly; Calm; Energetic; Playful; Affectionate,house_with_yard,high,experienced,0,1,8_plus,Friendly; Energetic,0,1,0,0,0,1,0,1,0,1,0,0,1,0,1,0,1,0,0,0,0,0.632456,0,1,0,1,0,0,0,0,0,1,1,1,0,1,0,1,0,1
*Claus,dog,Miniature Schnauzer/Yorkshire Terrier,young,White,Friendly; Energetic; Playful,apartment,high,first_time,1,1,0_3,Energetic; Affectionate,1,0,0,0,0,1,1,0,1,1,1,0,0,0,1,0,0,1,0,0,0,0.408248,0,0,0,1,0,0,0,1,0,1,0,1,0,1,0,0,0,1
Mika,dog,Shih Tzu Mix,adult,White,Friendly; Calm; Affectionate,house_with_yard,high,first_time,1,0,4_7,Friendly,0,1,0,0,0,1,1,0,1,0,0,1,0,0,1,0,0,0,1,0,0,0.57735,1,1,0,0,0,0,0,0,0,1,1,0,0,0,0,1,0,1
Amore,cat,Domestic Shorthair Mix,kitten_puppy,Black,Energetic; Playful; Affectionate,apartment,moderate,first_time,0,1,8_plus,Shy; Calm,1,0,0,0,1,0,1,0,0,1,0,0,1,0,0,1,1,0,0,0,0,0.0,0,0,1,0,1,0,0,0,0,0,0,1,0,1,0,1,0,0
Tawney,dog,Australian Cattle Dog Mix,kitten_puppy,White,Friendly; Energetic; Playful,house_with_yard,high,experienced,1,0,8_plus,Independent; Calm; Energetic,0,1,0,0,0,1,0,1,1,0,0,0,1,0,1,0,1,0,0,0,0,0.333333,0,0,1,1,0,0,1,0,0,1,0,1,0,1,0,0,0,1
Rita,cat,Domestic Longhair Mix,adult,Tricolor,Calm; Independent; Affectionate,apartment,high,experienced,1,1,0_3,Calm,1,0,0,0,0,1,0,1,1,1,1,0,0,0,0,1,0,0,1,0,0,0.57735,0,0,1,0,0,0,0,0,0,0,1,0,0,0,1,1,0,1
*Princess,dog,Labrador Retriever Mix,kitten_puppy,Black,Friendly; Energetic; Playful; Affectionate,house_with_yard,high,experienced,1,1,0_3,Affectionate,0,1,0,0,0,1,0,1,1,1,1,0,0,0,1,0,1,0,0,0,0,0.5,0,0,0,0,0,0,0,1,0,1,0,1,0,1,0,1,0,1
Margot,cat,Siamese Mix,adult,Tricolor,Calm; Playful; Independent; Affectionate,apartment,moderate,experienced,0,1,4_7,Energetic,1,0,0,0,1,0,0,1,0,1,0,1,0,0,0,1,0,0,1,0,0,0.0,0,0,0,1,0,0,0,0,0,0,1,0,0,1,1,1,0,1
Ulia,cat,Domestic Shorthair Mix,kitten_puppy,Black,Energetic; Playful; Affectionate,apartment,moderate,first_time,1,0,4_7,Friendly,1,0,0,0,1,0,1,0,1,0,0,1,0,0,0,1,1,0,0,0,0,0.0,1,1,0,0,0,0,0,0,0,0,0,1,0,1,0,1,0,1
*Ellie,dog,Chihuahua Shorthair Mix,kitten_puppy,Black,Friendly; Calm; Energetic; Playful; Affectionate,house_with_yard,relaxed,experienced,0,1,8_plus,Playful; Calm; Independent,0,1,0,1,0,0,0,1,0,1,0,0,1,0,1,0,1,0,0,0,0,0.516398,1,0,1,0,0,1,1,0,0,1,1,1,0,1,0,1,0,1
Josephine,dog,Labrador Retriever Mix,adult,Black,Friendly; Playful; Affectionate,house_with_yard,relaxed,experienced,1,0,4_7,Energetic; Playful; Calm,0,1,0,1,0,0,0,1,1,0,0,1,0,0,1,0,0,0,1,0,0,0.333333,0,0,1,1,0,1,0,0,0,1,0,0,0,1,0,1,0,1
Shelter Rescue,dog,Catahoula Mix,kitten_puppy,Brown,Friendly; Energetic; Playful,house_with_yard,high,experienced,1,1,8_plus,Playful; Energetic; Protective,0,1,0,0,0,1,0,1,1,1,0,0,1,0,1,0,1,0,0,0,0,0.666667,0,0,0,1,0,1,0,0,1,1,0,1,0,1,0,0,0,1
*Sierra,dog,American Pit Bull Terrier Mix,young,White,Friendly; Energetic; Playful,house_with_yard,high,first_time,0,0,8_plus,Friendly,0,1,0,0,0,1,1,0,0,0,0,0,1,0,1,0,0,1,0,0,0,0.57735,0,1,0,0,0,0,0,0,0,1,0,1,0,1,0,0,0,1
Sampson,dog,Rhod Ridgeback Mix,young,Brown,Friendly; Energetic; Playful,house_with_yard,high,experienced,0,0,4_7,Playful,0,1,0,0,0,1,0,1,0,0,0,1,0,0,1,0,0,1,0,0,0,0.57735,0,0,0,0,0,1,0,0,0,1,0,1,0,1,0,0,0,1
Acho,dog,Pit Bull Mix,adult,White,Friendly; Energetic; Affectionate,house_no_yard,high,experienced,0,0,8_plus,Playful,0,0,1,0,0,1,0,1,0,0,0,0,1,0,1,0,0,0,1,0,0,0.0,1,0,0,0,0,1,0,0,0,1,0,1,0,0,0,1,0,1
Shelter Rescue,dog,Yorkshire Terrier Mix,young,Gray,Friendly; Energetic; Playful,house_no_yard,moderate,first_time,0,1,0_3,Protective; Energetic,0,0,1,0,1,0,1,0,0,1,1,0,0,0,1,0,0,1,0,0,0,0.408248,0,0,0,1,0,0,0,0,1,1,0,1,0,1,0,0,0,1
Phil,cat,Domestic Medium Hair Mix,kitten_puppy,Gray,Energetic; Playful; Affectionate,house_with_yard,moderate,experienced,0,0,0_3,Shy; Friendly; Independent,0,1,0,0,1,0,0,1,0,0,1,0,0,0,0,1,1,0,0,0,0,0.0,0,1,0,0,1,0,1,0,0,0,0,1,0,1,0,1,0,1
Louise,cat,Domestic Shorthair Mix,young,Tricolor,Calm; Independent; Affectionate,house_with_yard,high,experienced,1,0,4_7,Affectionate,0,1,0,0,0,1,0,1,1,0,0,1,0,1,0,1,0,1,0,0,0,0.57735,0,0,0,0,0,0,0,1,0,0,1,0,0,0,1,1,0,0
Po,dog,Great Pyrenees/American Bulldog,kitten_puppy,Black,Friendly; Energetic; Playful,apartment,relaxed,experienced,0,1,4_7,Protective,1,0,0,1,0,0,0,1,0,1,0,1,0,0,1,0,1,0,0,0,0,0.0,0,0,0,0,0,0,0,0,1,1,0,1,0,1,0,0,0,0
Shelter Rescue,dog,German Shepherd Mix,kitten_puppy,Black,Friendly; Energetic; Playful; Protective,house_with_yard,moderate,experienced,0,0,8_plus,Playful; Shy; Protective,0,1,0,0,1,0,0,1,0,0,0,0,1,0,1,0,1,0,0,0,0,0.57735,0,0,0,0,1,1,0,0,1,1,0,1,0,1,0,0,1,0
Shelter Rescue,dog,Chihuahua Shorthair,kitten_puppy,Black,Friendly; Calm; Energetic; Playful; Affectionate,apartment,moderate,experienced,1,0,8_plus,Energetic; Affectionate; Independent,1,0,0,0,1,0,0,1,1,0,0,0,1,0,1,0,1,0,0,0,0,0.516398,1,0,0,1,0,0,1,1,0,1,1,1,0,1,0,1,0,1
Shelter Rescue,cat,Domestic Shorthair Mix,kitten_puppy,White,Energetic; Playful; Affectionate,apartment,relaxed,experienced,1,1,0_3,Protective,1,0,0,1,0,0,0,1,1,1,1,0,0,0,0,1,1,0,0,0,0,0.0,1,0,0,0,0,0,0,0,1,0,0,1,0,1,0,1,0,1
*Curlysue,dog,Flat Coat Retriever Mix,senior,Black,Friendly; Calm; Playful; Independent; Affectionate,house_with_yard,moderate,first_time,0,1,0_3,Playful,0,1,0,0,1,0,1,0,0,1,1,0,0,0,1,0,0,0,0,1,0,0.447214,0,0,0,0,0,1,0,0,0,1,1,0,0,1,1,1,0,1
Simon,cat,Snowshoe Mix,kitten_puppy,White,Energetic; Playful; Affectionate,apartment,relaxed,first_time,1,0,8_plus,Energetic,1,0,0,1,0,0,1,0,1,0,0,0,1,0,0,1,1,0,0,0,0,0.57735,1,0,0,1,0,0,0,0,0,0,0,1,0,1,0,1,0,1
Simone,dog,Labrador Retriever Mix,kitten_puppy,Black,Friendly; Energetic; Playful; Affectionate,apartment,moderate,experienced,1,0,0_3,Shy,1,0,0,0,1,0,0,1,1,0,1,0,0,1,1,0,1,0,0,0,0,0.0,0,0,0,0,1,0,0,0,0,1,0,1,0,1,0,1,0,0
*Leilani,dog,Labrador Retriever Mix,adult,White,Friendly; Playful; Affectionate,apartment,high,experienced,0,1,4_7,Friendly,1,0,0,0,0,1,0,1,0,1,0,1,0,1,1,0,0,0,1,0,0,0.57735,0,1,0,0,0,0,0,0,0,1,0,0,0,1,0,1,0,1
*Chewy,dog,Cairn Terrier,kitten_puppy,Brown,Friendly; Energetic; Playful,apartment,high,first_time,1,1,0_3,Friendly; Protective; Independent,1,0,0,0,0,1,1,0,1,1,1,0,0,0,1,0,1,0,0,0,0,0.333333,1,1,0,0,0,0,1,0,1,1,0,1,0,1,0,0,0,1
Rosita,dog,Labrador Retriever Mix,adult,White,Friendly; Playful; Affectionate,house_with_yard,relaxed,experienced,0,0,4_7,Calm; Friendly; Protective,0,1,0,1,0,0,0,1,0,0,0,1,0,0,1,0,0,0,1,0,0,0.333333,0,1,1,0,0,0,0,0,1,1,0,0,0,1,0,1,0,1
Logan,dog,Yorkshire Terrier,young,Black,Friendly; Energetic; Playful,apartment,moderate,experienced,0,1,0_3,Energetic; Playful; Protective,1,0,0,0,1,0,0,1,0,1,1,0,0,0,1,0,0,1,0,0,0,0.666667,0,0,0,1,0,1,0,0,1,1,0,1,0,1,0,0,0,0
Luna,cat,Domestic Shorthair Mix,kitten_puppy,Black,Energetic; Playful; Affectionate,house_with_yard,moderate,first_time,0,1,0_3,Playful,0,1,0,0,1,0,1,0,0,1,1,0,0,0,0,1,1,0,0,0,0,0.57735,1,0,0,0,0,1,0,0,0,0,0,1,0,1,0,1,0,1
Maggie,dog,Australian Cattle Dog Mix,young,White,Friendly; Energetic; Playful,house_no_yard,relaxed,first_time,0,0,0_3,Friendly,0,0,1,1,0,0,1,0,0,0,1,0,0,0,1,0,0,1,0,0,0,0.57735,0,1,0,0,0,0,0,0,0,1,0,1,0,1,0,0,0,1
Ziggy,dog,Miniature Poodle Mix,senior,White,Friendly; Calm; Playful; Independent; Affectionate,apartment,moderate,experienced,1,1,8_plus,Independent; Friendly,1,0,0,0,1,0,0,1,1,1,0,0,1,0,1,0,0,0,0,1,0,0.632456,0,1,0,0,0,0,1,0,0,1,1,0,0,1,1,1,0,1
Jobbin,dog,Greyhound Mix,senior,Black,Friendly; Calm; Energetic; Independent; Affectionate,house_with_yard,relaxed,experienced,0,1,4_7,Affectionate; Friendly,0,1,0,1,0,0,0,1,0,1,0,1,0,0,1,0,0,0,0,1,0,0.632456,1,1,0,0,0,0,0,1,0,1,1,1,0,0,1,1,0,1
*Baron,dog,German Shepherd Mix,young,Tricolor,Friendly; Energetic; Playful; Protective,house_no_yard,high,experienced,0,0,4_7,Shy; Calm; Friendly,0,0,1,0,0,1,0,1,0,0,0,1,0,1,1,0,0,1,0,0,0,0.288675,0,1,1,0,1,0,0,0,0,1,0,1,0,1,0,0,1,1
Shelter Rescue,cat,Domestic Shorthair Mix,senior,Black,Calm; Independent,house_with_yard,moderate,first_time,0,1,4_7,Playful; Friendly,0,1,0,0,1,0,1,0,0,1,0,1,0,0,0,1,0,0,0,1,0,0.0,0,1,0,0,0,1,0,0,0,0,1,0,0,0,1,0,0,0
Marley,cat,Domestic Shorthair Mix,kitten_puppy,White,Energetic; Playful; Affectionate,apartment,relaxed,experienced,1,0,0_3,Independent,1,0,0,1,0,0,0,1,1,0,1,0,0,0,0,1,1,0,0,0,0,0.0,0,0,0,0,0,0,1,0,0,0,0,1,0,1,0,1,0,1
Bailey,dog,Doberman Pinsch Mix,kitten_puppy,Black,Friendly; Energetic; Playful,apartment,relaxed,experienced,1,0,8_plus,Friendly,1,0,0,1,0,0,0,1,1,0,0,0,1,0,1,0,1,0,0,0,0,0.57735,1,1,0,0,0,0,0,0,0,1,0,1,0,1,0,0,0,0
*Pasqual,cat,Domestic Longhair Mix,kitten_puppy,Black,Energetic; Playful; Affectionate,house_no_yard,high,first_time,1,1,4_7,Friendly,0,0,1,0,0,1,1,0,1,1,0,1,0,0,0,1,1,0,0,0,0,0.0,1,1,0,0,0,0,0,0,0,0,0,1,0,1,0,1,0,1
Shadow,dog,German Shepherd Mix,adult,Brown,Friendly; Energetic; Affectionate; Protective,house_no_yard,moderate,first_time,1,0,4_7,Friendly; Calm,0,0,1,0,1,0,1,0,1,0,0,1,0,0,1,0,0,0,1,0,0,0.353553,0,1,1,0,0,0,0,0,0,1,0,1,0,0,0,1,1,0
Callie,cat,Domestic Shorthair,young,Tricolor,Calm; Independent; Affectionate,apartment,relaxed,first_time,0,0,8_plus,Protective; Friendly,1,0,0,1,0,0,1,0,0,0,0,0,1,0,0,1,0,1,0,0,0,0.0,0,1,0,0,0,0,0,0,1,0,1,0,0,0,1,1,0,1
Cupcake,dog,Whippet Mix,kitten_puppy,White,Friendly; Energetic; Playful,apartment,high,first_time,0,0,0_3,Friendly; Energetic; Calm,1,0,0,0,0,1,1,0,0,0,1,0,0,0,1,0,1,0,0,0,0,0.666667,0,1,1,1,0,0,0,0,0,1,0,1,0,1,0,0,0,1
Halle,cat,Domestic Shorthair Mix,kitten_puppy,Tricolor,Energetic; Playful; Affectionate,apartment,relaxed,first_time,1,0,8_plus,Protective; Energetic; Affectionate,1,0,0,1,0,0,1,0,1,0,0,0,1,0,0,1,1,0,0,0,0,0.666667,0,0,0,1,0,0,0,1,1,0,0,1,0,1,0,1,0,1
Taffy,dog,Pit Bull Mix,young,White,Friendly; Energetic; Playful,house_with_yard,relaxed,experienced,1,0,8_plus,Calm; Energetic,0,1,0,1,0,0,0,1,1,0,0,0,1,0,1,0,0,1,0,0,0,0.408248,0,0,1,1,0,0,0,0,0,1,0,1,0,1,0,0,0,1
Shelter Rescue,dog,Labrador Retriever Mix,kitten_puppy,Black,Friendly; Energetic; Playful; Affectionate,house_with_yard,moderate,first_time,0,0,0_3,Affectionate,0,1,0,0,1,0,1,0,0,0,1,0,0,0,1,0,1,0,0,0,0,0.5,0,0,0,0,0,0,0,1,0,1,0,1,0,1,0,1,0,1
Sebastian,cat,Domestic Shorthair Mix,kitten_puppy,White,Energetic; Playful; Affectionate,house_with_yard,high,experienced,0,1,8_plus,Affectionate,0,1,0,0,0,1,0,1,0,1,0,0,1,1,0,1,1,0,0,0,0,0.57735,0,0,0,0,0,0,0,1,0,0,0,1,0,1,0,1,0,1
Popcorn,cat,Domestic Shorthair Mix,kitten_puppy,White,Energetic; Playful; Affectionate,apartment,relaxed,first_time,1,0,8_plus,Playful,1,0,0,1,0,0,1,0,1,0,0,0,1,0,0,1,1,0,0,0,0,0.57735,0,0,0,0,0,1,0,0,0,0,0,1,0,1,0,1,0,1
*Juliette,cat,Domestic Shorthair Mix,kitten_puppy,White,Energetic; Playful; Affectionate,house_no_yard,relaxed,experienced,0,0,8_plus,Friendly,0,0,1,1,0,0,0,1,0,0,0,0,1,0,0,1,1,0,0,0,0,0.0,0,1,0,0,0,0,0,0,0,0,0,1,0,1,0,1,0,0
Echo,dog,German Shepherd Mix,kitten_puppy,Black,Friendly; Energetic; Playful; Protective,house_with_yard,high,first_time,0,1,8_plus,Friendly; Shy,0,1,0,0,0,1,1,0,0,1,0,0,1,0,1,0,1,0,0,0,0,0.353553,1,1,0,0,1,0,0,0,0,1,0,1,0,1,0,0,1,1
French Fry,cat,Domestic Shorthair Mix,kitten_puppy,Orange,Energetic; Playful; Affectionate,house_with_yard,moderate,first_time,0,0,4_7,Energetic; Playful,0,1,0,0,1,0,1,0,0,0,0,1,0,0,0,1,1,0,0,0,0,0.816497,0,0,0,1,0,1,0,0,0,0,0,1,0,1,0,1,0,1
Indy,cat,Domestic Medium Hair Mix,young,Black,Calm; Independent; Affectionate,house_no_yard,relaxed,first_time,0,0,4_7,Affectionate,0,0,1,1,0,0,1,0,0,0,0,1,0,1,0,1,0,1,0,0,0,0.57735,0,0,0,0,0,0,0,1,0,0,1,0,0,0,1,1,0,1
Kookie,dog,Chihuahua Shorthair Mix,young,Black,Friendly; Calm; Energetic; Playful; Affectionate,house_no_yard,relaxed,first_time,0,1,8_plus,Friendly; Affectionate; Protective,0,0,1,1,0,0,1,0,0,1,0,0,1,0,1,0,0,1,0,0,0,0.516398,0,1,0,0,0,0,0,1,1,1,1,1,0,1,0,1,0,1
Shelter Rescue,dog,Plott Hound Mix,kitten_puppy,Black,Friendly; Energetic; Playful,house_no_yard,relaxed,experienced,0,0,4_7,Friendly; Affectionate,0,0,1,1,0,0,0,1,0,0,0,1,0,0,1,0,1,0,0,0,0,0.408248,0,1,0,0,0,0,0,1,0,1,0,1,0,1,0,0,0,0
*Bran,cat,Domestic Shorthair Mix,kitten_puppy,Tabby,Energetic; Playful; Affectionate,apartment,relaxed,experienced,1,0,4_7,Playful,1,0,0,1,0,0,0,1,1,0,0,1,0,0,0,1,1,0,0,0,0,0.57735,0,0,0,0,0,1,0,0,0,0,0,1,0,1,0,1,0,1
Sophia,dog,Labrador Retriever Mix,kitten_puppy,Brown,Friendly; Energetic; Playful; Affectionate,house_with_yard,high,first_time,0,0,0_3,Shy; Friendly,0,1,0,0,0,1,1,0,0,0,1,0,0,0,1,0,1,0,0,0,0,0.353553,0,1,0,0,1,0,0,0,0,1,0,1,0,1,0,1,0,1
Shelter Rescue,cat,Domestic Shorthair Mix,kitten_puppy,Tabby,Energetic; Playful; Affectionate,apartment,high,first_time,0,0,4_7,Independent; Calm,1,0,0,0,0,1,1,0,0,0,0,1,0,0,0,1,1,0,0,0,0,0.0,0,0,1,0,0,0,1,0,0,0,0,1,0,1,0,1,0,1
Domino,dog,Bull Terrier Mix,young,Black,Friendly; Energetic; Playful,house_with_yard,moderate,first_time,1,0,4_7,Playful; Protective; Energetic,0,1,0,0,1,0,1,0,1,0,0,1,0,0,1,0,0,1,0,0,0,0.666667,0,0,0,1,0,1,0,0,1,1,0,1,0,1,0,0,0,1
Blu,dog,Pit Bull Mix,young,Gray,Friendly; Energetic; Playful,house_no_yard,high,experienced,0,1,4_7,Affectionate; Protective; Friendly,0,0,1,0,0,1,0,1,0,1,0,1,0,0,1,0,0,1,0,0,0,0.333333,0,1,0,0,0,0,0,1,1,1,0,1,0,1,0,0,0,1
*Yoakum,cat,Domestic Shorthair Mix,kitten_puppy,Gray,Energetic; Playful; Affectionate,house_no_yard,moderate,experienced,0,0,0_3,Protective,0,0,1,0,1,0,0,1,0,0,1,0,0,0,0,1,1,0,0,0,0,0.0,0,0,0,0,0,0,0,0,1,0,0,1,0,1,0,1,0,0
*Simon,cat,Siamese Mix,kitten_puppy,Brown,Energetic; Playful; Affectionate,house_with_yard,relaxed,experienced,1,0,8_plus,Calm,0,1,0,1,0,0,0,1,1,0,0,0,1,0,0,1,1,0,0,0,0,0.0,0,0,1,0,0,0,0,0,0,0,0,1,0,1,0,1,0,0
*Jack,dog,Boxer Mix,kitten_puppy,White,Friendly; Energetic; Playful,house_no_yard,relaxed,first_time,1,0,0_3,Shy; Friendly,0,0,1,1,0,0,1,0,1,0,1,0,0,1,1,0,1,0,0,0,0,0.408248,0,1,0,0,1,0,0,0,0,1,0,1,0,1,0,0,0,1
*Pearl,dog,Pit Bull,young,White,Friendly; Energetic; Playful,apartment,high,experienced,1,1,0_3,Calm; Affectionate; Playful,1,0,0,0,0,1,0,1,1,1,1,0,0,0,1,0,0,1,0,0,0,0.333333,0,0,1,0,0,1,0,1,0,1,0,1,0,1,0,0,0,1
Buddy,dog,German Shepherd Mix,young,Black,Friendly; Energetic; Playful; Protective,house_no_yard,relaxed,experienced,1,1,4_7,Energetic,0,0,1,1,0,0,0,1,1,1,0,1,0,0,1,0,0,1,0,0,0,0.5,0,0,0,1,0,0,0,0,0,1,0,1,0,1,0,0,1,1
Gus,dog,Chihuahua Longhair Mix,adult,Black,Friendly; Calm; Affectionate,house_no_yard,high,experienced,0,0,0_3,Independent; Playful,0,0,1,0,0,1,0,1,0,0,1,0,0,0,1,0,0,0,1,0,0,0.0,0,0,0,0,0,1,1,0,0,1,1,0,0,0,0,1,0,0
Griz,dog,Blue Lacy Mix,young,Gray,Friendly; Energetic; Playful,apartment,moderate,first_time,0,0,0_3,Shy; Playful; Calm,1,0,0,0,1,0,1,0,0,0,1,0,0,0,1,0,0,1,0,0,0,0.333333,0,0,1,0,1,1,0,0,0,1,0,1,0,1,0,0,0,0
*Shirley,dog,Collie Rough Mix,young,White,Friendly; Energetic; Playful,house_with_yard,high,first_time,0,0,8_plus,Calm; Independent; Affectionate,0,1,0,0,0,1,1,0,0,0,0,0,1,0,1,0,0,1,0,0,0,0.0,1,0,1,0,0,0,1,1,0,1,0,1,0,1,0,0,0,1
*Fiona,dog,Australian Shepherd Mix,kitten_puppy,White,Friendly; Energetic; Playful; Protective,house_no_yard,high,first_time,0,1,8_plus,Protective,0,0,1,0,0,1,1,0,0,1,0,0,1,1,1,0,1,0,0,0,0,0.5,0,0,0,0,0,0,0,0,1,1,0,1,0,1,0,0,1,0
Shelter Rescue,dog,Chihuahua Shorthair Mix,kitten_puppy,Brown,Friendly; Calm; Energetic; Playful; Affectionate,apartment,high,first_time,0,0,4_7,Playful; Calm,1,0,0,0,0,1,1,0,0,0,0,1,0,0,1,0,1,0,0,0,0,0.632456,0,0,1,0,0,1,0,0,0,1,1,1,0,1,0,1,0,1
Shelter Rescue,dog,Border Collie/Labrador Retriever,kitten_puppy,Black,Friendly; Energetic; Playful; Affectionate,house_with_yard,relaxed,first_time,0,1,4_7,Shy; Playful; Friendly,0,1,0,1,0,0,1,0,0,1,0,1,0,1,1,0,1,0,0,0,0,0.57735,0,1,0,0,1,1,0,0,0,1,0,1,0,1,0,1,0,1
Lily,dog,Dachshund Mix,young,Black,Friendly; Calm; Energetic; Playful; Affectionate,house_no_yard,high,first_time,1,1,4_7,Independent; Energetic,0,0,1,0,0,1,1,0,1,1,0,1,0,1,1,0,0,1,0,0,0,0.316228,0,0,0,1,0,0,1,0,0,1,1,1,0,1,0,1,0,1
Cody,dog,Chihuahua Shorthair Mix,adult,White,Friendly; Calm; Affectionate,house_with_yard,moderate,first_time,1,1,4_7,Friendly; Protective,0,1,0,0,1,0,1,0,1,1,0,1,0,0,1,0,0,0,1,0,0,0.408248,1,1,0,0,0,0,0,0,1,1,1,0,0,0,0,1,0,1
Nellie Alice,dog,Miniature Schnauzer Mix,adult,Gray,Friendly; Affectionate,house_no_yard,moderate,experienced,0,0,4_7,Protective; Friendly,0,0,1,0,1,0,0,1,0,0,0,1,0,1,1,0,0,0,1,0,0,0.5,0,1,0,0,0,0,0,0,1,1,0,0,0,0,0,1,0,0
Severus,dog,Anatol Shepherd Mix,young,Black,Friendly; Energetic; Playful; Protective,apartment,high,experienced,0,0,4_7,Calm; Friendly,1,0,0,0,0,1,0,1,0,0,0,1,0,1,1,0,0,1,0,0,0,0.353553,1,1,1,0,0,0,0,0,0,1,0,1,0,1,0,0,1,0
*Daffodil,dog,Cairn Terrier Mix,kitten_puppy,Brown,Friendly; Energetic; Playful,apartment,relaxed,first_time,1,0,8_plus,Protective; Affectionate,1,0,0,1,0,0,1,0,1,0,0,0,1,1,1,0,1,0,0,0,0,0.0,0,0,0,0,0,0,0,1,1,1,0,1,0,1,0,0,0,0
Gitzo,dog,Rhod Ridgeback,young,White,Friendly; Energetic; Playful,apartment,relaxed,experienced,0,0,0_3,Calm; Playful; Independent,1,0,0,1,0,0,0,1,0,0,1,0,0,1,1,0,0,1,0,0,0,0.333333,0,0,1,0,0,1,1,0,0,1,0,1,0,1,0,0,0,0
Rikki Tikki,cat,Domestic Shorthair Mix,kitten_puppy,Orange,Energetic; Playful; Affectionate,apartment,relaxed,experienced,0,1,8_plus,Calm,1,0,0,1,0,0,0,1,0,1,0,0,1,1,0,1,1,0,0,0,0,0.0,1,0,1,0,0,0,0,0,0,0,0,1,0,1,0,1,0,0
*Tinkerbell,dog,Pit Bull Mix,adult,Black,Friendly; Energetic; Affectionate,house_no_yard,moderate,first_time,0,1,4_7,Independent,0,0,1,0,1,0,1,0,0,1,0,1,0,0,1,0,0,0,1,0,0,0.0,1,0,0,0,0,0,1,0,0,1,0,1,0,0,0,1,0,1
Sage,dog,Pit Bull Mix,young,White,Friendly; Energetic; Playful,house_with_yard,high,experienced,0,0,8_plus,Energetic; Shy; Calm,0,1,0,0,0,1,0,1,0,0,0,0,1,0,1,0,0,1,0,0,0,0.333333,0,0,1,1,1,0,0,0,0,1,0,1,0,1,0,0,0,1
Shelter Rescue,cat,Domestic Shorthair Mix,kitten_puppy,Orange,Energetic; Playful; Affectionate,house_with_yard,high,experienced,0,0,0_3,Shy; Calm,0,1,0,0,0,1,0,1,0,0,1,0,0,0,0,1,1,0,0,0,0,0.0,0,0,1,0,1,0,0,0,0,0,0,1,0,1,0,1,0,1
Gracie,cat,Domestic Shorthair Mix,kitten_puppy,Gray,Energetic; Playful; Affectionate,house_no_yard,relaxed,experienced,0,1,4_7,Calm; Energetic,0,0,1,1,0,0,0,1,0,1,0,1,0,1,0,1,1,0,0,0,0,0.408248,0,0,1,1,0,0,0,0,0,0,0,1,0,1,0,1,0,0
Oliver,dog,Border Collie Mix,kitten_puppy,Black,Friendly; Energetic; Playful,apartment,relaxed,first_time,1,0,4_7,Energetic,1,0,0,1,0,0,1,0,1,0,0,1,0,0,1,0,1,0,0,0,0,0.57735,0,0,0,1,0,0,0,0,0,1,0,1,0,1,0,0,0,1
*Molly,cat,Domestic Shorthair Mix,kitten_puppy,White,Energetic; Playful; Affectionate,apartment,relaxed,first_time,0,1,4_7,Protective; Energetic,1,0,0,1,0,0,1,0,0,1,0,1,0,0,0,1,1,0,0,0,0,0.408248,0,0,0,1,0,0,0,0,1,0,0,1,0,1,0,1,0,1
Panda,dog,Catahoula Mix,kitten_puppy,Black,Friendly; Energetic; Playful,apartment,relaxed,experienced,0,0,0_3,Friendly; Energetic,1,0,0,1,0,0,0,1,0,0,1,0,0,1,1,0,1,0,0,0,0,0.816497,0,1,0,1,0,0,0,0,0,1,0,1,0,1,0,0,0,1
Nacho,dog,Cocker Spaniel Mix,young,Orange,Friendly; Energetic; Playful; Affectionate,apartment,high,experienced,0,1,4_7,Calm,1,0,0,0,0,1,0,1,0,1,0,1,0,0,1,0,0,1,0,0,0,0.0,0,0,1,0,0,0,0,0,0,1,0,1,0,1,0,1,0,0
*Agnes,cat,Domestic Shorthair Mix,kitten_puppy,Tabby,Energetic; Playful; Affectionate,house_no_yard,relaxed,first_time,0,0,0_3,Shy; Protective; Calm,0,0,1,1,0,0,1,0,0,0,1,0,0,0,0,1,1,0,0,0,0,0.0,1,0,1,0,1,0,0,0,1,0,0,1,0,1,0,1,0,0
*Tomatillo,dog,Chihuahua Shorthair/Miniature Pinscher,young,White,Friendly; Calm; Energetic; Playful; Affectionate,house_with_yard,high,experienced,1,0,0_3,Calm,0,1,0,0,0,1,0,1,1,0,1,0,0,0,1,0,0,1,0,0,0,0.447214,0,0,1,0,0,0,0,0,0,1,1,1,0,1,0,1,0,1
Suzie,dog,Labrador Retriever Mix,adult,Brown,Friendly; Playful; Affectionate,house_with_yard,moderate,experienced,0,1,0_3,Protective; Calm,0,1,0,0,1,0,0,1,0,1,1,0,0,0,1,0,0,0,1,0,0,0.0,0,0,1,0,0,0,0,0,1,1,0,0,0,1,0,1,0,1
*Chester,dog,Dachshund Mix,adult,Brown,Friendly; Calm; Affectionate,apartment,relaxed,first_time,0,0,4_7,Independent; Friendly; Energetic,1,0,0,1,0,0,1,0,0,0,0,1,0,0,1,0,0,0,1,0,0,0.333333,0,1,0,1,0,0,1,0,0,1,1,0,0,0,0,1,0,1
Tito,dog,Boxer Mix,kitten_puppy,Black,Friendly; Energetic; Playful,house_no_yard,relaxed,experienced,0,1,4_7,Energetic,0,0,1,1,0,0,0,1,0,1,0,1,0,0,1,0,1,0,0,0,0,0.57735,1,0,0,1,0,0,0,0,0,1,0,1,0,1,0,0,0,1
Shelter Rescue,cat,Domestic Shorthair Mix,kitten_puppy,Black,Energetic; Playful; Affectionate,house_with_yard,high,experienced,0,0,4_7,Protective; Playful; Shy,0,1,0,0,0,1,0,1,0,0,0,1,0,0,0,1,1,0,0,0,0,0.333333,0,0,0,0,1,1,0,0,1,0,0,1,0,1,0,1,0,1
*Bogie,dog,Staffordshire Mix,young,White,Friendly; Energetic; Playful,house_with_yard,relaxed,experienced,0,1,0_3,Shy,0,1,0,1,0,0,0,1,0,1,1,0,0,0,1,0,0,1,0,0,0,0.0,0,0,0,0,1,0,0,0,0,1,0,1,0,1,0,0,0,1
Petey,dog,American Bulldog,adult,Black,Friendly; Energetic; Affectionate,house_with_yard,high,experienced,1,0,0_3,Calm; Shy,0,1,0,0,0,1,0,1,1,0,1,0,0,0,1,0,0,0,1,0,0,0.0,0,0,1,0,1,0,0,0,0,1,0,1,0,0,0,1,0,1
*Theodore,cat,Domestic Shorthair Mix,kitten_puppy,Orange,Energetic; Playful; Affectionate,house_no_yard,moderate,experienced,1,1,0_3,Protective; Playful; Affectionate,0,0,1,0,1,0,0,1,1,1,1,0,0,0,0,1,1,0,0,0,0,0.666667,0,0,0,0,0,1,0,1,1,0,0,1,0,1,0,1,0,1
Shelter Rescue,cat,Domestic Medium Hair Mix,kitten_puppy,White,Energetic; Playful; Affectionate,house_no_yard,relaxed,experienced,0,0,0_3,Shy; Affectionate; Friendly,0,0,1,1,0,0,0,1,0,0,1,0,0,0,0,1,1,0,0,0,0,0.333333,1,1,0,0,1,0,0,1,0,0,0,1,0,1,0,1,0,1
Rufus,dog,Basset Hound/Labrador Retriever,young,White,Friendly; Energetic; Playful; Affectionate,house_no_yard,high,experienced,1,1,4_7,Independent; Energetic,0,0,1,0,0,1,0,1,1,1,0,1,0,0,1,0,0,1,0,0,0,0.353553,1,0,0,1,0,0,1,0,0,1,0,1,0,1,0,1,0,1
*Gypsy,cat,Domestic Shorthair Mix,kitten_puppy,Black,Energetic; Playful; Affectionate,apartment,moderate,experienced,0,0,0_3,Affectionate,1,0,0,0,1,0,0,1,0,0,1,0,0,0,0,1,1,0,0,0,0,0.57735,1,0,0,0,0,0,0,1,0,0,0,1,0,1,0,1,0,1
*Pepper,cat,Domestic Shorthair Mix,kitten_puppy,Gray,Energetic; Playful; Affectionate,apartment,moderate,first_time,1,1,0_3,Playful; Energetic; Friendly,1,0,0,0,1,0,1,0,1,1,1,0,0,0,0,1,1,0,0,0,0,0.666667,1,1,0,1,0,1,0,0,0,0,0,1,0,1,0,1,0,1
Ginger,dog,Australian Cattle Dog Mix,kitten_puppy,Orange,Friendly; Energetic; Playful,apartment,high,first_time,1,0,0_3,Shy; Independent; Friendly,1,0,0,0,0,1,1,0,1,0,1,0,0,1,1,0,1,0,0,0,0,0.333333,1,1,0,0,1,0,1,0,0,1,0,1,0,1,0,0,0,1
Shelter Rescue,cat,Domestic Shorthair Mix,kitten_puppy,Tabby,Energetic; Playful; Affectionate,house_no_yard,relaxed,first_time,1,0,0_3,Protective; Playful; Calm,0,0,1,1,0,0,1,0,1,0,1,0,0,0,0,1,1,0,0,0,0,0.333333,0,0,1,0,0,1,0,0,1,0,0,1,0,1,0,1,0,1
Shelter Rescue,dog,Jack Russell Terrier/Chihuahua Shorthair,young,Black,Friendly; Calm; Energetic; Playful; Affectionate,apartment,high,first_time,0,1,8_plus,Calm; Energetic,1,0,0,0,0,1,1,0,0,1,0,0,1,1,1,0,0,1,0,0,0,0.632456,0,0,1,1,0,0,0,0,0,1,1,1,0,1,0,1,0,1
Shelter Rescue,dog,Chihuahua Shorthair Mix,young,Black,Friendly; Calm; Energetic; Playful; Affectionate,apartment,relaxed,first_time,0,0,4_7,Energetic; Protective,1,0,0,1,0,0,1,0,0,0,0,1,0,0,1,0,0,1,0,0,0,0.316228,0,0,0,1,0,0,0,0,1,1,1,1,0,1,0,1,0,1
*Mitch,dog,Australian Cattle Dog/Labrador Retriever,kitten_puppy,White,Friendly; Energetic; Playful; Affectionate,apartment,high,first_time,1,0,0_3,Playful; Independent; Affectionate,1,0,0,0,0,1,1,0,1,0,1,0,0,0,1,0,1,0,0,0,0,0.57735,0,0,0,0,0,1,1,1,0,1,0,1,0,1,0,1,0,1
*Finnegan,cat,Domestic Shorthair Mix,kitten_puppy,Black,Energetic; Playful; Affectionate,house_with_yard,moderate,experienced,0,0,0_3,Energetic; Protective,0,1,0,0,1,0,0,1,0,0,1,0,0,0,0,1,1,0,0,0,0,0.408248,0,0,0,1,0,0,0,0,1,0,0,1,0,1,0,1,0,1
*Indigo,cat,Domestic Longhair Mix,kitten_puppy,White,Energetic; Playful; Affectionate,apartment,high,experienced,1,1,4_7,Calm,1,0,0,0,0,1,0,1,1,1,0,1,0,0,0,1,1,0,0,0,0,0.0,0,0,1,0,0,0,0,0,0,0,0,1,0,1,0,1,0,1
Chunky,dog,Pit Bull Mix,adult,White,Friendly; Energetic; Affectionate,house_no_yard,high,experienced,1,1,8_plus,Affectionate,0,0,1,0,0,1,0,1,1,1,0,0,1,1,1,0,0,0,1,0,0,0.57735,0,0,0,0,0,0,0,1,0,1,0,1,0,0,0,1,0,1
*Sandy,dog,Finnish Spitz Mix,young,Brown,Friendly; Energetic; Playful,house_with_yard,relaxed,first_time,1,1,8_plus,Affectionate,0,1,0,1,0,0,1,0,1,1,0,0,1,1,1,0,0,1,0,0,0,0.0,0,0,0,0,0,0,0,1,0,1,0,1,0,1,0,0,0,1
*Jonas,dog,Great Pyrenees Mix,kitten_puppy,Brown,Friendly; Energetic; Playful,house_with_yard,moderate,first_time,0,1,4_7,Independent; Affectionate; Energetic,0,1,0,0,1,0,1,0,0,1,0,1,0,0,1,0,1,0,0,0,0,0.333333,1,0,0,1,0,0,1,1,0,1,0,1,0,1,0,0,0,1
Shelter Rescue,dog,Queensland Heeler Mix,kitten_puppy,Black,Friendly; Energetic; Playful,house_with_yard,high,first_time,1,0,0_3,Energetic; Calm; Friendly,0,1,0,0,0,1,1,0,1,0,1,0,0,0,1,0,1,0,0,0,0,0.666667,0,1,1,1,0,0,0,0,0,1,0,1,0,1,0,0,0,1
Rylie,dog,Pit Bull Mix,young,White,Friendly; Energetic; Playful,house_with_yard,moderate,experienced,0,1,4_7,Friendly; Independent; Shy,0,1,0,0,1,0,0,1,0,1,0,1,0,0,1,0,0,1,0,0,0,0.333333,1,1,0,0,1,0,1,0,0,1,0,1,0,1,0,0,0,1
*Gage,cat,Domestic Shorthair Mix,kitten_puppy,Gray,Energetic; Playful; Affectionate,apartment,high,first_time,0,1,0_3,Playful; Shy,1,0,0,0,0,1,1,0,0,1,1,0,0,0,0,1,1,0,0,0,0,0.408248,0,0,0,0,1,1,0,0,0,0,0,1,0,1,0,1,0,1
Charlie,dog,German Shepherd,young,Black,Friendly; Energetic; Playful; Protective,house_with_yard,high,first_time,1,0,8_plus,Independent; Shy; Friendly,0,1,0,0,0,1,1,0,1,0,0,0,1,0,1,0,0,1,0,0,0,0.288675,0,1,0,0,1,0,1,0,0,1,0,1,0,1,0,0,1,1
Lady Bug,dog,Pit Bull Mix,senior,Orange,Friendly; Calm; Energetic; Independent; Affectionate,house_no_yard,moderate,experienced,1,0,0_3,Friendly,0,0,1,0,1,0,0,1,1,0,1,0,0,0,1,0,0,0,0,1,0,0.447214,0,1,0,0,0,0,0,0,0,1,1,1,0,0,1,1,0,1
Piper,dog,Labrador Retriever Mix,young,Black,Friendly; Energetic; Playful; Affectionate,house_with_yard,high,first_time,1,0,4_7,Independent; Calm; Protective,0,1,0,0,0,1,1,0,1,0,0,1,0,1,1,0,0,1,0,0,0,0.0,1,0,1,0,0,0,1,0,1,1,0,1,0,1,0,1,0,1
Bella,cat,Domestic Shorthair Mix,kitten_puppy,White,Energetic; Playful; Affectionate,apartment,high,first_time,0,1,4_7,Affectionate,1,0,0,0,0,1,1,0,0,1,0,1,0,0,0,1,1,0,0,0,0,0.57735,0,0,0,0,0,0,0,1,0,0,0,1,0,1,0,1,0,1
*Sassy Fran,cat,Domestic Shorthair Mix,kitten_puppy,Brown,Energetic; Playful; Affectionate,house_with_yard,relaxed,experienced,0,0,4_7,Calm; Independent,0,1,0,1,0,0,0,1,0,0,0,1,0,0,0,1,1,0,0,0,0,0.0,0,0,1,0,0,0,1,0,0,0,0,1,0,1,0,1,0,0
*Sid,dog,Siberian Husky Mix,young,Black,Friendly; Energetic; Playful,house_no_yard,relaxed,experienced,0,0,8_plus,Friendly,0,0,1,1,0,0,0,1,0,0,0,0,1,0,1,0,0,1,0,0,0,0.57735,0,1,0,0,0,0,0,0,0,1,0,1,0,1,0,0,0,0
Benny,cat,Domestic Shorthair Mix,adult,Black,Calm; Independent; Affectionate,house_no_yard,high,experienced,0,0,8_plus,Independent,0,0,1,0,0,1,0,1,0,0,0,0,1,1,0,1,0,0,1,0,0,0.57735,1,0,0,0,0,0,1,0,0,0,1,0,0,0,1,1,0,1
*Buddy,dog,Border Collie/Labrador Retriever,adult,Black,Friendly; Energetic; Playful; Affectionate,house_with_yard,relaxed,first_time,0,0,4_7,Independent; Playful,0,1,0,1,0,0,1,0,0,0,0,1,0,0,1,0,0,0,1,0,0,0.353553,0,0,0,0,0,1,1,0,0,1,0,1,0,1,0,1,0,1
*Franky,cat,Domestic Shorthair Mix,kitten_puppy,White,Energetic; Playful; Affectionate,apartment,high,first_time,1,1,8_plus,Affectionate,1,0,0,0,0,1,1,0,1,1,0,0,1,0,0,1,1,0,0,0,0,0.57735,0,0,0,0,0,0,0,1,0,0,0,1,0,1,0,1,0,1
Shelter Rescue,dog,Miniature Poodle Mix,young,Black,Friendly; Energetic; Playful; Affectionate,house_with_yard,high,first_time,0,0,4_7,Calm,0,1,0,0,0,1,1,0,0,0,0,1,0,0,1,0,0,1,0,0,0,0.0,0,0,1,0,0,0,0,0,0,1,0,1,0,1,0,1,0,1
Angel,dog,Miniature Poodle Mix,young,White,Friendly; Energetic; Playful; Affectionate,apartment,moderate,first_time,1,0,0_3,Friendly; Calm,1,0,0,0,1,0,1,0,1,0,1,0,0,0,1,0,0,1,0,0,0,0.353553,1,1,1,0,0,0,0,0,0,1,0,1,0,1,0,1,0,1
Shelter Rescue,dog,Yorkshire Terrier Mix,kitten_puppy,Black,Friendly; Energetic; Playful,apartment,high,experienced,0,1,8_plus,Independent,1,0,0,0,0,1,0,1,0,1,0,0,1,0,1,0,1,0,0,0,0,0.0,0,0,0,0,0,0,1,0,0,1,0,1,0,1,0,0,0,0
Ella,dog,Pit Bull Mix,young,White,Friendly; Energetic; Playful,apartment,moderate,first_time,0,1,0_3,Calm,1,0,0,0,1,0,1,0,0,1,1,0,0,0,1,0,0,1,0,0,0,0.0,0,0,1,0,0,0,0,0,0,1,0,1,0,1,0,0,0,0
*Fred,dog,Labrador Retriever Mix,kitten_puppy,White,Friendly; Energetic; Playful; Affectionate,house_with_yard,high,first_time,0,0,4_7,Shy; Playful; Friendly,0,1,0,0,0,1,1,0,0,0,0,1,0,0,1,0,1,0,0,0,0,0.57735,1,1,0,0,1,1,0,0,0,1,0,1,0,1,0,1,0,1
Wendy,dog,Dachshund Mix,adult,Brown,Friendly; Calm; Affectionate,house_with_yard,high,first_time,0,0,0_3,Playful; Shy; Affectionate,0,1,0,0,0,1,1,0,0,0,1,0,0,0,1,0,0,0,1,0,0,0.333333,1,0,0,0,1,1,0,1,0,1,1,0,0,0,0,1,0,1
*Humphrey,dog,Australian Kelpie Mix,kitten_puppy,Black,Friendly; Energetic; Playful,house_with_yard,moderate,experienced,0,1,8_plus,Shy; Energetic,0,1,0,0,1,0,0,1,0,1,0,0,1,0,1,0,1,0,0,0,0,0.408248,0,0,0,1,1,0,0,0,0,1,0,1,0,1,0,0,0,0
Dani,dog,Pit Bull Mix,young,Brown,Friendly; Energetic; Playful,house_no_yard,moderate,experienced,1,0,0_3,Calm; Shy; Energetic,0,0,1,0,1,0,0,1,1,0,1,0,0,0,1,0,0,1,0,0,0,0.333333,0,0,1,1,1,0,0,0,0,1,0,1,0,1,0,0,0,0
Bella,cat,Domestic Shorthair Mix,adult,Tabby,Calm; Independent; Affectionate,house_no_yard,high,first_time,1,1,0_3,Friendly; Affectionate; Playful,0,0,1,0,0,1,1,0,1,1,1,0,0,0,0,1,0,0,1,0,0,0.333333,0,1,0,0,0,1,0,1,0,0,1,0,0,0,1,1,0,1
Lorenzo,dog,Chihuahua Shorthair Mix,kitten_puppy,White,Friendly; Calm; Energetic; Playful; Affectionate,apartment,high,first_time,0,1,0_3,Affectionate; Protective; Energetic,1,0,0,0,0,1,1,0,0,1,1,0,0,0,1,0,1,0,0,0,0,0.516398,0,0,0,1,0,0,0,1,1,1,1,1,0,1,0,1,0,1
Estrella,dog,Siberian Husky Mix,senior,Brown,Friendly; Calm; Energetic; Independent; Affectionate,house_with_yard,relaxed,first_time,0,1,4_7,Calm,0,1,0,1,0,0,1,0,0,1,0,1,0,0,1,0,0,0,0,1,0,0.447214,0,0,1,0,0,0,0,0,0,1,1,1,0,0,1,1,0,1
Psycho,cat,Domestic Medium Hair Mix,kitten_puppy,Black,Energetic; Playful; Affectionate,house_with_yard,relaxed,first_time,0,1,0_3,Playful; Calm; Friendly,0,1,0,1,0,0,1,0,0,1,1,0,0,0,0,1,1,0,0,0,0,0.333333,0,1,1,0,0,1,0,0,0,0,0,1,0,1,0,1,0,1
Ace,dog,Miniature Poodle Mix,young,Black,Friendly; Energetic; Playful; Affectionate,house_with_yard,high,first_time,0,0,8_plus,Energetic,0,1,0,0,0,1,1,0,0,0,0,0,1,0,1,0,0,1,0,0,0,0.5,1,0,0,1,0,0,0,0,0,1,0,1,0,1,0,1,0,1
*Tippy,dog,Rat Terrier Mix,kitten_puppy,White,Friendly; Energetic; Playful,house_no_yard,high,first_time,0,1,0_3,Playful,0,0,1,0,0,1,1,0,0,1,1,0,0,0,1,0,1,0,0,0,0,0.57735,1,0,0,0,0,1,0,0,0,1,0,1,0,1,0,0,0,1
Lucrecia,cat,Domestic Shorthair Mix,kitten_puppy,Tabby,Energetic; Playful; Affectionate,apartment,high,experienced,0,0,4_7,Shy; Friendly; Calm,1,0,0,0,0,1,0,1,0,0,0,1,0,0,0,1,1,0,0,0,0,0.0,0,1,1,0,1,0,0,0,0,0,0,1,0,1,0,1,0,1
*Odette,cat,Domestic Shorthair Mix,kitten_puppy,Tricolor,Energetic; Playful; Affectionate,house_with_yard,relaxed,first_time,0,0,4_7,Energetic; Playful; Independent,0,1,0,1,0,0,1,0,0,0,0,1,0,0,0,1,1,0,0,0,0,0.666667,0,0,0,1,0,1,1,0,0,0,0,1,0,1,0,1,0,1
Ayoto,cat,Domestic Shorthair Mix,kitten_puppy,White,Energetic; Playful; Affectionate,house_with_yard,moderate,first_time,1,0,8_plus,Independent,0,1,0,0,1,0,1,0,1,0,0,0,1,1,0,1,1,0,0,0,0,0.0,0,0,0,0,0,0,1,0,0,0,0,1,0,1,0,1,0,0
Shelter Rescue,dog,Border Collie Mix,kitten_puppy,Black,Friendly; Energetic; Playful,apartment,moderate,experienced,0,1,4_7,Affectionate,1,0,0,0,1,0,0,1,0,1,0,1,0,0,1,0,1,0,0,0,0,0.0,0,0,0,0,0,0,0,1,0,1,0,1,0,1,0,0,0,0
*Jello,cat,Domestic Shorthair Mix,kitten_puppy,Tabby,Energetic; Playful; Affectionate,apartment,relaxed,first_time,0,0,4_7,Shy; Calm,1,0,0,1,0,0,1,0,0,0,0,1,0,0,0,1,1,0,0,0,0,0.0,0,0,1,0,1,0,0,0,0,0,0,1,0,1,0,1,0,0
Shelter Rescue,dog,Labrador Retriever Mix,kitten_puppy,White,Friendly; Energetic; Playful; Affectionate,house_with_yard,relaxed,experienced,0,0,0_3,Independent,0,1,0,1,0,0,0,1,0,0,1,0,0,1,1,0,1,0,0,0,0,0.0,1,0,0,0,0,0,1,0,0,1,0,1,0,1,0,1,0,1
Shelter Rescue,dog,Australian Cattle Dog Mix,kitten_puppy,Orange,Friendly; Energetic; Playful,house_no_yard,high,first_time,1,1,0_3,Playful; Affectionate,0,0,1,0,0,1,1,0,1,1,1,0,0,0,1,0,1,0,0,0,0,0.408248,0,0,0,0,0,1,0,1,0,1,0,1,0,1,0,0,0,1
Artemis,dog,Labrador Retriever Mix,adult,Black,Friendly; Playful; Affectionate,house_with_yard,relaxed,experienced,1,1,4_7,Playful; Friendly; Energetic,0,1,0,1,0,0,0,1,1,1,0,1,0,0,1,0,0,0,1,0,0,0.666667,1,1,0,1,0,1,0,0,0,1,0,0,0,1,0,1,0,1
*Rigby,cat,Domestic Shorthair Mix,kitten_puppy,Black,Energetic; Playful; Affectionate,house_with_yard,moderate,first_time,1,1,0_3,Affectionate; Playful,0,1,0,0,1,0,1,0,1,1,1,0,0,0,0,1,1,0,0,0,0,0.816497,1,0,0,0,0,1,0,1,0,0,0,1,0,1,0,1,0,1
Arthur,cat,Domestic Shorthair Mix,young,Orange,Calm; Independent; Affectionate,apartment,relaxed,experienced,0,1,0_3,Energetic; Shy,1,0,0,1,0,0,0,1,0,1,1,0,0,0,0,1,0,1,0,0,0,0.0,0,0,0,1,1,0,0,0,0,0,1,0,0,0,1,1,0,1
*Hudson,dog,Boxer Mix,young,Brown,Friendly; Energetic; Playful,house_no_yard,moderate,first_time,0,0,4_7,Protective,0,0,1,0,1,0,1,0,0,0,0,1,0,0,1,0,0,1,0,0,0,0.0,0,0,0,0,0,0,0,0,1,1,0,1,0,1,0,0,0,0
Pepe,dog,Chow Chow/Australian Cattle Dog,adult,Black,Friendly; Affectionate,house_no_yard,moderate,first_time,0,1,4_7,Shy; Independent; Affectionate,0,0,1,0,1,0,1,0,0,1,0,1,0,1,1,0,0,0,1,0,0,0.408248,0,0,0,0,1,0,1,1,0,1,0,0,0,0,0,1,0,1
Bettie Page,cat,Domestic Shorthair Mix,kitten_puppy,White,Energetic; Playful; Affectionate,apartment,relaxed,experienced,1,1,8_plus,Affectionate; Calm; Protective,1,0,0,1,0,0,0,1,1,1,0,0,1,0,0,1,1,0,0,0,0,0.333333,0,0,1,0,0,0,0,1,1,0,0,1,0,1,0,1,0,1
*Five,cat,Domestic Shorthair Mix,kitten_puppy,Orange,Energetic; Playful; Affectionate,house_with_yard,high,experienced,0,0,4_7,Independent,0,1,0,0,0,1,0,1,0,0,0,1,0,0,0,1,1,0,0,0,0,0.0,0,0,0,0,0,0,1,0,0,0,0,1,0,1,0,1,0,1
Booch,dog,Black/Tan Hound Mix,senior,Black,Friendly; Calm; Energetic; Independent; Affectionate,house_with_yard,high,experienced,0,1,8_plus,Protective,0,1,0,0,0,1,0,1,0,1,0,0,1,1,1,0,0,0,0,1,0,0.0,0,0,0,0,0,0,0,0,1,1,1,1,0,0,1,1,0,1
Shelter Rescue,dog,Pit Bull Mix,kitten_puppy,Brown,Friendly; Energetic; Playful,house_no_yard,high,first_time,1,0,4_7,Protective; Energetic,0,0,1,0,0,1,1,0,1,0,0,1,0,0,1,0,1,0,0,0,0,0.408248,0,0,0,1,0,0,0,0,1,1,0,1,0,1,0,0,0,1
Samantha,dog,German Shepherd Mix,young,Brown,Friendly; Energetic; Playful; Protective,house_with_yard,moderate,first_time,1,1,0_3,Playful; Friendly; Affectionate,0,1,0,0,1,0,1,0,1,1,1,0,0,0,1,0,0,1,0,0,0,0.57735,1,1,0,0,0,1,0,1,0,1,0,1,0,1,0,0,1,1
*Dexter,dog,Boxer Mix,adult,White,Friendly; Energetic; Affectionate,house_with_yard,high,first_time,1,0,0_3,Independent,0,1,0,0,0,1,1,0,1,0,1,0,0,0,1,0,0,0,1,0,0,0.0,1,0,0,0,0,0,1,0,0,1,0,1,0,0,0,1,0,1
Sammy,dog,Pit Bull Mix,young,White,Friendly; Energetic; Playful,house_with_yard,moderate,experienced,0,1,4_7,Friendly; Affectionate; Shy,0,1,0,0,1,0,0,1,0,1,0,1,0,0,1,0,0,1,0,0,0,0.333333,0,1,0,0,1,0,0,1,0,1,0,1,0,1,0,0,0,1
Hannah,cat,Domestic Longhair Mix,adult,Tricolor,Calm; Independent; Affectionate,house_no_yard,high,first_time,0,0,8_plus,Protective; Independent; Shy,0,0,1,0,0,1,1,0,0,0,0,0,1,0,0,1,0,0,1,0,0,0.333333,0,0,0,0,1,0,1,0,1,0,1,0,0,0,1,1,0,1
*Milton,dog,Miniature Poodle Mix,senior,Brown,Friendly; Calm; Playful; Independent; Affectionate,apartment,moderate,first_time,1,1,4_7,Affectionate; Playful; Protective,1,0,0,0,1,0,1,0,1,1,0,1,0,1,1,0,0,0,0,1,0,0.516398,1,0,0,0,0,1,0,1,1,1,1,0,0,1,1,1,0,1
Shelter Rescue,dog,Standard Poodle/Whippet,adult,White,Friendly; Playful; Affectionate,house_with_yard,high,first_time,0,1,4_7,Friendly; Shy,0,1,0,0,0,1,1,0,0,1,0,1,0,0,1,0,0,0,1,0,0,0.408248,0,1,0,0,1,0,0,0,0,1,0,0,0,1,0,1,0,1
*Chambala,cat,Domestic Shorthair Mix,kitten_puppy,Black,Energetic; Playful; Affectionate,apartment,high,first_time,1,0,8_plus,Energetic; Shy; Calm,1,0,0,0,0,1,1,0,1,0,0,0,1,0,0,1,1,0,0,0,0,0.333333,1,0,1,1,1,0,0,0,0,0,0,1,0,1,0,1,0,1
*Juliette,cat,Domestic Shorthair Mix,kitten_puppy,Tricolor,Energetic; Playful; Affectionate,apartment,relaxed,first_time,1,0,8_plus,Friendly; Playful; Affectionate,1,0,0,1,0,0,1,0,1,0,0,0,1,0,0,1,1,0,0,0,0,0.666667,0,1,0,0,0,1,0,1,0,0,0,1,0,1,0,1,0,1
Pablo,dog,Miniature Schnauzer/Miniature Poodle,senior,Black,Friendly; Calm; Playful; Independent; Affectionate,house_no_yard,moderate,first_time,0,0,0_3,Protective; Independent; Shy,0,0,1,0,1,0,1,0,0,0,1,0,0,1,1,0,0,0,0,1,0,0.258199,1,0,0,0,1,0,1,0,1,1,1,0,0,1,1,1,0,1
Charles,dog,Beagle/Boxer,kitten_puppy,White,Friendly; Energetic; Playful; Affectionate,house_with_yard,relaxed,first_time,0,0,0_3,Playful; Shy,0,1,0,1,0,0,1,0,0,0,1,0,0,0,1,0,1,0,0,0,0,0.353553,1,0,0,0,1,1,0,0,0,1,0,1,0,1,0,1,0,1
Arthur,cat,Domestic Longhair Mix,young,Orange,Calm; Independent; Affectionate,house_no_yard,high,experienced,0,1,0_3,Independent; Protective; Energetic,0,0,1,0,0,1,0,1,0,1,1,0,0,0,0,1,0,1,0,0,0,0.333333,0,0,0,1,0,0,1,0,1,0,1,0,0,0,1,1,0,1
*Rosemery,dog,German Shepherd Mix,young,Gray,Friendly; Energetic; Playful; Protective,apartment,moderate,experienced,0,1,0_3,Affectionate; Energetic; Independent,1,0,0,0,1,0,0,1,0,1,1,0,0,0,1,0,0,1,0,0,0,0.288675,0,0,0,1,0,0,1,1,0,1,0,1,0,1,0,0,1,0
*Katja,cat,Domestic Shorthair Mix,kitten_puppy,Tricolor,Energetic; Playful; Affectionate,house_no_yard,relaxed,experienced,1,0,4_7,Energetic; Calm; Friendly,0,0,1,1,0,0,0,1,1,0,0,1,0,1,0,1,1,0,0,0,0,0.333333,0,1,1,1,0,0,0,0,0,0,0,1,0,1,0,1,0,0
Shelter Rescue,cat,Domestic Shorthair Mix,kitten_puppy,White,Energetic; Playful; Affectionate,apartment,relaxed,first_time,1,1,8_plus,Energetic; Calm; Affectionate,1,0,0,1,0,0,1,0,1,1,0,0,1,0,0,1,1,0,0,0,0,0.666667,1,0,1,1,0,0,0,1,0,0,0,1,0,1,0,1,0,1
Hank,dog,American Pit Bull Terrier Mix,young,Brown,Friendly; Energetic; Playful,apartment,moderate,experienced,0,0,8_plus,Affectionate; Calm,1,0,0,0,1,0,0,1,0,0,0,0,1,0,1,0,0,1,0,0,0,0.0,0,0,1,0,0,0,0,1,0,1,0,1,0,1,0,0,0,0
Bradley,dog,Labrador Retriever Mix,young,Black,Friendly; Energetic; Playful; Affectionate,house_no_yard,high,experienced,1,1,8_plus,Affectionate; Playful,0,0,1,0,0,1,0,1,1,1,0,0,1,0,1,0,0,1,0,0,0,0.707107,1,0,0,0,0,1,0,1,0,1,0,1,0,1,0,1,0,1
Shelter Rescue,cat,Domestic Shorthair Mix,young,Black,Calm; Independent; Affectionate,house_with_yard,high,first_time,0,0,8_plus,Protective,0,1,0,0,0,1,1,0,0,0,0,0,1,0,0,1,0,1,0,0,0,0.0,1,0,0,0,0,0,0,0,1,0,1,0,0,0,1,1,0,1
*Jingle,cat,Domestic Shorthair Mix,kitten_puppy,White,Energetic; Playful; Affectionate,house_no_yard,moderate,first_time,0,1,4_7,Affectionate,0,0,1,0,1,0,1,0,0,1,0,1,0,1,0,1,1,0,0,0,0,0.57735,0,0,0,0,0,0,0,1,0,0,0,1,0,1,0,1,0,1
*Mitzy,cat,Domestic Shorthair Mix,kitten_puppy,White,Energetic; Playful; Affectionate,apartment,high,first_time,1,0,0_3,Friendly; Energetic; Playful,1,0,0,0,0,1,1,0,1,0,1,0,0,0,0,1,1,0,0,0,0,0.666667,0,1,0,1,0,1,0,0,0,0,0,1,0,1,0,1,0,1
Queso,dog,Labrador Retriever Mix,adult,Brown,Friendly; Playful; Affectionate,apartment,high,experienced,0,0,4_7,Friendly; Calm; Shy,1,0,0,0,0,1,0,1,0,0,0,1,0,0,1,0,0,0,1,0,0,0.333333,0,1,1,0,1,0,0,0,0,1,0,0,0,1,0,1,0,1
Shelly,cat,Domestic Shorthair Mix,kitten_puppy,Tricolor,Energetic; Playful; Affectionate,apartment,moderate,experienced,0,0,4_7,Energetic; Playful; Shy,1,0,0,0,1,0,0,1,0,0,0,1,0,0,0,1,1,0,0,0,0,0.666667,0,0,0,1,1,1,0,0,0,0,0,1,0,1,0,1,0,1
Sammy,dog,German Shepherd Mix,young,Black,Friendly; Energetic; Playful; Protective,house_with_yard,high,first_time,1,0,8_plus,Independent; Shy; Affectionate,0,1,0,0,0,1,1,0,1,0,0,0,1,1,1,0,0,1,0,0,0,0.0,1,0,0,0,1,0,1,1,0,1,0,1,0,1,0,0,1,1
Lola,dog,Chihuahua Shorthair/Dachshund,kitten_puppy,Black,Friendly; Calm; Energetic; Playful; Affectionate,house_no_yard,high,first_time,0,1,4_7,Playful; Protective; Energetic,0,0,1,0,0,1,1,0,0,1,0,1,0,0,1,0,1,0,0,0,0,0.516398,0,0,0,1,0,1,0,0,1,1,1,1,0,1,0,1,0,1
Shelter Rescue,dog,Labrador Retriever Mix,kitten_puppy,White,Friendly; Energetic; Playful; Affectionate,house_with_yard,high,first_time,0,1,0_3,Independent; Shy,0,1,0,0,0,1,1,0,0,1,1,0,0,0,1,0,1,0,0,0,0,0.0,0,0,0,0,1,0,1,0,0,1,0,1,0,1,0,1,0,1
*Rio,dog,Dachshund Wirehair/Miniature Poodle,kitten_puppy,Black,Friendly; Calm; Energetic; Playful; Affectionate,house_no_yard,high,first_time,0,0,8_plus,Shy,0,0,1,0,0,1,1,0,0,0,0,0,1,0,1,0,1,0,0,0,0,0.0,0,0,0,0,1,0,0,0,0,1,1,1,0,1,0,1,0,0
Shelter Rescue,dog,Miniature Poodle/Italian Greyhound,adult,Gray,Friendly; Energetic; Playful; Affectionate,apartment,relaxed,experienced,0,1,8_plus,Independent; Calm,1,0,0,1,0,0,0,1,0,1,0,0,1,0,1,0,0,0,1,0,0,0.0,0,0,1,0,0,0,1,0,0,1,0,1,0,1,0,1,0,0
*Selene,cat,Domestic Shorthair Mix,kitten_puppy,Tricolor,Energetic; Playful; Affectionate,house_with_yard,high,first_time,1,0,4_7,Protective; Shy,0,1,0,0,0,1,1,0,1,0,0,1,0,1,0,1,1,0,0,0,0,0.0,1,0,0,0,1,0,0,0,1,0,0,1,0,1,0,1,0,1
*Gertie,dog,Pit Bull Mix,young,White,Friendly; Energetic; Playful,house_no_yard,relaxed,first_time,1,1,0_3,Shy; Playful; Protective,0,0,1,1,0,0,1,0,1,1,1,0,0,0,1,0,0,1,0,0,0,0.333333,0,0,0,0,1,1,0,0,1,1,0,1,0,1,0,0,0,1
Ivy Jane,cat,Domestic Shorthair Mix,kitten_puppy,Gray,Energetic; Playful; Affectionate,house_no_yard,high,experienced,0,1,8_plus,Calm; Friendly,0,0,1,0,0,1,0,1,0,1,0,0,1,0,0,1,1,0,0,0,0,0.0,0,1,1,0,0,0,0,0,0,0,0,1,0,1,0,1,0,0
Bella,dog,Staffordshire Mix,kitten_puppy,White,Friendly; Energetic; Playful,house_with_yard,moderate,experienced,1,0,4_7,Playful,0,1,0,0,1,0,0,1,1,0,0,1,0,0,1,0,1,0,0,0,0,0.57735,0,0,0,0,0,1,0,0,0,1,0,1,0,1,0,0,0,1
*Frances,cat,Domestic Shorthair Mix,kitten_puppy,Tricolor,Energetic; Playful; Affectionate,house_with_yard,relaxed,experienced,1,1,0_3,Playful; Energetic,0,1,0,1,0,0,0,1,1,1,1,0,0,0,0,1,1,0,0,0,0,0.816497,0,0,0,1,0,1,0,0,0,0,0,1,0,1,0,1,0,1
Cosmo,cat,Domestic Shorthair Mix,kitten_puppy,Black,Energetic; Playful; Affectionate,house_with_yard,relaxed,experienced,1,1,0_3,Shy; Protective; Affectionate,0,1,0,1,0,0,0,1,1,1,1,0,0,1,0,1,1,0,0,0,0,0.333333,0,0,0,0,1,0,0,1,1,0,0,1,0,1,0,1,0,1
Jake,dog,German Shepherd Mix,kitten_puppy,Black,Friendly; Energetic; Playful; Protective,house_with_yard,moderate,experienced,1,0,0_3,Energetic,0,1,0,0,1,0,0,1,1,0,1,0,0,0,1,0,1,0,0,0,0,0.5,0,0,0,1,0,0,0,0,0,1,0,1,0,1,0,0,1,1
*Tina,dog,Cairn Terrier Mix,adult,Black,Friendly; Energetic; Affectionate,house_with_yard,moderate,first_time,1,0,0_3,Independent,0,1,0,0,1,0,1,0,1,0,1,0,0,0,1,0,0,0,1,0,0,0.0,0,0,0,0,0,0,1,0,0,1,0,1,0,0,0,1,0,1
Shelter Rescue,cat,Domestic Shorthair Mix,kitten_puppy,Black,Energetic; Playful; Affectionate,apartment,relaxed,experienced,0,0,0_3,Friendly,1,0,0,1,0,0,0,1,0,0,1,0,0,0,0,1,1,0,0,0,0,0.0,0,1,0,0,0,0,0,0,0,0,0,1,0,1,0,1,0,1
Ruger,dog,Plott Hound Mix,kitten_puppy,White,Friendly; Energetic; Playful,house_with_yard,relaxed,first_time,0,0,8_plus,Calm; Protective,0,1,0,1,0,0,1,0,0,0,0,0,1,0,1,0,1,0,0,0,0,0.0,0,0,1,0,0,0,0,0,1,1,0,1,0,1,0,0,0,0
Zoey,dog,Labrador Retriever Mix,kitten_puppy,Black,Friendly; Energetic; Playful; Affectionate,house_no_yard,high,first_time,1,0,0_3,Calm; Shy; Independent,0,0,1,0,0,1,1,0,1,0,1,0,0,1,1,0,1,0,0,0,0,0.0,1,0,1,0,1,0,1,0,0,1,0,1,0,1,0,1,0,1
Monty,dog,Beauceron Mix,kitten_puppy,Black,Friendly; Energetic; Playful,house_no_yard,high,experienced,0,1,4_7,Independent; Calm,0,0,1,0,0,1,0,1,0,1,0,1,0,0,1,0,1,0,0,0,0,0.0,0,0,1,0,0,0,1,0,0,1,0,1,0,1,0,0,0,1
Cheese,cat,Domestic Shorthair Mix,young,Orange,Calm; Independent; Affectionate,house_with_yard,relaxed,first_time,0,0,4_7,Playful,0,1,0,1,0,0,1,0,0,0,0,1,0,0,0,1,0,1,0,0,0,0.0,0,0,0,0,0,1,0,0,0,0,1,0,0,0,1,1,0,1
Bob,cat,Domestic Shorthair Mix,kitten_puppy,White,Energetic; Playful; Affectionate,house_with_yard,moderate,first_time,0,1,4_7,Energetic; Shy; Independent,0,1,0,0,1,0,1,0,0,1,0,1,0,1,0,1,1,0,0,0,0,0.333333,0,0,0,1,1,0,1,0,0,0,0,1,0,1,0,1,0,1
Barney,dog,Beagle Mix,young,White,Friendly; Energetic; Playful; Affectionate,house_no_yard,relaxed,first_time,0,0,0_3,Energetic; Shy,0,0,1,1,0,0,1,0,0,0,1,0,0,1,1,0,0,1,0,0,0,0.353553,1,0,0,1,1,0,0,0,0,1,0,1,0,1,0,1,0,1
*Nick,cat,Domestic Shorthair Mix,kitten_puppy,Black,Energetic; Playful; Affectionate,apartment,moderate,first_time,0,0,4_7,Friendly; Playful; Independent,1,0,0,0,1,0,1,0,0,0,0,1,0,1,0,1,1,0,0,0,0,0.333333,0,1,0,0,0,1,1,0,0,0,0,1,0,1,0,1,0,1
Little Foot,cat,Domestic Shorthair Mix,kitten_puppy,Black,Energetic; Playful; Affectionate,apartment,high,first_time,0,0,0_3,Protective; Energetic; Affectionate,1,0,0,0,0,1,1,0,0,0,1,0,0,0,0,1,1,0,0,0,0,0.666667,1,0,0,1,0,0,0,1,1,0,0,1,0,1,0,1,0,1
Shelter Rescue,cat,Domestic Longhair Mix,kitten_puppy,Tabby,Energetic; Playful; Affectionate,house_with_yard,high,experienced,1,1,4_7,Independent; Energetic; Affectionate,0,1,0,0,0,1,0,1,1,1,0,1,0,0,0,1,1,0,0,0,0,0.666667,1,0,0,1,0,0,1,1,0,0,0,1,0,1,0,1,0,1
*Linus,cat,Domestic Shorthair Mix,kitten_puppy,White,Energetic; Playful; Affectionate,house_no_yard,high,experienced,0,0,4_7,Energetic,0,0,1,0,0,1,0,1,0,0,0,1,0,0,0,1,1,0,0,0,0,0.57735,0,0,0,1,0,0,0,0,0,0,0,1,0,1,0,1,0,1
Iris,cat,Domestic Shorthair Mix,kitten_puppy,Gray,Energetic; Playful; Affectionate,house_with_yard,relaxed,experienced,0,0,8_plus,Energetic,0,1,0,1,0,0,0,1,0,0,0,0,1,1,0,1,1,0,0,0,0,0.57735,0,0,0,1,0,0,0,0,0,0,0,1,0,1,0,1,0,0
Bowie,dog,Cairn Terrier Mix,kitten_puppy,Brown,Friendly; Energetic; Playful,house_no_yard,relaxed,experienced,0,1,0_3,Protective,0,0,1,1,0,0,0,1,0,1,1,0,0,0,1,0,1,0,0,0,0,0.0,0,0,0,0,0,0,0,0,1,1,0,1,0,1,0,0,0,1
*Ash,cat,Domestic Shorthair Mix,kitten_puppy,Gray,Energetic; Playful; Affectionate,house_no_yard,high,experienced,1,0,0_3,Affectionate; Friendly,0,0,1,0,0,1,0,1,1,0,1,0,0,0,0,1,1,0,0,0,0,0.408248,0,1,0,0,0,0,0,1,0,0,0,1,0,1,0,1,0,1
Halo,dog,Australian Shepherd/Jack Russell Terrier,young,White,Friendly; Energetic; Playful; Protective,house_with_yard,relaxed,first_time,0,1,4_7,Playful,0,1,0,1,0,0,1,0,0,1,0,1,0,0,1,0,0,1,0,0,0,0.5,0,0,0,0,0,1,0,0,0,1,0,1,0,1,0,0,1,1
Boudreaux,dog,Black Mouth Cur Mix,kitten_puppy,White,Friendly; Energetic; Playful,house_no_yard,moderate,experienced,1,1,0_3,Playful; Independent; Protective,0,0,1,0,1,0,0,1,1,1,1,0,0,1,1,0,1,0,0,0,0,0.333333,0,0,0,0,0,1,1,0,1,1,0,1,0,1,0,0,0,1
*Darcy,dog,Pit Bull Mix,young,White,Friendly; Energetic; Playful,house_no_yard,relaxed,experienced,0,0,0_3,Friendly; Calm,0,0,1,1,0,0,0,1,0,0,1,0,0,0,1,0,0,1,0,0,0,0.408248,0,1,1,0,0,0,0,0,0,1,0,1,0,1,0,0,0,0
Shelter Rescue,cat,Domestic Shorthair Mix,kitten_puppy,Tricolor,Energetic; Playful; Affectionate,apartment,moderate,first_time,1,0,4_7,Calm; Affectionate; Energetic,1,0,0,0,1,0,1,0,1,0,0,1,0,0,0,1,1,0,0,0,0,0.666667,0,0,1,1,0,0,0,1,0,0,0,1,0,1,0,1,0,1
Shelter Rescue,dog,Rat Terrier Mix,young,Black,Friendly; Energetic; Playful,house_with_yard,moderate,experienced,1,1,4_7,Independent,0,1,0,0,1,0,0,1,1,1,0,1,0,0,1,0,0,1,0,0,0,0.0,0,0,0,0,0,0,1,0,0,1,0,1,0,1,0,0,0,1
Shelter Rescue,cat,Domestic Shorthair Mix,kitten_puppy,White,Energetic; Playful; Affectionate,apartment,moderate,first_time,0,0,0_3,Independent; Protective,1,0,0,0,1,0,1,0,0,0,1,0,0,0,0,1,1,0,0,0,0,0.0,0,0,0,0,0,0,1,0,1,0,0,1,0,1,0,1,0,1
Shinta,dog,Labrador Retriever Mix,kitten_puppy,White,Friendly; Energetic; Playful; Affectionate,house_no_yard,relaxed,experienced,1,0,4_7,Affectionate,0,0,1,1,0,0,0,1,1,0,0,1,0,0,1,0,1,0,0,0,0,0.5,0,0,0,0,0,0,0,1,0,1,0,1,0,1,0,1,0,1
Butters,dog,American Pit Bull Terrier Mix,kitten_puppy,Black,Friendly; Energetic; Playful,apartment,relaxed,experienced,0,1,4_7,Friendly; Protective; Playful,1,0,0,1,0,0,0,1,0,1,0,1,0,0,1,0,1,0,0,0,0,0.666667,0,1,0,0,0,1,0,0,1,1,0,1,0,1,0,0,0,0
*Mowgli,dog,Border Collie Mix,adult,Brown,Friendly; Energetic; Affectionate,house_with_yard,relaxed,experienced,1,1,8_plus,Independent; Playful,0,1,0,1,0,0,0,1,1,1,0,0,1,0,1,0,0,0,1,0,0,0.0,0,0,0,0,0,1,1,0,0,1,0,1,0,0,0,1,0,1
Taffy,dog,Pit Bull Mix,young,White,Friendly; Energetic; Playful,house_with_yard,relaxed,first_time,0,1,4_7,Calm; Affectionate; Friendly,0,1,0,1,0,0,1,0,0,1,0,1,0,1,1,0,0,1,0,0,0,0.333333,0,1,1,0,0,0,0,1,0,1,0,1,0,1,0,0,0,1
Spike,dog,Dachshund Mix,adult,White,Friendly; Calm; Affectionate,house_no_yard,high,first_time,1,1,4_7,Shy; Calm; Playful,0,0,1,0,0,1,1,0,1,1,0,1,0,1,1,0,0,0,1,0,0,0.333333,0,0,1,0,1,1,0,0,0,1,1,0,0,0,0,1,0,1
Zara,dog,Pit Bull/Labrador Retriever,adult,White,Friendly; Energetic; Playful; Affectionate,house_with_yard,high,first_time,0,1,0_3,Friendly; Affectionate,0,1,0,0,0,1,1,0,0,1,1,0,0,0,1,0,0,0,1,0,0,0.707107,0,1,0,0,0,0,0,1,0,1,0,1,0,1,0,1,0,1
Shelter Rescue,dog,Beagle Mix,kitten_puppy,Tricolor,Friendly; Energetic; Playful; Affectionate,house_no_yard,relaxed,experienced,0,1,0_3,Independent; Playful,0,0,1,1,0,0,0,1,0,1,1,0,0,0,1,0,1,0,0,0,0,0.353553,0,0,0,0,0,1,1,0,0,1,0,1,0,1,0,1,0,1
Shelter Rescue,cat,Siamese Mix,kitten_puppy,Brown,Energetic; Playful; Affectionate,house_no_yard,moderate,experienced,0,0,4_7,Energetic; Shy; Protective,0,0,1,0,1,0,0,1,0,0,0,1,0,0,0,1,1,0,0,0,0,0.333333,0,0,0,1,1,0,0,0,1,0,0,1,0,1,0,1,0,0
Tonka,dog,Great Pyrenees Mix,young,White,Friendly; Energetic; Playful,apartment,moderate,experienced,1,1,8_plus,Playful; Energetic,1,0,0,0,1,0,0,1,1,1,0,0,1,0,1,0,0,1,0,0,0,0.816497,0,0,0,1,0,1,0,0,0,1,0,1,0,1,0,0,0,1
Shelter Rescue,dog,Chihuahua Shorthair Mix,young,Black,Friendly; Calm; Energetic; Playful; Affectionate,house_with_yard,moderate,first_time,1,0,8_plus,Friendly; Energetic,0,1,0,0,1,0,1,0,1,0,0,0,1,1,1,0,0,1,0,0,0,0.632456,0,1,0,1,0,0,0,0,0,1,1,1,0,1,0,1,0,1
Shelter Rescue,dog,Boxer/Australian Cattle Dog,kitten_puppy,Black,Friendly; Energetic; Playful,house_no_yard,moderate,first_time,0,0,0_3,Friendly; Affectionate,0,0,1,0,1,0,1,0,0,0,1,0,0,1,1,0,1,0,0,0,0,0.408248,0,1,0,0,0,0,0,1,0,1,0,1,0,1,0,0,0,1
Kiwi,cat,Domestic Shorthair Mix,young,White,Calm; Independent; Affectionate,apartment,relaxed,first_time,1,1,8_plus,Shy; Energetic; Independent,1,0,0,1,0,0,1,0,1,1,0,0,1,0,0,1,0,1,0,0,0,0.333333,1,0,0,1,1,0,1,0,0,0,1,0,0,0,1,1,0,1
*Ahi,cat,Siamese Mix,kitten_puppy,Brown,Energetic; Playful; Affectionate,apartment,moderate,experienced,1,1,4_7,Friendly; Independent; Calm,1,0,0,0,1,0,0,1,1,1,0,1,0,0,0,1,1,0,0,0,0,0.0,0,1,1,0,0,0,1,0,0,0,0,1,0,1,0,1,0,1
Shelter Rescue,cat,Domestic Shorthair Mix,kitten_puppy,White,Energetic; Playful; Affectionate,apartment,high,experienced,0,0,8_plus,Affectionate,1,0,0,0,0,1,0,1,0,0,0,0,1,0,0,1,1,0,0,0,0,0.57735,0,0,0,0,0,0,0,1,0,0,0,1,0,1,0,1,0,1
*Dim Sum,cat,Domestic Shorthair Mix,kitten_puppy,Black,Energetic; Playful; Affectionate,house_no_yard,moderate,experienced,1,1,8_plus,Protective,0,0,1,0,1,0,0,1,1,1,0,0,1,0,0,1,1,0,0,0,0,0.0,0,0,0,0,0,0,0,0,1,0,0,1,0,1,0,1,0,0
Ruby Mae,dog,Pointer Mix,kitten_puppy,Black,Friendly; Energetic; Playful,house_no_yard,moderate,experienced,0,1,8_plus,Independent; Playful,0,0,1,0,1,0,0,1,0,1,0,0,1,0,1,0,1,0,0,0,0,0.408248,0,0,0,0,0,1,1,0,0,1,0,1,0,1,0,0,0,0
Margot,cat,Siamese Mix,adult,Tricolor,Calm; Playful; Independent; Affectionate,apartment,high,experienced,0,1,0_3,Friendly; Shy,1,0,0,0,0,1,0,1,0,1,1,0,0,0,0,1,0,0,1,0,0,0.0,0,1,0,0,1,0,0,0,0,0,1,0,0,1,1,1,0,1
Shelter Rescue,dog,Labrador Retriever Mix,kitten_puppy,Black,Friendly; Energetic; Playful; Affectionate,house_with_yard,relaxed,experienced,0,0,0_3,Calm; Energetic,0,1,0,1,0,0,0,1,0,0,1,0,0,0,1,0,1,0,0,0,0,0.353553,0,0,1,1,0,0,0,0,0,1,0,1,0,1,0,1,0,1
*Cosmo,dog,Basenji/Australian Cattle Dog,kitten_puppy,Orange,Friendly; Energetic; Playful,house_no_yard,relaxed,experienced,0,1,4_7,Independent; Calm; Friendly,0,0,1,1,0,0,0,1,0,1,0,1,0,0,1,0,1,0,0,0,0,0.333333,0,1,1,0,0,0,1,0,0,1,0,1,0,1,0,0,0,0
Bodhi,dog,Staffordshire,kitten_puppy,White,Friendly; Energetic; Playful,apartment,relaxed,first_time,1,0,8_plus,Playful; Friendly; Shy,1,0,0,1,0,0,1,0,1,0,0,0,1,0,1,0,1,0,0,0,0,0.666667,0,1,0,0,1,1,0,0,0,1,0,1,0,1,0,0,0,0
Brooklyn,dog,German Shepherd Mix,young,Black,Friendly; Energetic; Playful; Protective,house_with_yard,relaxed,experienced,0,0,8_plus,Playful,0,1,0,1,0,0,0,1,0,0,0,0,1,1,1,0,0,1,0,0,0,0.5,0,0,0,0,0,1,0,0,0,1,0,1,0,1,0,0,1,1
Shelter Rescue,dog,Border Terrier/Miniature Schnauzer,young,Gray,Friendly; Energetic; Playful,apartment,high,first_time,1,1,0_3,Affectionate,1,0,0,0,0,1,1,0,1,1,1,0,0,0,1,0,0,1,0,0,0,0.0,1,0,0,0,0,0,0,1,0,1,0,1,0,1,0,0,0,1
Shelter Rescue,dog,Dachshund Wirehair Mix,kitten_puppy,Black,Friendly; Calm; Energetic; Playful; Affectionate,house_no_yard,moderate,experienced,1,0,0_3,Shy; Calm,0,0,1,0,1,0,0,1,1,0,1,0,0,0,1,0,1,0,0,0,0,0.316228,0,0,1,0,1,0,0,0,0,1,1,1,0,1,0,1,0,1
Shelter Rescue,cat,Domestic Shorthair Mix,kitten_puppy,Gray,Energetic; Playful; Affectionate,apartment,relaxed,first_time,0,0,8_plus,Playful,1,0,0,1,0,0,1,0,0,0,0,0,1,0,0,1,1,0,0,0,0,0.57735,0,0,0,0,0,1,0,0,0,0,0,1,0,1,0,1,0,0
Apache,dog,Pit Bull Mix,kitten_puppy,White,Friendly; Energetic; Playful,apartment,relaxed,experienced,0,0,4_7,Energetic,1,0,0,1,0,0,0,1,0,0,0,1,0,0,1,0,1,0,0,0,0,0.57735,1,0,0,1,0,0,0,0,0,1,0,1,0,1,0,0,0,0
Shelter Rescue,dog,Labrador Retriever Mix,kitten_puppy,Black,Friendly; Energetic; Playful; Affectionate,house_with_yard,relaxed,first_time,1,1,0_3,Energetic; Shy,0,1,0,1,0,0,1,0,1,1,1,0,0,0,1,0,1,0,0,0,0,0.353553,1,0,0,1,1,0,0,0,0,1,0,1,0,1,0,1,0,1
*Hardee,dog,Labrador Retriever Mix,young,Black,Friendly; Energetic; Playful; Affectionate,house_no_yard,high,experienced,0,1,0_3,Shy; Friendly,0,0,1,0,0,1,0,1,0,1,1,0,0,0,1,0,0,1,0,0,0,0.353553,1,1,0,0,1,0,0,0,0,1,0,1,0,1,0,1,0,1
*Gladys,cat,Domestic Shorthair Mix,kitten_puppy,White,Energetic; Playful; Affectionate,apartment,relaxed,experienced,0,0,8_plus,Playful; Independent,1,0,0,1,0,0,0,1,0,0,0,0,1,0,0,1,1,0,0,0,0,0.408248,0,0,0,0,0,1,1,0,0,0,0,1,0,1,0,1,0,0
Blossom,dog,Dachshund Wirehair/Cairn Terrier,kitten_puppy,Brown,Friendly; Calm; Energetic; Playful; Affectionate,apartment,moderate,experienced,0,1,0_3,Calm; Protective; Friendly,1,0,0,0,1,0,0,1,0,1,1,0,0,0,1,0,1,0,0,0,0,0.516398,0,1,1,0,0,0,0,0,1,1,1,1,0,1,0,1,0,1
Jasmine,cat,Domestic Shorthair Mix,adult,Tricolor,Calm; Independent; Affectionate,house_with_yard,relaxed,first_time,0,1,4_7,Energetic; Calm; Protective,0,1,0,1,0,0,1,0,0,1,0,1,0,0,0,1,0,0,1,0,0,0.333333,0,0,1,1,0,0,0,0,1,0,1,0,0,0,1,1,0,1
*Gretchen,dog,Pit Bull Mix,young,White,Friendly; Energetic; Playful,apartment,high,first_time,0,0,8_plus,Calm; Shy,1,0,0,0,0,1,1,0,0,0,0,0,1,1,1,0,0,1,0,0,0,0.0,0,0,1,0,1,0,0,0,0,1,0,1,0,1,0,0,0,0
Shelter Rescue,dog,Labrador Retriever Mix,kitten_puppy,Black,Friendly; Energetic; Playful; Affectionate,apartment,moderate,experienced,1,1,4_7,Calm; Protective; Playful,1,0,0,0,1,0,0,1,1,1,0,1,0,1,1,0,1,0,0,0,0,0.288675,0,0,1,0,0,1,0,0,1,1,0,1,0,1,0,1,0,0
Oso,dog,Rhod Ridgeback Mix,young,Brown,Friendly; Energetic; Playful,house_with_yard,high,experienced,0,0,8_plus,Affectionate; Shy; Protective,0,1,0,0,0,1,0,1,0,0,0,0,1,0,1,0,0,1,0,0,0,0.0,0,0,0,0,1,0,0,1,1,1,0,1,0,1,0,0,0,1
*Ari,cat,Domestic Shorthair Mix,kitten_puppy,Black,Energetic; Playful; Affectionate,house_no_yard,moderate,first_time,0,0,4_7,Shy; Friendly; Calm,0,0,1,0,1,0,1,0,0,0,0,1,0,0,0,1,1,0,0,0,0,0.0,1,1,1,0,1,0,0,0,0,0,0,1,0,1,0,1,0,0
*Hannah,cat,Domestic Shorthair Mix,kitten_puppy,Tricolor,Energetic; Playful; Affectionate,apartment,high,first_time,1,1,4_7,Calm; Energetic,1,0,0,0,0,1,1,0,1,1,0,1,0,0,0,1,1,0,0,0,0,0.408248,0,0,1,1,0,0,0,0,0,0,0,1,0,1,0,1,0,1
Ivy,dog,Staffordshire Mix,young,White,Friendly; Energetic; Playful,house_with_yard,moderate,first_time,0,1,4_7,Playful,0,1,0,0,1,0,1,0,0,1,0,1,0,0,1,0,0,1,0,0,0,0.57735,0,0,0,0,0,1,0,0,0,1,0,1,0,1,0,0,0,1
*Bandit,dog,Great Pyrenees/American Bulldog,kitten_puppy,Tricolor,Friendly; Energetic; Playful,house_no_yard,moderate,experienced,1,1,8_plus,Shy; Protective; Affectionate,0,0,1,0,1,0,0,1,1,1,0,0,1,0,1,0,1,0,0,0,0,0.0,0,0,0,0,1,0,0,1,1,1,0,1,0,1,0,0,0,0
Luna,dog,Chihuahua Shorthair Mix,adult,White,Friendly; Calm; Affectionate,house_with_yard,high,experienced,0,1,0_3,Protective; Calm,0,1,0,0,0,1,0,1,0,1,1,0,0,0,1,0,0,0,1,0,0,0.408248,1,0,1,0,0,0,0,0,1,1,1,0,0,0,0,1,0,1
Shelter Rescue,cat,Domestic Shorthair Mix,kitten_puppy,Black,Energetic; Playful; Affectionate,apartment,moderate,first_time,0,1,0_3,Affectionate; Playful; Protective,1,0,0,0,1,0,1,0,0,1,1,0,0,0,0,1,1,0,0,0,0,0.666667,1,0,0,0,0,1,0,1,1,0,0,1,0,1,0,1,0,1
Cassins,cat,Domestic Shorthair Mix,adult,Tabby,Calm; Independent; Affectionate,house_no_yard,moderate,first_time,1,0,0_3,Friendly,0,0,1,0,1,0,1,0,1,0,1,0,0,0,0,1,0,0,1,0,0,0.0,1,1,0,0,0,0,0,0,0,0,1,0,0,0,1,1,0,1
Spice,dog,Chihuahua Shorthair Mix,kitten_puppy,Brown,Friendly; Calm; Energetic; Playful; Affectionate,apartment,relaxed,experienced,0,1,0_3,Calm,1,0,0,1,0,0,0,1,0,1,1,0,0,0,1,0,1,0,0,0,0,0.447214,1,0,1,0,0,0,0,0,0,1,1,1,0,1,0,1,0,1
Gus,cat,Domestic Shorthair Mix,kitten_puppy,Tabby,Energetic; Playful; Affectionate,house_no_yard,relaxed,first_time,1,1,8_plus,Energetic,0,0,1,1,0,0,1,0,1,1,0,0,1,1,0,1,1,0,0,0,0,0.57735,0,0,0,1,0,0,0,0,0,0,0,1,0,1,0,1,0,0
Shelter Rescue,dog,Chihuahua Shorthair Mix,kitten_puppy,Brown,Friendly; Calm; Energetic; Playful; Affectionate,house_with_yard,high,first_time,1,0,0_3,Independent; Affectionate; Friendly,0,1,0,0,0,1,1,0,1,0,1,0,0,0,1,0,1,0,0,0,0,0.516398,1,1,0,0,0,0,1,1,0,1,1,1,0,1,0,1,0,1
*Shelia,dog,Great Pyrenees/Border Collie,young,White,Friendly; Energetic; Playful,apartment,moderate,first_time,1,1,0_3,Friendly; Independent; Shy,1,0,0,0,1,0,1,0,1,1,1,0,0,1,1,0,0,1,0,0,0,0.333333,1,1,0,0,1,0,1,0,0,1,0,1,0,1,0,0,0,1
Buster,cat,Domestic Shorthair Mix,kitten_puppy,White,Energetic; Playful; Affectionate,house_with_yard,relaxed,experienced,0,1,0_3,Independent; Friendly,0,1,0,1,0,0,0,1,0,1,1,0,0,0,0,1,1,0,0,0,0,0.0,0,1,0,0,0,0,1,0,0,0,0,1,0,1,0,1,0,1
Gizmo,dog,Dachshund Wirehair/Miniature Poodle,kitten_puppy,Brown,Friendly; Calm; Energetic; Playful; Affectionate,house_no_yard,relaxed,first_time,1,1,0_3,Affectionate,0,0,1,1,0,0,1,0,1,1,1,0,0,0,1,0,1,0,0,0,0,0.447214,1,0,0,0,0,0,0,1,0,1,1,1,0,1,0,1,0,1
*Presley,dog,German Shepherd Mix,kitten_puppy,Black,Friendly; Energetic; Playful; Protective,house_with_yard,relaxed,first_time,1,1,4_7,Calm,0,1,0,1,0,0,1,0,1,1,0,1,0,0,1,0,1,0,0,0,0,0.0,0,0,1,0,0,0,0,0,0,1,0,1,0,1,0,0,1,1
*Rae,dog,Labrador Retriever Mix,kitten_puppy,Orange,Friendly; Energetic; Playful; Affectionate,apartment,relaxed,experienced,0,1,4_7,Friendly; Protective,1,0,0,1,0,0,0,1,0,1,0,1,0,0,1,0,1,0,0,0,0,0.353553,0,1,0,0,0,0,0,0,1,1,0,1,0,1,0,1,0,0
Sable,dog,Boxer Mix,kitten_puppy,White,Friendly; Energetic; Playful,apartment,high,first_time,1,0,0_3,Calm; Friendly; Affectionate,1,0,0,0,0,1,1,0,1,0,1,0,0,0,1,0,1,0,0,0,0,0.333333,0,1,1,0,0,0,0,1,0,1,0,1,0,1,0,0,0,1
Shelter Rescue,cat,Domestic Medium Hair Mix,kitten_puppy,Black,Energetic; Playful; Affectionate,house_no_yard,high,first_time,0,0,0_3,Affectionate; Playful,0,0,1,0,0,1,1,0,0,0,1,0,0,0,0,1,1,0,0,0,0,0.816497,0,0,0,0,0,1,0,1,0,0,0,1,0,1,0,1,0,1
Splish,dog,Pit Bull Mix,kitten_puppy,White,Friendly; Energetic; Playful,apartment,moderate,first_time,0,1,4_7,Independent,1,0,0,0,1,0,1,0,0,1,0,1,0,0,1,0,1,0,0,0,0,0.0,0,0,0,0,0,0,1,0,0,1,0,1,0,1,0,0,0,0
Shelter Rescue,dog,Plott Hound Mix,kitten_puppy,Black,Friendly; Energetic; Playful,house_with_yard,moderate,experienced,0,0,4_7,Shy,0,1,0,0,1,0,0,1,0,0,0,1,0,0,1,0,1,0,0,0,0,0.0,0,0,0,0,1,0,0,0,0,1,0,1,0,1,0,0,0,0
*O'Malley,dog,Bull Terrier Mix,young,White,Friendly; Energetic; Playful,house_no_yard,relaxed,first_time,1,1,8_plus,Protective,0,0,1,1,0,0,1,0,1,1,0,0,1,1,1,0,0,1,0,0,0,0.0,0,0,0,0,0,0,0,0,1,1,0,1,0,1,0,0,0,1
Antosca,dog,Chihuahua Shorthair Mix,kitten_puppy,Brown,Friendly; Calm; Energetic; Playful; Affectionate,house_no_yard,moderate,first_time,1,1,0_3,Friendly,0,0,1,0,1,0,1,0,1,1,1,0,0,0,1,0,1,0,0,0,0,0.447214,0,1,0,0,0,0,0,0,0,1,1,1,0,1,0,1,0,1
*Callie-O,cat,Domestic Shorthair Mix,kitten_puppy,Tricolor,Energetic; Playful; Affectionate,house_with_yard,high,experienced,1,0,8_plus,Calm,0,1,0,0,0,1,0,1,1,0,0,0,1,0,0,1,1,0,0,0,0,0.0,0,0,1,0,0,0,0,0,0,0,0,1,0,1,0,1,0,0
*Vigo,dog,Maltese,adult,White,Friendly; Calm; Affectionate,house_no_yard,moderate,first_time,0,0,0_3,Friendly; Energetic,0,0,1,0,1,0,1,0,0,0,1,0,0,0,1,0,0,0,1,0,0,0.408248,0,1,0,1,0,0,0,0,0,1,1,0,0,0,0,1,0,1
*Zena,cat,Domestic Shorthair Mix,kitten_puppy,Tricolor,Energetic; Playful; Affectionate,house_with_yard,moderate,first_time,1,0,8_plus,Affectionate; Playful,0,1,0,0,1,0,1,0,1,0,0,0,1,1,0,1,1,0,0,0,0,0.816497,1,0,0,0,0,1,0,1,0,0,0,1,0,1,0,1,0,1
Shelter Rescue,dog,Chihuahua Shorthair Mix,young,Brown,Friendly; Calm; Energetic; Playful; Affectionate,house_with_yard,moderate,experienced,1,1,4_7,Protective; Calm; Affectionate,0,1,0,0,1,0,0,1,1,1,0,1,0,0,1,0,0,1,0,0,0,0.516398,0,0,1,0,0,0,0,1,1,1,1,1,0,1,0,1,0,1
Aj,dog,Yorkshire Terrier Mix,young,Brown,Friendly; Energetic; Playful,house_no_yard,high,experienced,1,0,0_3,Calm; Independent,0,0,1,0,0,1,0,1,1,0,1,0,0,1,1,0,0,1,0,0,0,0.0,1,0,1,0,0,0,1,0,0,1,0,1,0,1,0,0,0,1
*Rheya,cat,Domestic Shorthair Mix,young,Tabby,Calm; Independent; Affectionate,house_no_yard,relaxed,first_time,1,1,8_plus,Shy,0,0,1,1,0,0,1,0,1,1,0,0,1,0,0,1,0,1,0,0,0,0.0,0,0,0,0,1,0,0,0,0,0,1,0,0,0,1,1,0,1
Spencer,dog,Black Mouth Cur Mix,young,Black,Friendly; Energetic; Playful,apartment,relaxed,first_time,0,1,0_3,Friendly; Playful; Protective,1,0,0,1,0,0,1,0,0,1,1,0,0,1,1,0,0,1,0,0,0,0.666667,1,1,0,0,0,1,0,0,1,1,0,1,0,1,0,0,0,1
Callie,cat,Domestic Shorthair Mix,kitten_puppy,Tricolor,Energetic; Playful; Affectionate,apartment,high,experienced,1,0,8_plus,Protective; Friendly; Calm,1,0,0,0,0,1,0,1,1,0,0,0,1,0,0,1,1,0,0,0,0,0.0,0,1,1,0,0,0,0,0,1,0,0,1,0,1,0,1,0,0
Pokey Dot,dog,Rat Terrier Mix,kitten_puppy,White,Friendly; Energetic; Playful,house_no_yard,moderate,experienced,0,1,4_7,Independent; Affectionate; Calm,0,0,1,0,1,0,0,1,0,1,0,1,0,0,1,0,1,0,0,0,0,0.0,0,0,1,0,0,0,1,1,0,1,0,1,0,1,0,0,0,0
China,cat,Domestic Longhair Mix,senior,White,Calm; Independent,house_with_yard,relaxed,first_time,0,1,4_7,Protective; Friendly; Shy,0,1,0,1,0,0,1,0,0,1,0,1,0,0,0,1,0,0,0,1,0,0.0,0,1,0,0,1,0,0,0,1,0,1,0,0,0,1,0,0,1
Misha,dog,German Shepherd Mix,adult,Brown,Friendly; Energetic; Affectionate; Protective,house_with_yard,moderate,experienced,0,0,4_7,Energetic; Friendly; Independent,0,1,0,0,1,0,0,1,0,0,0,1,0,0,1,0,0,0,1,0,0,0.57735,0,1,0,1,0,0,1,0,0,1,0,1,0,0,0,1,1,1
Hawk,dog,Labrador Retriever Mix,kitten_puppy,Black,Friendly; Energetic; Playful; Affectionate,apartment,moderate,experienced,0,1,0_3,Friendly; Protective; Shy,1,0,0,0,1,0,0,1,0,1,1,0,0,0,1,0,1,0,0,0,0,0.288675,0,1,0,0,1,0,0,0,1,1,0,1,0,1,0,1,0,0
*Mason,dog,Leonberger Mix,kitten_puppy,White,Friendly; Energetic; Playful,apartment,high,first_time,1,1,8_plus,Playful; Calm; Shy,1,0,0,0,0,1,1,0,1,1,0,0,1,0,1,0,1,0,0,0,0,0.333333,1,0,1,0,1,1,0,0,0,1,0,1,0,1,0,0,0,1
Shady,cat,Domestic Shorthair Mix,kitten_puppy,Orange,Energetic; Playful; Affectionate,house_no_yard,high,first_time,0,0,8_plus,Playful; Friendly; Protective,0,0,1,0,0,1,1,0,0,0,0,0,1,0,0,1,1,0,0,0,0,0.333333,0,1,0,0,0,1,0,0,1,0,0,1,0,1,0,1,0,0
Shelter Rescue,cat,Domestic Shorthair Mix,kitten_puppy,Black,Energetic; Playful; Affectionate,apartment,high,experienced,0,1,0_3,Affectionate,1,0,0,0,0,1,0,1,0,1,1,0,0,0,0,1,1,0,0,0,0,0.57735,0,0,0,0,0,0,0,1,0,0,0,1,0,1,0,1,0,1
*Chester,cat,Domestic Shorthair Mix,kitten_puppy,Orange,Energetic; Playful; Affectionate,house_with_yard,high,experienced,0,0,4_7,Affectionate; Protective; Energetic,0,1,0,0,0,1,0,1,0,0,0,1,0,0,0,1,1,0,0,0,0,0.666667,0,0,0,1,0,0,0,1,1,0,0,1,0,1,0,1,0,1
Shelter Rescue,cat,Domestic Shorthair Mix,kitten_puppy,Black,Energetic; Playful; Affectionate,house_with_yard,relaxed,first_time,0,1,8_plus,Energetic,0,1,0,1,0,0,1,0,0,1,0,0,1,1,0,1,1,0,0,0,0,0.57735,1,0,0,1,0,0,0,0,0,0,0,1,0,1,0,1,0,1
Montgomery,dog,German Shepherd/Smooth Fox Terrier,kitten_puppy,Black,Friendly; Energetic; Playful; Protective,apartment,relaxed,first_time,1,1,0_3,Affectionate; Protective,1,0,0,1,0,0,1,0,1,1,1,0,0,0,1,0,1,0,0,0,0,0.353553,1,0,0,0,0,0,0,1,1,1,0,1,0,1,0,0,1,1
Princess,dog,Yorkshire Terrier/Miniature Poodle,adult,Black,Friendly; Energetic; Playful; Affectionate,house_with_yard,high,first_time,0,1,0_3,Friendly; Energetic; Shy,0,1,0,0,0,1,1,0,0,1,1,0,0,0,1,0,0,0,1,0,0,0.57735,0,1,0,1,1,0,0,0,0,1,0,1,0,1,0,1,0,1
Patches,cat,Domestic Shorthair Mix,adult,Tricolor,Calm; Independent; Affectionate,house_no_yard,relaxed,first_time,0,1,8_plus,Independent,0,0,1,1,0,0,1,0,0,1,0,0,1,0,0,1,0,0,1,0,0,0.57735,1,0,0,0,0,0,1,0,0,0,1,0,0,0,1,1,0,1
Stormy,cat,Domestic Shorthair Mix,adult,Black,Calm; Independent; Affectionate,house_no_yard,relaxed,first_time,0,1,0_3,Protective; Independent,0,0,1,1,0,0,1,0,0,1,1,0,0,1,0,1,0,0,1,0,0,0.408248,1,0,0,0,0,0,1,0,1,0,1,0,0,0,1,1,0,1
Bo,dog,Australian Cattle Dog Mix,kitten_puppy,White,Friendly; Energetic; Playful,house_no_yard,moderate,first_time,0,1,4_7,Affectionate; Independent,0,0,1,0,1,0,1,0,0,1,0,1,0,0,1,0,1,0,0,0,0,0.0,1,0,0,0,0,0,1,1,0,1,0,1,0,1,0,0,0,1
*Mystery,cat,Domestic Shorthair Mix,kitten_puppy,White,Energetic; Playful; Affectionate,house_with_yard,moderate,first_time,0,0,8_plus,Shy; Protective,0,1,0,0,1,0,1,0,0,0,0,0,1,0,0,1,1,0,0,0,0,0.0,1,0,0,0,1,0,0,0,1,0,0,1,0,1,0,1,0,0
Patches,cat,Domestic Shorthair Mix,senior,White,Calm; Independent,house_with_yard,moderate,experienced,0,0,8_plus,Calm; Affectionate,0,1,0,0,1,0,0,1,0,0,0,0,1,0,0,1,0,0,0,1,0,0.5,0,0,1,0,0,0,0,1,0,0,1,0,0,0,1,0,0,1
*Polly,dog,Pit Bull Mix,kitten_puppy,White,Friendly; Energetic; Playful,house_with_yard,relaxed,experienced,1,0,0_3,Affectionate; Energetic; Playful,0,1,0,1,0,0,0,1,1,0,1,0,0,1,1,0,1,0,0,0,0,0.666667,0,0,0,1,0,1,0,1,0,1,0,1,0,1,0,0,0,1
Zaida,dog,Labrador Retriever Mix,young,Black,Friendly; Energetic; Playful; Affectionate,house_with_yard,relaxed,first_time,1,0,4_7,Independent; Playful,0,1,0,1,0,0,1,0,1,0,0,1,0,0,1,0,0,1,0,0,0,0.353553,0,0,0,0,0,1,1,0,0,1,0,1,0,1,0,1,0,1
Skitty,cat,Domestic Shorthair Mix,kitten_puppy,Tricolor,Energetic; Playful; Affectionate,apartment,moderate,first_time,1,1,0_3,Affectionate; Protective,1,0,0,0,1,0,1,0,1,1,1,0,0,0,0,1,1,0,0,0,0,0.408248,0,0,0,0,0,0,0,1,1,0,0,1,0,1,0,1,0,1
*Vivi,cat,Domestic Shorthair Mix,adult,Black,Calm; Independent; Affectionate,house_no_yard,high,first_time,1,0,4_7,Affectionate; Protective; Calm,0,0,1,0,0,1,1,0,1,0,0,1,0,0,0,1,0,0,1,0,0,0.666667,0,0,1,0,0,0,0,1,1,0,1,0,0,0,1,1,0,1
Lucy,dog,Doberman Pinsch Mix,adult,Black,Friendly; Affectionate,house_with_yard,moderate,first_time,0,1,4_7,Playful; Friendly,0,1,0,0,1,0,1,0,0,1,0,1,0,0,1,0,0,0,1,0,0,0.5,0,1,0,0,0,1,0,0,0,1,0,0,0,0,0,1,0,1
*Maddy,dog,Labrador Retriever Mix,young,Black,Friendly; Energetic; Playful; Affectionate,house_no_yard,moderate,first_time,1,1,0_3,Friendly; Energetic; Calm,0,0,1,0,1,0,1,0,1,1,1,0,0,0,1,0,0,1,0,0,0,0.57735,0,1,1,1,0,0,0,0,0,1,0,1,0,1,0,1,0,1
Guy,dog,American Bulldog Mix,young,White,Friendly; Energetic; Playful,house_no_yard,high,first_time,0,1,4_7,Energetic; Independent,0,0,1,0,0,1,1,0,0,1,0,1,0,1,1,0,0,1,0,0,0,0.408248,1,0,0,1,0,0,1,0,0,1,0,1,0,1,0,0,0,1
*Boolee,cat,Domestic Longhair Mix,kitten_puppy,Black,Energetic; Playful; Affectionate,house_no_yard,moderate,first_time,1,1,4_7,Energetic; Friendly,0,0,1,0,1,0,1,0,1,1,0,1,0,0,0,1,1,0,0,0,0,0.408248,0,1,0,1,0,0,0,0,0,0,0,1,0,1,0,1,0,1
*Tillie,dog,American Staffordshire Terrier Mix,young,White,Friendly; Energetic; Playful,house_with_yard,relaxed,experienced,0,1,4_7,Affectionate,0,1,0,1,0,0,0,1,0,1,0,1,0,0,1,0,0,1,0,0,0,0.0,0,0,0,0,0,0,0,1,0,1,0,1,0,1,0,0,0,1
Fluff,cat,Domestic Medium Hair,kitten_puppy,Gray,Energetic; Playful; Affectionate,house_with_yard,moderate,first_time,1,1,4_7,Independent; Friendly,0,1,0,0,1,0,1,0,1,1,0,1,0,0,0,1,1,0,0,0,0,0.0,0,1,0,0,0,0,1,0,0,0,0,1,0,1,0,1,0,1
*Yogi,dog,Pit Bull Mix,adult,White,Friendly; Energetic; Affectionate,house_with_yard,relaxed,first_time,0,0,8_plus,Protective; Independent,0,1,0,1,0,0,1,0,0,0,0,0,1,0,1,0,0,0,1,0,0,0.0,0,0,0,0,0,0,1,0,1,1,0,1,0,0,0,1,0,1
Buddy,dog,Australian Kelpie Mix,young,Black,Friendly; Energetic; Playful,apartment,relaxed,first_time,0,0,4_7,Calm; Friendly,1,0,0,1,0,0,1,0,0,0,0,1,0,0,1,0,0,1,0,0,0,0.408248,1,1,1,0,0,0,0,0,0,1,0,1,0,1,0,0,0,0
*Ginger,dog,Pit Bull Mix,adult,White,Friendly; Energetic; Affectionate,apartment,moderate,experienced,1,0,4_7,Affectionate; Independent,1,0,0,0,1,0,0,1,1,0,0,1,0,0,1,0,0,0,1,0,0,0.408248,0,0,0,0,0,0,1,1,0,1,0,1,0,0,0,1,0,0
*Hemingway,cat,Siamese Mix,kitten_puppy,Brown,Energetic; Playful; Affectionate,house_no_yard,moderate,first_time,0,1,4_7,Energetic; Playful,0,0,1,0,1,0,1,0,0,1,0,1,0,0,0,1,1,0,0,0,0,0.816497,0,0,0,1,0,1,0,0,0,0,0,1,0,1,0,1,0,1
*Lewis,cat,Domestic Shorthair Mix,kitten_puppy,Orange,Energetic; Playful; Affectionate,house_with_yard,moderate,first_time,0,1,0_3,Energetic,0,1,0,0,1,0,1,0,0,1,1,0,0,1,0,1,1,0,0,0,0,0.57735,0,0,0,1,0,0,0,0,0,0,0,1,0,1,0,1,0,1
Shelter Rescue,dog,Labrador Retriever Mix,kitten_puppy,White,Friendly; Energetic; Playful; Affectionate,apartment,moderate,first_time,1,0,4_7,Energetic,1,0,0,0,1,0,1,0,1,0,0,1,0,0,1,0,1,0,0,0,0,0.5,0,0,0,1,0,0,0,0,0,1,0,1,0,1,0,1,0,0
*Lavender,cat,Domestic Shorthair Mix,kitten_puppy,Orange,Energetic; Playful; Affectionate,house_with_yard,moderate,experienced,1,1,8_plus,Independent; Friendly; Playful,0,1,0,0,1,0,0,1,1,1,0,0,1,1,0,1,1,0,0,0,0,0.333333,1,1,0,0,0,1,1,0,0,0,0,1,0,1,0,1,0,1
Shelter Rescue,dog,Labrador Retriever Mix,young,Brown,Friendly; Energetic; Playful; Affectionate,house_no_yard,high,first_time,0,1,8_plus,Friendly; Protective,0,0,1,0,0,1,1,0,0,1,0,0,1,1,1,0,0,1,0,0,0,0.353553,0,1,0,0,0,0,0,0,1,1,0,1,0,1,0,1,0,1
Segny,dog,Chihuahua Shorthair Mix,young,Brown,Friendly; Calm; Energetic; Playful; Affectionate,house_with_yard,moderate,first_time,1,0,4_7,Shy; Calm; Independent,0,1,0,0,1,0,1,0,1,0,0,1,0,0,1,0,0,1,0,0,0,0.258199,0,0,1,0,1,0,1,0,0,1,1,1,0,1,0,1,0,1
Armani,cat,Domestic Shorthair Mix,kitten_puppy,White,Energetic; Playful; Affectionate,house_with_yard,moderate,first_time,0,0,8_plus,Energetic,0,1,0,0,1,0,1,0,0,0,0,0,1,1,0,1,1,0,0,0,0,0.57735,0,0,0,1,0,0,0,0,0,0,0,1,0,1,0,1,0,0
*Spoon,cat,Domestic Medium Hair Mix,kitten_puppy,Black,Energetic; Playful; Affectionate,apartment,high,experienced,0,1,4_7,Friendly; Playful,1,0,0,0,0,1,0,1,0,1,0,1,0,1,0,1,1,0,0,0,0,0.408248,0,1,0,0,0,1,0,0,0,0,0,1,0,1,0,1,0,1
*Harry,cat,Domestic Shorthair Mix,adult,Orange,Calm; Independent; Affectionate,house_no_yard,relaxed,first_time,0,1,0_3,Affectionate; Calm,0,0,1,1,0,0,1,0,0,1,1,0,0,0,0,1,0,0,1,0,0,0.816497,0,0,1,0,0,0,0,1,0,0,1,0,0,0,1,1,0,1
*Teddy,cat,Domestic Shorthair Mix,kitten_puppy,Gray,Energetic; Playful; Affectionate,house_with_yard,moderate,experienced,0,1,0_3,Protective; Calm,0,1,0,0,1,0,0,1,0,1,1,0,0,0,0,1,1,0,0,0,0,0.0,0,0,1,0,0,0,0,0,1,0,0,1,0,1,0,1,0,1
Shelter Rescue,dog,German Shepherd Mix,kitten_puppy,Black,Friendly; Energetic; Playful; Protective,apartment,relaxed,first_time,1,1,8_plus,Protective; Affectionate,1,0,0,1,0,0,1,0,1,1,0,0,1,0,1,0,1,0,0,0,0,0.353553,0,0,0,0,0,0,0,1,1,1,0,1,0,1,0,0,1,0
Cookie,cat,Domestic Shorthair Mix,adult,Black,Calm; Independent; Affectionate,apartment,high,experienced,0,1,0_3,Affectionate; Playful,1,0,0,0,0,1,0,1,0,1,1,0,0,0,0,1,0,0,1,0,0,0.408248,1,0,0,0,0,1,0,1,0,0,1,0,0,0,1,1,0,1
Shifonet,cat,Domestic Shorthair Mix,adult,Black,Calm; Independent; Affectionate,house_with_yard,moderate,experienced,1,0,4_7,Energetic,0,1,0,0,1,0,0,1,1,0,0,1,0,1,0,1,0,0,1,0,0,0.0,1,0,0,1,0,0,0,0,0,0,1,0,0,0,1,1,0,0
Shelter Rescue,dog,Scottish Terrier Mix,kitten_puppy,Brown,Friendly; Energetic; Playful,house_with_yard,high,first_time,1,0,4_7,Protective; Independent,0,1,0,0,0,1,1,0,1,0,0,1,0,0,1,0,1,0,0,0,0,0.0,1,0,0,0,0,0,1,0,1,1,0,1,0,1,0,0,0,1
Francine,dog,Tibetan Spaniel Mix,young,White,Friendly; Energetic; Playful; Affectionate,house_no_yard,relaxed,first_time,1,1,8_plus,Protective; Energetic; Calm,0,0,1,1,0,0,1,0,1,1,0,0,1,0,1,0,0,1,0,0,0,0.288675,0,0,1,1,0,0,0,0,1,1,0,1,0,1,0,1,0,1
Shelter Rescue,cat,Domestic Shorthair Mix,kitten_puppy,White,Energetic; Playful; Affectionate,apartment,relaxed,first_time,0,1,4_7,Friendly; Protective; Shy,1,0,0,1,0,0,1,0,0,1,0,1,0,0,0,1,1,0,0,0,0,0.0,0,1,0,0,1,0,0,0,1,0,0,1,0,1,0,1,0,1
Eloise,cat,Siamese Mix,adult,Tricolor,Calm; Playful; Independent; Affectionate,house_with_yard,relaxed,first_time,1,1,8_plus,Protective,0,1,0,1,0,0,1,0,1,1,0,0,1,1,0,1,0,0,1,0,0,0.0,0,0,0,0,0,0,0,0,1,0,1,0,0,1,1,1,0,1
*Jacob,cat,Domestic Shorthair Mix,kitten_puppy,White,Energetic; Playful; Affectionate,apartment,moderate,experienced,0,1,0_3,Friendly,1,0,0,0,1,0,0,1,0,1,1,0,0,1,0,1,1,0,0,0,0,0.0,0,1,0,0,0,0,0,0,0,0,0,1,0,1,0,1,0,1
*Mindy,dog,Chihuahua Shorthair Mix,kitten_puppy,Black,Friendly; Calm; Energetic; Playful; Affectionate,apartment,moderate,first_time,1,0,4_7,Energetic; Shy,1,0,0,0,1,0,1,0,1,0,0,1,0,0,1,0,1,0,0,0,0,0.316228,0,0,0,1,1,0,0,0,0,1,1,1,0,1,0,1,0,1
Luna,dog,Labrador Retriever/Beagle,adult,Black,Friendly; Playful; Affectionate,house_no_yard,relaxed,experienced,0,1,4_7,Friendly,0,0,1,1,0,0,0,1,0,1,0,1,0,1,1,0,0,0,1,0,0,0.57735,0,1,0,0,0,0,0,0,0,1,0,0,0,1,0,1,0,1
Shelter Rescue,cat,Domestic Shorthair Mix,kitten_puppy,Black,Energetic; Playful; Affectionate,apartment,moderate,experienced,0,1,0_3,Protective; Affectionate; Independent,1,0,0,0,1,0,0,1,0,1,1,0,0,0,0,1,1,0,0,0,0,0.333333,1,0,0,0,0,0,1,1,1,0,0,1,0,1,0,1,0,1
Slinky,cat,Domestic Shorthair Mix,kitten_puppy,Tabby,Energetic; Playful; Affectionate,house_with_yard,relaxed,first_time,1,0,8_plus,Energetic; Shy,0,1,0,1,0,0,1,0,1,0,0,0,1,0,0,1,1,0,0,0,0,0.408248,0,0,0,1,1,0,0,0,0,0,0,1,0,1,0,1,0,0
*Alamo,dog,Staffordshire Mix,young,White,Friendly; Energetic; Playful,house_with_yard,high,first_time,0,1,4_7,Friendly; Independent,0,1,0,0,0,1,1,0,0,1,0,1,0,0,1,0,0,1,0,0,0,0.408248,0,1,0,0,0,0,1,0,0,1,0,1,0,1,0,0,0,1
*Cisco,dog,Australian Cattle Dog,young,Orange,Friendly; Energetic; Playful,house_with_yard,moderate,first_time,1,1,0_3,Energetic; Playful; Friendly,0,1,0,0,1,0,1,0,1,1,1,0,0,0,1,0,0,1,0,0,0,1.0,0,1,0,1,0,1,0,0,0,1,0,1,0,1,0,0,0,1
Shelter Rescue,cat,Domestic Shorthair Mix,kitten_puppy,Tricolor,Energetic; Playful; Affectionate,apartment,high,first_time,0,0,0_3,Shy; Playful; Calm,1,0,0,0,0,1,1,0,0,0,1,0,0,0,0,1,1,0,0,0,0,0.333333,1,0,1,0,1,1,0,0,0,0,0,1,0,1,0,1,0,1
*Fiona,dog,Chihuahua Shorthair Mix,young,White,Friendly; Calm; Energetic; Playful; Affectionate,house_no_yard,moderate,first_time,0,1,8_plus,Affectionate,0,0,1,0,1,0,1,0,0,1,0,0,1,0,1,0,0,1,0,0,0,0.447214,0,0,0,0,0,0,0,1,0,1,1,1,0,1,0,1,0,1
Brisket,dog,Australian Cattle Dog Mix,kitten_puppy,Tricolor,Friendly; Energetic; Playful,house_with_yard,moderate,experienced,0,0,4_7,Playful; Protective; Independent,0,1,0,0,1,0,0,1,0,0,0,1,0,0,1,0,1,0,0,0,0,0.333333,1,0,0,0,0,1,1,0,1,1,0,1,0,1,0,0,0,1
Flash,dog,Jack Russell Terrier Mix,kitten_puppy,Tricolor,Friendly; Energetic; Playful,house_with_yard,moderate,experienced,0,1,0_3,Energetic; Independent; Calm,0,1,0,0,1,0,0,1,0,1,1,0,0,0,1,0,1,0,0,0,0,0.333333,0,0,1,1,0,0,1,0,0,1,0,1,0,1,0,0,0,1
Sophie,dog,Cairn Terrier Mix,young,White,Friendly; Energetic; Playful,house_no_yard,moderate,experienced,1,1,0_3,Protective; Shy; Friendly,0,0,1,0,1,0,0,1,1,1,1,0,0,0,1,0,0,1,0,0,0,0.333333,1,1,0,0,1,0,0,0,1,1,0,1,0,1,0,0,0,1
Uno,dog,Miniature Poodle,adult,White,Friendly; Playful; Affectionate,house_no_yard,high,experienced,1,0,8_plus,Friendly; Shy; Independent,0,0,1,0,0,1,0,1,1,0,0,0,1,0,1,0,0,0,1,0,0,0.333333,1,1,0,0,1,0,1,0,0,1,0,0,0,1,0,1,0,1
Shelter Rescue,cat,Domestic Longhair Mix,kitten_puppy,Black,Energetic; Playful; Affectionate,apartment,relaxed,first_time,1,1,0_3,Friendly,1,0,0,1,0,0,1,0,1,1,1,0,0,1,0,1,1,0,0,0,0,0.0,0,1,0,0,0,0,0,0,0,0,0,1,0,1,0,1,0,1
Bobby Lee,cat,Domestic Shorthair Mix,adult,Gray,Calm; Independent; Affectionate,apartment,moderate,experienced,0,0,4_7,Friendly,1,0,0,0,1,0,0,1,0,0,0,1,0,0,0,1,0,0,1,0,0,0.0,0,1,0,0,0,0,0,0,0,0,1,0,0,0,1,1,0,0
*Ebbie,cat,Domestic Shorthair Mix,kitten_puppy,White,Energetic; Playful; Affectionate,apartment,high,first_time,1,0,4_7,Independent; Shy; Protective,1,0,0,0,0,1,1,0,1,0,0,1,0,0,0,1,1,0,0,0,0,0.0,1,0,0,0,1,0,1,0,1,0,0,1,0,1,0,1,0,1
Audrey,dog,Chihuahua Shorthair Mix,kitten_puppy,Brown,Friendly; Calm; Energetic; Playful; Affectionate,apartment,relaxed,experienced,0,1,8_plus,Protective; Affectionate,1,0,0,1,0,0,0,1,0,1,0,0,1,1,1,0,1,0,0,0,0,0.316228,1,0,0,0,0,0,0,1,1,1,1,1,0,1,0,1,0,1
*Lytton,dog,Pit Bull Mix,adult,Orange,Friendly; Energetic; Affectionate,house_with_yard,relaxed,experienced,0,1,8_plus,Energetic,0,1,0,1,0,0,0,1,0,1,0,0,1,0,1,0,0,0,1,0,0,0.57735,0,0,0,1,0,0,0,0,0,1,0,1,0,0,0,1,0,1
Shelter Rescue,cat,Domestic Shorthair Mix,kitten_puppy,Tabby,Energetic; Playful; Affectionate,house_with_yard,moderate,experienced,0,0,0_3,Shy,0,1,0,0,1,0,0,1,0,0,1,0,0,0,0,1,1,0,0,0,0,0.0,0,0,0,0,1,0,0,0,0,0,0,1,0,1,0,1,0,1
Paintball,dog,Cairn Terrier Mix,young,White,Friendly; Energetic; Playful,apartment,high,first_time,0,0,0_3,Independent; Affectionate; Friendly,1,0,0,0,0,1,1,0,0,0,1,0,0,0,1,0,0,1,0,0,0,0.333333,1,1,0,0,0,0,1,1,0,1,0,1,0,1,0,0,0,1
*Teddy,dog,Chow Chow/German Shepherd,adult,Black,Friendly; Energetic; Affectionate; Protective,apartment,moderate,experienced,1,0,8_plus,Friendly,1,0,0,0,1,0,0,1,1,0,0,0,1,0,1,0,0,0,1,0,0,0.5,0,1,0,0,0,0,0,0,0,1,0,1,0,0,0,1,1,0
*Maybelle,cat,Domestic Shorthair Mix,young,Orange,Calm; Independent; Affectionate,house_no_yard,relaxed,first_time,0,1,4_7,Affectionate,0,0,1,1,0,0,1,0,0,1,0,1,0,1,0,1,0,1,0,0,0,0.57735,0,0,0,0,0,0,0,1,0,0,1,0,0,0,1,1,0,1
Rello,dog,Pit Bull Mix,young,White,Friendly; Energetic; Playful,apartment,moderate,experienced,1,1,8_plus,Affectionate; Friendly,1,0,0,0,1,0,0,1,1,1,0,0,1,0,1,0,0,1,0,0,0,0.408248,1,1,0,0,0,0,0,1,0,1,0,1,0,1,0,0,0,1
Jinx,cat,Balinese Mix,kitten_puppy,White,Energetic; Playful; Affectionate,apartment,relaxed,first_time,0,1,0_3,Friendly; Affectionate,1,0,0,1,0,0,1,0,0,1,1,0,0,1,0,1,1,0,0,0,0,0.408248,1,1,0,0,0,0,0,1,0,0,0,1,0,1,0,1,0,1
*Caitlyn,cat,Domestic Medium Hair Mix,kitten_puppy,White,Energetic; Playful; Affectionate,house_no_yard,relaxed,first_time,0,1,0_3,Affectionate; Playful,0,0,1,1,0,0,1,0,0,1,1,0,0,1,0,1,1,0,0,0,0,0.816497,0,0,0,0,0,1,0,1,0,0,0,1,0,1,0,1,0,1
*Moze,cat,Domestic Shorthair Mix,kitten_puppy,Tabby,Energetic; Playful; Affectionate,house_no_yard,high,first_time,1,1,8_plus,Friendly; Energetic,0,0,1,0,0,1,1,0,1,1,0,0,1,1,0,1,1,0,0,0,0,0.408248,0,1,0,1,0,0,0,0,0,0,0,1,0,1,0,1,0,1
C.K.,cat,Domestic Shorthair Mix,young,Black,Calm; Independent; Affectionate,apartment,moderate,first_time,1,1,4_7,Affectionate; Energetic,1,0,0,0,1,0,1,0,1,1,0,1,0,0,0,1,0,1,0,0,0,0.408248,1,0,0,1,0,0,0,1,0,0,1,0,0,0,1,1,0,1
Zoey,dog,Australian Cattle Dog Mix,adult,Gray,Friendly; Affectionate,house_with_yard,high,experienced,0,1,8_plus,Affectionate; Friendly,0,1,0,0,0,1,0,1,0,1,0,0,1,0,1,0,0,0,1,0,0,1.0,1,1,0,0,0,0,0,1,0,1,0,0,0,0,0,1,0,1
Tata,cat,Domestic Shorthair Mix,young,Black,Calm; Independent; Affectionate,house_no_yard,relaxed,experienced,1,0,4_7,Protective,0,0,1,1,0,0,0,1,1,0,0,1,0,0,0,1,0,1,0,0,0,0.0,0,0,0,0,0,0,0,0,1,0,1,0,0,0,1,1,0,0
*Lunar,cat,Domestic Shorthair Mix,kitten_puppy,Black,Energetic; Playful; Affectionate,house_no_yard,relaxed,first_time,0,0,4_7,Energetic; Independent,0,0,1,1,0,0,1,0,0,0,0,1,0,1,0,1,1,0,0,0,0,0.408248,1,0,0,1,0,0,1,0,0,0,0,1,0,1,0,1,0,0
Shelter Rescue,dog,Border Collie Mix,kitten_puppy,Black,Friendly; Energetic; Playful,house_with_yard,moderate,experienced,0,0,8_plus,Independent; Friendly; Affectionate,0,1,0,0,1,0,0,1,0,0,0,0,1,0,1,0,1,0,0,0,0,0.333333,0,1,0,0,0,0,1,1,0,1,0,1,0,1,0,0,0,0
*Poppy,cat,Domestic Shorthair Mix,kitten_puppy,Tabby,Energetic; Playful; Affectionate,apartment,high,experienced,1,0,8_plus,Energetic; Playful; Independent,1,0,0,0,0,1,0,1,1,0,0,0,1,0,0,1,1,0,0,0,0,0.666667,0,0,0,1,0,1,1,0,0,0,0,1,0,1,0,1,0,1
*Hannah Blue,cat,Domestic Shorthair Mix,kitten_puppy,White,Energetic; Playful; Affectionate,apartment,relaxed,experienced,1,1,0_3,Calm; Independent,1,0,0,1,0,0,0,1,1,1,1,0,0,0,0,1,1,0,0,0,0,0.0,1,0,1,0,0,0,1,0,0,0,0,1,0,1,0,1,0,1
Oliver,cat,Domestic Shorthair Mix,kitten_puppy,Tabby,Energetic; Playful; Affectionate,house_with_yard,relaxed,first_time,0,1,8_plus,Playful,0,1,0,1,0,0,1,0,0,1,0,0,1,0,0,1,1,0,0,0,0,0.57735,0,0,0,0,0,1,0,0,0,0,0,1,0,1,0,1,0,1
Gunnar,dog,Australian Cattle Dog/German Shepherd,kitten_puppy,Brown,Friendly; Energetic; Playful; Protective,apartment,relaxed,first_time,1,0,0_3,Affectionate; Playful; Friendly,1,0,0,1,0,0,1,0,1,0,1,0,0,0,1,0,1,0,0,0,0,0.57735,0,1,0,0,0,1,0,1,0,1,0,1,0,1,0,0,1,1
Cocoa,dog,Border Collie Mix,young,Black,Friendly; Energetic; Playful,house_no_yard,high,first_time,0,0,0_3,Friendly; Independent; Energetic,0,0,1,0,0,1,1,0,0,0,1,0,0,0,1,0,0,1,0,0,0,0.666667,1,1,0,1,0,0,1,0,0,1,0,1,0,1,0,0,0,1
Gilbert,dog,Pit Bull Mix,adult,White,Friendly; Energetic; Affectionate,house_no_yard,relaxed,first_time,0,0,0_3,Calm; Energetic,0,0,1,1,0,0,1,0,0,0,1,0,0,0,1,0,0,0,1,0,0,0.408248,0,0,1,1,0,0,0,0,0,1,0,1,0,0,0,1,0,1
Gracie,dog,Rat Terrier/Chihuahua Shorthair,young,White,Friendly; Calm; Energetic; Playful; Affectionate,house_no_yard,relaxed,first_time,0,0,0_3,Protective; Energetic,0,0,1,1,0,0,1,0,0,0,1,0,0,0,1,0,0,1,0,0,0,0.316228,0,0,0,1,0,0,0,0,1,1,1,1,0,1,0,1,0,1
*Birch,cat,Domestic Shorthair Mix,kitten_puppy,Black,Energetic; Playful; Affectionate,apartment,moderate,first_time,1,1,0_3,Energetic; Calm; Independent,1,0,0,0,1,0,1,0,1,1,1,0,0,0,0,1,1,0,0,0,0,0.333333,0,0,1,1,0,0,1,0,0,0,0,1,0,1,0,1,0,1
*Blue,cat,Domestic Shorthair Mix,kitten_puppy,Gray,Energetic; Playful; Affectionate,house_with_yard,relaxed,experienced,0,1,8_plus,Playful; Energetic; Friendly,0,1,0,1,0,0,0,1,0,1,0,0,1,0,0,1,1,0,0,0,0,0.666667,0,1,0,1,0,1,0,0,0,0,0,1,0,1,0,1,0,1
Zeta,dog,Boxer Mix,young,White,Friendly; Energetic; Playful,house_with_yard,moderate,experienced,1,1,0_3,Shy,0,1,0,0,1,0,0,1,1,1,1,0,0,0,1,0,0,1,0,0,0,0.0,0,0,0,0,1,0,0,0,0,1,0,1,0,1,0,0,0,1
Shelter Rescue,cat,Domestic Shorthair Mix,kitten_puppy,Tabby,Energetic; Playful; Affectionate,house_with_yard,relaxed,first_time,0,0,8_plus,Shy; Protective; Playful,0,1,0,1,0,0,1,0,0,0,0,0,1,0,0,1,1,0,0,0,0,0.333333,0,0,0,0,1,1,0,0,1,0,0,1,0,1,0,1,0,0
Shelter Rescue,dog,Rat Terrier Mix,young,Tricolor,Friendly; Energetic; Playful,house_with_yard,high,first_time,0,0,8_plus,Shy; Affectionate,0,1,0,0,0,1,1,0,0,0,0,0,1,0,1,0,0,1,0,0,0,0.0,0,0,0,0,1,0,0,1,0,1,0,1,0,1,0,0,0,1
Juno,dog,Siberian Husky Mix,kitten_puppy,Black,Friendly; Energetic; Playful,house_no_yard,high,experienced,1,0,4_7,Protective; Playful,0,0,1,0,0,1,0,1,1,0,0,1,0,1,1,0,1,0,0,0,0,0.408248,1,0,0,0,0,1,0,0,1,1,0,1,0,1,0,0,0,1
*Charlie,dog,Labrador Retriever Mix,adult,Brown,Friendly; Playful; Affectionate,apartment,relaxed,experienced,1,1,8_plus,Calm,1,0,0,1,0,0,0,1,1,1,0,0,1,0,1,0,0,0,1,0,0,0.0,0,0,1,0,0,0,0,0,0,1,0,0,0,1,0,1,0,0
Shadow,dog,Labrador Retriever Mix,young,White,Friendly; Energetic; Playful; Affectionate,house_no_yard,moderate,experienced,1,1,4_7,Calm; Shy; Independent,0,0,1,0,1,0,0,1,1,1,0,1,0,0,1,0,0,1,0,0,0,0.0,0,0,1,0,1,0,1,0,0,1,0,1,0,1,0,1,0,0
Tiki,cat,Domestic Shorthair Mix,kitten_puppy,Black,Energetic; Playful; Affectionate,house_with_yard,moderate,experienced,0,1,4_7,Friendly; Energetic,0,1,0,0,1,0,0,1,0,1,0,1,0,0,0,1,1,0,0,0,0,0.408248,1,1,0,1,0,0,0,0,0,0,0,1,0,1,0,1,0,1
*Peter,dog,Greyhound Mix,kitten_puppy,White,Friendly; Energetic; Playful,house_with_yard,relaxed,experienced,0,0,8_plus,Playful; Affectionate; Friendly,0,1,0,1,0,0,0,1,0,0,0,0,1,0,1,0,1,0,0,0,0,0.666667,0,1,0,0,0,1,0,1,0,1,0,1,0,1,0,0,0,0
*Hailey,dog,Great Pyrenees Mix,young,White,Friendly; Energetic; Playful,apartment,high,experienced,0,0,0_3,Protective; Calm; Playful,1,0,0,0,0,1,0,1,0,0,1,0,0,0,1,0,0,1,0,0,0,0.333333,0,0,1,0,0,1,0,0,1,1,0,1,0,1,0,0,0,0
*Griswald,dog,Chihuahua Shorthair Mix,adult,Brown,Friendly; Calm; Affectionate,house_no_yard,high,experienced,0,0,0_3,Playful; Calm; Affectionate,0,0,1,0,0,1,0,1,0,0,1,0,0,0,1,0,0,0,1,0,0,0.666667,0,0,1,0,0,1,0,1,0,1,1,0,0,0,0,1,0,1
Lizzie,cat,Domestic Shorthair Mix,kitten_puppy,Tricolor,Energetic; Playful; Affectionate,house_no_yard,moderate,experienced,0,0,8_plus,Protective; Calm; Playful,0,0,1,0,1,0,0,1,0,0,0,0,1,0,0,1,1,0,0,0,0,0.333333,0,0,1,0,0,1,0,0,1,0,0,1,0,1,0,1,0,0
*Delilah,dog,Australian Cattle Dog Mix,kitten_puppy,White,Friendly; Energetic; Playful,house_with_yard,high,experienced,0,1,0_3,Energetic,0,1,0,0,0,1,0,1,0,1,1,0,0,0,1,0,1,0,0,0,0,0.57735,1,0,0,1,0,0,0,0,0,1,0,1,0,1,0,0,0,1
Jax,dog,Australian Cattle Dog Mix,kitten_puppy,Brown,Friendly; Energetic; Playful,house_with_yard,high,experienced,1,1,4_7,Playful,0,1,0,0,0,1,0,1,1,1,0,1,0,1,1,0,1,0,0,0,0,0.57735,0,0,0,0,0,1,0,0,0,1,0,1,0,1,0,0,0,1
*Xafi,cat,Domestic Shorthair Mix,adult,Tricolor,Calm; Independent; Affectionate,house_with_yard,high,first_time,0,0,0_3,Protective; Energetic; Affectionate,0,1,0,0,0,1,1,0,0,0,1,0,0,1,0,1,0,0,1,0,0,0.333333,1,0,0,1,0,0,0,1,1,0,1,0,0,0,1,1,0,1
Gracie,cat,Domestic Shorthair Mix,kitten_puppy,Gray,Energetic; Playful; Affectionate,house_with_yard,moderate,first_time,0,1,4_7,Affectionate,0,1,0,0,1,0,1,0,0,1,0,1,0,0,0,1,1,0,0,0,0,0.57735,0,0,0,0,0,0,0,1,0,0,0,1,0,1,0,1,0,1
Skelly,cat,Domestic Shorthair Mix,kitten_puppy,Black,Energetic; Playful; Affectionate,apartment,high,experienced,1,1,0_3,Friendly,1,0,0,0,0,1,0,1,1,1,1,0,0,0,0,1,1,0,0,0,0,0.0,0,1,0,0,0,0,0,0,0,0,0,1,0,1,0,1,0,1
Shelter Rescue,cat,Domestic Shorthair Mix,kitten_puppy,Gray,Energetic; Playful; Affectionate,house_with_yard,moderate,first_time,0,1,0_3,Playful; Shy,0,1,0,0,1,0,1,0,0,1,1,0,0,0,0,1,1,0,0,0,0,0.408248,1,0,0,0,1,1,0,0,0,0,0,1,0,1,0,1,0,1
Indigo,dog,Australian Cattle Dog Mix,young,White,Friendly; Energetic; Playful,house_with_yard,relaxed,experienced,1,0,4_7,Calm; Playful; Shy,0,1,0,1,0,0,0,1,1,0,0,1,0,0,1,0,0,1,0,0,0,0.333333,0,0,1,0,1,1,0,0,0,1,0,1,0,1,0,0,0,1
*Ollie,dog,Chihuahua Shorthair Mix,adult,White,Friendly; Calm; Affectionate,apartment,relaxed,experienced,0,0,8_plus,Independent; Protective; Energetic,1,0,0,1,0,0,0,1,0,0,0,0,1,0,1,0,0,0,1,0,0,0.0,1,0,0,1,0,0,1,0,1,1,1,0,0,0,0,1,0,1
*Randy,cat,Domestic Shorthair Mix,kitten_puppy,Tabby,Energetic; Playful; Affectionate,house_no_yard,relaxed,experienced,0,1,0_3,Shy; Playful; Friendly,0,0,1,1,0,0,0,1,0,1,1,0,0,0,0,1,1,0,0,0,0,0.333333,1,1,0,0,1,1,0,0,0,0,0,1,0,1,0,1,0,1
Tinker Bell,dog,Chihuahua Shorthair Mix,young,White,Friendly; Calm; Energetic; Playful; Affectionate,house_with_yard,moderate,experienced,0,0,4_7,Calm; Friendly,0,1,0,0,1,0,0,1,0,0,0,1,0,0,1,0,0,1,0,0,0,0.632456,0,1,1,0,0,0,0,0,0,1,1,1,0,1,0,1,0,1
Kevin,cat,Domestic Shorthair Mix,young,Black,Calm; Independent; Affectionate,house_no_yard,relaxed,first_time,1,0,4_7,Shy,0,0,1,1,0,0,1,0,1,0,0,1,0,0,0,1,0,1,0,0,0,0.0,0,0,0,0,1,0,0,0,0,0,1,0,0,0,1,1,0,1
Phatty,cat,Domestic Shorthair Mix,kitten_puppy,Black,Energetic; Playful; Affectionate,house_no_yard,high,experienced,0,1,8_plus,Protective,0,0,1,0,0,1,0,1,0,1,0,0,1,0,0,1,1,0,0,0,0,0.0,0,0,0,0,0,0,0,0,1,0,0,1,0,1,0,1,0,0
*Linux,dog,Border Collie/Labrador Retriever,young,Black,Friendly; Energetic; Playful; Affectionate,house_with_yard,moderate,first_time,1,1,8_plus,Shy,0,1,0,0,1,0,1,0,1,1,0,0,1,0,1,0,0,1,0,0,0,0.0,1,0,0,0,1,0,0,0,0,1,0,1,0,1,0,1,0,1
*Johanna,cat,Domestic Shorthair Mix,kitten_puppy,Gray,Energetic; Playful; Affectionate,house_with_yard,high,experienced,0,0,4_7,Affectionate,0,1,0,0,0,1,0,1,0,0,0,1,0,1,0,1,1,0,0,0,0,0.57735,0,0,0,0,0,0,0,1,0,0,0,1,0,1,0,1,0,1
Gia,dog,Siberian Husky/Catahoula,kitten_puppy,Brown,Friendly; Energetic; Playful,house_no_yard,moderate,first_time,0,1,4_7,Playful; Friendly,0,0,1,0,1,0,1,0,0,1,0,1,0,0,1,0,1,0,0,0,0,0.816497,0,1,0,0,0,1,0,0,0,1,0,1,0,1,0,0,0,1
Lucy,dog,Dachshund Longhair Mix,adult,Black,Friendly; Calm; Affectionate,apartment,relaxed,experienced,1,0,0_3,Affectionate; Shy,1,0,0,1,0,0,0,1,1,0,1,0,0,0,1,0,0,0,1,0,0,0.408248,0,0,0,0,1,0,0,1,0,1,1,0,0,0,0,1,0,1
*Wrangler,dog,Plott Hound Mix,kitten_puppy,White,Friendly; Energetic; Playful,apartment,relaxed,experienced,0,1,0_3,Protective; Shy; Affectionate,1,0,0,1,0,0,0,1,0,1,1,0,0,1,1,0,1,0,0,0,0,0.0,0,0,0,0,1,0,0,1,1,1,0,1,0,1,0,0,0,0
Shelter Rescue,cat,Domestic Shorthair Mix,kitten_puppy,Tabby,Energetic; Playful; Affectionate,apartment,relaxed,first_time,1,1,0_3,Energetic; Playful; Calm,1,0,0,1,0,0,1,0,1,1,1,0,0,0,0,1,1,0,0,0,0,0.666667,0,0,1,1,0,1,0,0,0,0,0,1,0,1,0,1,0,1
Hunter,cat,Siamese Mix,adult,Brown,Calm; Playful; Independent; Affectionate,apartment,relaxed,first_time,1,0,4_7,Independent,1,0,0,1,0,0,1,0,1,0,0,1,0,0,0,1,0,0,1,0,0,0.5,0,0,0,0,0,0,1,0,0,0,1,0,0,1,1,1,0,1
Appa,dog,Anatol Shepherd Mix,young,Brown,Friendly; Energetic; Playful; Protective,house_no_yard,relaxed,experienced,1,0,4_7,Affectionate; Friendly; Shy,0,0,1,1,0,0,0,1,1,0,0,1,0,1,1,0,0,1,0,0,0,0.288675,0,1,0,0,1,0,0,1,0,1,0,1,0,1,0,0,1,0
*Emile,cat,Domestic Shorthair Mix,kitten_puppy,Tabby,Energetic; Playful; Affectionate,house_no_yard,moderate,experienced,0,0,0_3,Affectionate; Shy,0,0,1,0,1,0,0,1,0,0,1,0,0,0,0,1,1,0,0,0,0,0.408248,0,0,0,0,1,0,0,1,0,0,0,1,0,1,0,1,0,1
Andy,dog,Shih Tzu/Miniature Poodle,kitten_puppy,White,Friendly; Calm; Energetic; Playful; Affectionate,house_no_yard,moderate,first_time,0,1,8_plus,Calm,0,0,1,0,1,0,1,0,0,1,0,0,1,0,1,0,1,0,0,0,0,0.447214,0,0,1,0,0,0,0,0,0,1,1,1,0,1,0,1,0,1
*Gemma,cat,Domestic Shorthair Mix,kitten_puppy,White,Energetic; Playful; Affectionate,house_with_yard,relaxed,first_time,0,1,4_7,Affectionate; Independent,0,1,0,1,0,0,1,0,0,1,0,1,0,0,0,1,1,0,0,0,0,0.408248,0,0,0,0,0,0,1,1,0,0,0,1,0,1,0,1,0,1
Blue,dog,Bluetick Hound Mix,young,Black,Friendly; Energetic; Playful,apartment,relaxed,experienced,1,1,4_7,Energetic; Playful; Friendly,1,0,0,1,0,0,0,1,1,1,0,1,0,0,1,0,0,1,0,0,0,1.0,0,1,0,1,0,1,0,0,0,1,0,1,0,1,0,0,0,1
Apollo,dog,Australian Cattle Dog/Labrador Retriever,kitten_puppy,Gray,Friendly; Energetic; Playful; Affectionate,apartment,relaxed,experienced,0,1,8_plus,Independent; Affectionate,1,0,0,1,0,0,0,1,0,1,0,0,1,1,1,0,1,0,0,0,0,0.353553,1,0,0,0,0,0,1,1,0,1,0,1,0,1,0,1,0,0
*Lena,cat,Domestic Medium Hair Mix,young,Tabby,Calm; Independent; Affectionate,house_no_yard,moderate,experienced,1,0,8_plus,Calm,0,0,1,0,1,0,0,1,1,0,0,0,1,1,0,1,0,1,0,0,0,0.57735,0,0,1,0,0,0,0,0,0,0,1,0,0,0,1,1,0,1
Precious,dog,Chihuahua Shorthair Mix,kitten_puppy,White,Friendly; Calm; Energetic; Playful; Affectionate,house_with_yard,moderate,experienced,0,1,0_3,Protective; Friendly,0,1,0,0,1,0,0,1,0,1,1,0,0,0,1,0,1,0,0,0,0,0.316228,1,1,0,0,0,0,0,0,1,1,1,1,0,1,0,1,0,1
Shelter Rescue,dog,Jack Russell Terrier Mix,kitten_puppy,Tricolor,Friendly; Energetic; Playful,apartment,relaxed,experienced,0,0,8_plus,Energetic,1,0,0,1,0,0,0,1,0,0,0,0,1,1,1,0,1,0,0,0,0,0.57735,1,0,0,1,0,0,0,0,0,1,0,1,0,1,0,0,0,0
*Turkey,cat,Domestic Shorthair Mix,kitten_puppy,Tabby,Energetic; Playful; Affectionate,house_with_yard,high,experienced,0,1,0_3,Affectionate; Calm,0,1,0,0,0,1,0,1,0,1,1,0,0,0,0,1,1,0,0,0,0,0.408248,0,0,1,0,0,0,0,1,0,0,0,1,0,1,0,1,0,1
Max,dog,Miniature Schnauzer Mix,adult,Black,Friendly; Affectionate,apartment,high,first_time,0,1,4_7,Independent,1,0,0,0,0,1,1,0,0,1,0,1,0,0,1,0,0,0,1,0,0,0.0,0,0,0,0,0,0,1,0,0,1,0,0,0,0,0,1,0,0
*Roscoe,cat,Domestic Longhair Mix,kitten_puppy,Black,Energetic; Playful; Affectionate,house_with_yard,moderate,first_time,1,1,0_3,Protective; Affectionate; Energetic,0,1,0,0,1,0,1,0,1,1,1,0,0,0,0,1,1,0,0,0,0,0.666667,1,0,0,1,0,0,0,1,1,0,0,1,0,1,0,1,0,1
*Lucy,dog,Chihuahua Shorthair Mix,young,White,Friendly; Calm; Energetic; Playful; Affectionate,house_no_yard,high,first_time,1,0,0_3,Calm; Shy; Playful,0,0,1,0,0,1,1,0,1,0,1,0,0,0,1,0,0,1,0,0,0,0.516398,1,0,1,0,1,1,0,0,0,1,1,1,0,1,0,1,0,1
*Lucy,dog,Pit Bull Mix,young,Black,Friendly; Energetic; Playful,house_with_yard,relaxed,experienced,0,1,8_plus,Calm; Energetic; Friendly,0,1,0,1,0,0,0,1,0,1,0,0,1,1,1,0,0,1,0,0,0,0.666667,0,1,1,1,0,0,0,0,0,1,0,1,0,1,0,0,0,1
Ace,dog,American Bulldog Mix,kitten_puppy,White,Friendly; Energetic; Playful,house_with_yard,relaxed,experienced,0,0,4_7,Playful,0,1,0,1,0,0,0,1,0,0,0,1,0,1,1,0,1,0,0,0,0,0.57735,0,0,0,0,0,1,0,0,0,1,0,1,0,1,0,0,0,1
Kareina,cat,Domestic Medium Hair Mix,senior,Tricolor,Calm; Independent,house_with_yard,moderate,first_time,0,1,8_plus,Affectionate,0,1,0,0,1,0,1,0,0,1,0,0,1,1,0,1,0,0,0,1,0,0.0,1,0,0,0,0,0,0,1,0,0,1,0,0,0,1,0,0,1
Snow Toes,cat,Domestic Shorthair Mix,kitten_puppy,White,Energetic; Playful; Affectionate,house_no_yard,moderate,first_time,0,1,4_7,Shy,0,0,1,0,1,0,1,0,0,1,0,1,0,0,0,1,1,0,0,0,0,0.0,0,0,0,0,1,0,0,0,0,0,0,1,0,1,0,1,0,0
Sophie,dog,Pit Bull Mix,adult,Black,Friendly; Energetic; Affectionate,apartment,relaxed,first_time,1,0,8_plus,Independent; Playful,1,0,0,1,0,0,1,0,1,0,0,0,1,1,1,0,0,0,1,0,0,0.0,1,0,0,0,0,1,1,0,0,1,0,1,0,0,0,1,0,0
*Lana,cat,Domestic Shorthair Mix,young,Tricolor,Calm; Independent; Affectionate,apartment,relaxed,experienced,1,1,0_3,Friendly; Calm,1,0,0,1,0,0,0,1,1,1,1,0,0,0,0,1,0,1,0,0,0,0.408248,0,1,1,0,0,0,0,0,0,0,1,0,0,0,1,1,0,1
Mint,cat,Domestic Shorthair Mix,kitten_puppy,White,Energetic; Playful; Affectionate,apartment,relaxed,experienced,0,1,4_7,Energetic; Shy,1,0,0,1,0,0,0,1,0,1,0,1,0,0,0,1,1,0,0,0,0,0.408248,0,0,0,1,1,0,0,0,0,0,0,1,0,1,0,1,0,1
*Goose,dog,English Pointer Mix,kitten_puppy,Tricolor,Friendly; Energetic; Playful,house_with_yard,relaxed,first_time,1,1,8_plus,Playful,0,1,0,1,0,0,1,0,1,1,0,0,1,0,1,0,1,0,0,0,0,0.57735,0,0,0,0,0,1,0,0,0,1,0,1,0,1,0,0,0,1
Audrey,cat,Domestic Shorthair Mix,kitten_puppy,Tricolor,Energetic; Playful; Affectionate,house_no_yard,high,experienced,0,1,8_plus,Independent,0,0,1,0,0,1,0,1,0,1,0,0,1,0,0,1,1,0,0,0,0,0.0,0,0,0,0,0,0,1,0,0,0,0,1,0,1,0,1,0,0
Rocky,dog,Miniature Schnauzer Mix,adult,Gray,Friendly; Affectionate,house_with_yard,high,first_time,1,1,0_3,Friendly,0,1,0,0,0,1,1,0,1,1,1,0,0,1,1,0,0,0,1,0,0,0.707107,0,1,0,0,0,0,0,0,0,1,0,0,0,0,0,1,0,1
*Willis,dog,Pit Bull Mix,adult,White,Friendly; Energetic; Affectionate,house_with_yard,relaxed,first_time,0,0,8_plus,Shy; Energetic; Protective,0,1,0,1,0,0,1,0,0,0,0,0,1,0,1,0,0,0,1,0,0,0.333333,0,0,0,1,1,0,0,0,1,1,0,1,0,0,0,1,0,1
Roma,dog,Pit Bull/Labrador Retriever,young,White,Friendly; Energetic; Playful; Affectionate,house_no_yard,moderate,first_time,0,1,0_3,Independent; Playful,0,0,1,0,1,0,1,0,0,1,1,0,0,0,1,0,0,1,0,0,0,0.353553,0,0,0,0,0,1,1,0,0,1,0,1,0,1,0,1,0,1
*Mitch,dog,Pug/Staffordshire,adult,Black,Friendly; Calm; Affectionate,apartment,relaxed,experienced,1,1,8_plus,Calm,1,0,0,1,0,0,0,1,1,1,0,0,1,0,1,0,0,0,1,0,0,0.57735,0,0,1,0,0,0,0,0,0,1,1,0,0,0,0,1,0,1
Jake,cat,Domestic Shorthair Mix,kitten_puppy,Black,Energetic; Playful; Affectionate,apartment,relaxed,experienced,0,0,0_3,Energetic; Calm; Independent,1,0,0,1,0,0,0,1,0,0,1,0,0,0,0,1,1,0,0,0,0,0.333333,0,0,1,1,0,0,1,0,0,0,0,1,0,1,0,1,0,1
Bugs,dog,Boxer/Pit Bull,adult,White,Friendly; Energetic; Affectionate,house_with_yard,moderate,experienced,1,0,0_3,Protective; Energetic; Calm,0,1,0,0,1,0,0,1,1,0,1,0,0,1,1,0,0,0,1,0,0,0.333333,1,0,1,1,0,0,0,0,1,1,0,1,0,0,0,1,0,1
*Lena,cat,Domestic Shorthair Mix,young,Black,Calm; Independent; Affectionate,house_with_yard,high,first_time,0,1,4_7,Protective; Affectionate,0,1,0,0,0,1,1,0,0,1,0,1,0,0,0,1,0,1,0,0,0,0.408248,0,0,0,0,0,0,0,1,1,0,1,0,0,0,1,1,0,0
Shelter Rescue,dog,Australian Cattle Dog/Cardigan Welsh Corgi,kitten_puppy,Orange,Friendly; Energetic; Playful,apartment,high,first_time,0,0,0_3,Calm; Affectionate; Shy,1,0,0,0,0,1,1,0,0,0,1,0,0,0,1,0,1,0,0,0,0,0.0,0,0,1,0,1,0,0,1,0,1,0,1,0,1,0,0,0,1
Remi,dog,Labrador Retriever Mix,kitten_puppy,Black,Friendly; Energetic; Playful; Affectionate,house_with_yard,relaxed,first_time,0,1,4_7,Independent; Energetic; Playful,0,1,0,1,0,0,1,0,0,1,0,1,0,1,1,0,1,0,0,0,0,0.57735,0,0,0,1,0,1,1,0,0,1,0,1,0,1,0,1,0,1
*Charlie,cat,Domestic Shorthair Mix,kitten_puppy,Orange,Energetic; Playful; Affectionate,apartment,moderate,first_time,0,0,0_3,Energetic,1,0,0,0,1,0,1,0,0,0,1,0,0,0,0,1,1,0,0,0,0,0.57735,0,0,0,1,0,0,0,0,0,0,0,1,0,1,0,1,0,1
Shelter Rescue,dog,Redbone Hound Mix,kitten_puppy,Orange,Friendly; Energetic; Playful,apartment,high,experienced,0,1,8_plus,Playful; Affectionate; Calm,1,0,0,0,0,1,0,1,0,1,0,0,1,0,1,0,1,0,0,0,0,0.333333,0,0,1,0,0,1,0,1,0,1,0,1,0,1,0,0,0,0
*Quentin,cat,Domestic Shorthair Mix,kitten_puppy,Black,Energetic; Playful; Affectionate,house_no_yard,high,experienced,0,1,4_7,Protective; Friendly; Calm,0,0,1,0,0,1,0,1,0,1,0,1,0,0,0,1,1,0,0,0,0,0.0,0,1,1,0,0,0,0,0,1,0,0,1,0,1,0,1,0,1
Kato,dog,Labrador Retriever/German Shepherd,kitten_puppy,Brown,Friendly; Energetic; Playful; Affectionate; Protective,apartment,high,first_time,0,0,8_plus,Friendly; Affectionate; Protective,1,0,0,0,0,1,1,0,0,0,0,0,1,1,1,0,1,0,0,0,0,0.774597,0,1,0,0,0,0,0,1,1,1,0,1,0,1,0,1,1,0
Dottie,dog,Catahoula Mix,young,Black,Friendly; Energetic; Playful,house_with_yard,moderate,experienced,0,0,4_7,Affectionate,0,1,0,0,1,0,0,1,0,0,0,1,0,0,1,0,0,1,0,0,0,0.0,0,0,0,0,0,0,0,1,0,1,0,1,0,1,0,0,0,0
Tyson,dog,English Bulldog Mix,young,Tricolor,Friendly; Energetic; Playful,apartment,relaxed,experienced,0,0,8_plus,Independent; Friendly; Playful,1,0,0,1,0,0,0,1,0,0,0,0,1,0,1,0,0,1,0,0,0,0.666667,0,1,0,0,0,1,1,0,0,1,0,1,0,1,0,0,0,0
*Guadalupe,dog,Blue Lacy Mix,young,White,Friendly; Energetic; Playful,house_with_yard,relaxed,first_time,1,1,8_plus,Energetic; Friendly; Calm,0,1,0,1,0,0,1,0,1,1,0,0,1,0,1,0,0,1,0,0,0,0.666667,0,1,1,1,0,0,0,0,0,1,0,1,0,1,0,0,0,1
Max,dog,German Shepherd Mix,young,Black,Friendly; Energetic; Playful; Protective,house_no_yard,relaxed,experienced,1,0,4_7,Affectionate; Independent; Energetic,0,0,1,1,0,0,0,1,1,0,0,1,0,0,1,0,0,1,0,0,0,0.288675,0,0,0,1,0,0,1,1,0,1,0,1,0,1,0,0,1,0
Shelter Rescue,dog,Anatol Shepherd Mix,kitten_puppy,White,Friendly; Energetic; Playful; Protective,house_with_yard,moderate,experienced,0,0,0_3,Calm,0,1,0,0,1,0,0,1,0,0,1,0,0,0,1,0,1,0,0,0,0,0.0,0,0,1,0,0,0,0,0,0,1,0,1,0,1,0,0,1,1
Conan,dog,Chihuahua Shorthair Mix,kitten_puppy,Brown,Friendly; Calm; Energetic; Playful; Affectionate,house_with_yard,relaxed,experienced,1,0,8_plus,Calm; Friendly; Playful,0,1,0,1,0,0,0,1,1,0,0,0,1,0,1,0,1,0,0,0,0,0.774597,0,1,1,0,0,1,0,0,0,1,1,1,0,1,0,1,0,1
Shelter Rescue,cat,Domestic Shorthair Mix,kitten_puppy,Tabby,Energetic; Playful; Affectionate,apartment,relaxed,first_time,0,0,0_3,Calm; Playful,1,0,0,1,0,0,1,0,0,0,1,0,0,1,0,1,1,0,0,0,0,0.408248,1,0,1,0,0,1,0,0,0,0,0,1,0,1,0,1,0,1
Shelter Rescue,cat,Domestic Shorthair Mix,kitten_puppy,Tricolor,Energetic; Playful; Affectionate,house_with_yard,moderate,experienced,0,0,0_3,Friendly; Shy,0,1,0,0,1,0,0,1,0,0,1,0,0,0,0,1,1,0,0,0,0,0.0,0,1,0,0,1,0,0,0,0,0,0,1,0,1,0,1,0,1
Denver,dog,Labrador Retriever/Pit Bull,kitten_puppy,White,Friendly; Energetic; Playful; Affectionate,apartment,high,experienced,1,1,0_3,Independent; Playful; Calm,1,0,0,0,0,1,0,1,1,1,1,0,0,0,1,0,1,0,0,0,0,0.288675,1,0,1,0,0,1,1,0,0,1,0,1,0,1,0,1,0,1
Shelter Rescue,cat,Domestic Shorthair Mix,kitten_puppy,Black,Energetic; Playful; Affectionate,apartment,high,first_time,1,1,0_3,Independent,1,0,0,0,0,1,1,0,1,1,1,0,0,0,0,1,1,0,0,0,0,0.0,0,0,0,0,0,0,1,0,0,0,0,1,0,1,0,1,0,1
George,cat,Domestic Shorthair Mix,kitten_puppy,Gray,Energetic; Playful; Affectionate,house_no_yard,high,first_time,0,0,8_plus,Shy; Calm; Energetic,0,0,1,0,0,1,1,0,0,0,0,0,1,1,0,1,1,0,0,0,0,0.333333,0,0,1,1,1,0,0,0,0,0,0,1,0,1,0,1,0,0
*Jill,dog,Border Collie Mix,adult,Black,Friendly; Energetic; Affectionate,apartment,moderate,experienced,0,0,4_7,Independent; Energetic,1,0,0,0,1,0,0,1,0,0,0,1,0,0,1,0,0,0,1,0,0,0.408248,0,0,0,1,0,0,1,0,0,1,0,1,0,0,0,1,0,0
*Deebs,cat,Domestic Shorthair Mix,senior,Black,Calm; Independent,house_with_yard,relaxed,experienced,0,1,4_7,Affectionate; Energetic,0,1,0,1,0,0,0,1,0,1,0,1,0,0,0,1,0,0,0,1,0,0.0,0,0,0,1,0,0,0,1,0,0,1,0,0,0,1,0,0,0
Daisy Mae,dog,Toy Poodle Mix,adult,Gray,Friendly; Playful; Affectionate,apartment,relaxed,experienced,0,0,8_plus,Protective; Affectionate; Friendly,1,0,0,1,0,0,0,1,0,0,0,0,1,0,1,0,0,0,1,0,0,0.666667,0,1,0,0,0,0,0,1,1,1,0,0,0,1,0,1,0,0
*Jesse,dog,German Shepherd Mix,kitten_puppy,Black,Friendly; Energetic; Playful; Protective,house_with_yard,relaxed,experienced,0,1,4_7,Protective,0,1,0,1,0,0,0,1,0,1,0,1,0,0,1,0,1,0,0,0,0,0.5,1,0,0,0,0,0,0,0,1,1,0,1,0,1,0,0,1,1
Shelter Rescue,dog,Plott Hound Mix,kitten_puppy,Brown,Friendly; Energetic; Playful,house_no_yard,high,experienced,0,1,0_3,Calm; Protective; Energetic,0,0,1,0,0,1,0,1,0,1,1,0,0,0,1,0,1,0,0,0,0,0.333333,1,0,1,1,0,0,0,0,1,1,0,1,0,1,0,0,0,1
*Danny,cat,Domestic Medium Hair Mix,kitten_puppy,Tabby,Energetic; Playful; Affectionate,house_no_yard,high,experienced,0,0,8_plus,Protective; Friendly,0,0,1,0,0,1,0,1,0,0,0,0,1,1,0,1,1,0,0,0,0,0.0,0,1,0,0,0,0,0,0,1,0,0,1,0,1,0,1,0,0
*Caleb,dog,Labrador Retriever Mix,adult,Brown,Friendly; Playful; Affectionate,house_with_yard,high,first_time,0,1,8_plus,Playful; Calm; Protective,0,1,0,0,0,1,1,0,0,1,0,0,1,0,1,0,0,0,1,0,0,0.333333,0,0,1,0,0,1,0,0,1,1,0,0,0,1,0,1,0,1
Lola,cat,Domestic Shorthair Mix,young,Tricolor,Calm; Independent; Affectionate,house_no_yard,high,first_time,0,0,8_plus,Affectionate; Shy,0,0,1,0,0,1,1,0,0,0,0,0,1,0,0,1,0,1,0,0,0,0.408248,0,0,0,0,1,0,0,1,0,0,1,0,0,0,1,1,0,1
*Jam,cat,Domestic Shorthair Mix,kitten_puppy,Black,Energetic; Playful; Affectionate,house_no_yard,relaxed,experienced,0,1,8_plus,Affectionate; Energetic; Calm,0,0,1,1,0,0,0,1,0,1,0,0,1,0,0,1,1,0,0,0,0,0.666667,0,0,1,1,0,0,0,1,0,0,0,1,0,1,0,1,0,0
*Tobie,cat,Domestic Shorthair Mix,kitten_puppy,White,Energetic; Playful; Affectionate,apartment,high,first_time,0,1,4_7,Shy; Protective; Energetic,1,0,0,0,0,1,1,0,0,1,0,1,0,0,0,1,1,0,0,0,0,0.333333,0,0,0,1,1,0,0,0,1,0,0,1,0,1,0,1,0,1
*Rhodes,dog,Labrador Retriever/Rottweiler,kitten_puppy,Black,Friendly; Energetic; Playful; Affectionate,house_with_yard,relaxed,first_time,1,1,8_plus,Affectionate; Independent,0,1,0,1,0,0,1,0,1,1,0,0,1,1,1,0,1,0,0,0,0,0.353553,0,0,0,0,0,0,1,1,0,1,0,1,0,1,0,1,0,1
Dora,cat,Domestic Medium Hair Mix,kitten_puppy,Black,Energetic; Playful; Affectionate,house_with_yard,moderate,first_time,0,1,0_3,Energetic; Affectionate,0,1,0,0,1,0,1,0,0,1,1,0,0,0,0,1,1,0,0,0,0,0.816497,0,0,0,1,0,0,0,1,0,0,0,1,0,1,0,1,0,1
Chiquita,dog,Chihuahua Shorthair Mix,young,Black,Friendly; Calm; Energetic; Playful; Affectionate,apartment,high,first_time,1,1,4_7,Shy; Playful,1,0,0,0,0,1,1,0,1,1,0,1,0,1,1,0,0,1,0,0,0,0.316228,0,0,0,0,1,1,0,0,0,1,1,1,0,1,0,1,0,1
Diamond,dog,Pit Bull Mix,kitten_puppy,White,Friendly; Energetic; Playful,house_no_yard,relaxed,experienced,1,1,4_7,Protective; Energetic; Playful,0,0,1,1,0,0,0,1,1,1,0,1,0,1,1,0,1,0,0,0,0,0.666667,0,0,0,1,0,1,0,0,1,1,0,1,0,1,0,0,0,1
Bruno,dog,Labrador Retriever Mix,kitten_puppy,Black,Friendly; Energetic; Playful; Affectionate,apartment,high,first_time,1,0,0_3,Playful; Shy,1,0,0,0,0,1,1,0,1,0,1,0,0,1,1,0,1,0,0,0,0,0.353553,0,0,0,0,1,1,0,0,0,1,0,1,0,1,0,1,0,1
Big Boy,dog,Staffordshire Mix,young,White,Friendly; Energetic; Playful,house_no_yard,moderate,first_time,1,1,4_7,Shy; Protective,0,0,1,0,1,0,1,0,1,1,0,1,0,0,1,0,0,1,0,0,0,0.0,0,0,0,0,1,0,0,0,1,1,0,1,0,1,0,0,0,1
Maylee,dog,Cairn Terrier Mix,young,Black,Friendly; Energetic; Playful,apartment,relaxed,first_time,1,1,4_7,Energetic,1,0,0,1,0,0,1,0,1,1,0,1,0,1,1,0,0,1,0,0,0,0.57735,1,0,0,1,0,0,0,0,0,1,0,1,0,1,0,0,0,1
Bowie,dog,Border Collie Mix,young,Black,Friendly; Energetic; Playful,house_with_yard,moderate,experienced,1,1,0_3,Calm,0,1,0,0,1,0,0,1,1,1,1,0,0,0,1,0,0,1,0,0,0,0.0,0,0,1,0,0,0,0,0,0,1,0,1,0,1,0,0,0,1
*Bitsie,dog,Chinese Sharpei Mix,young,White,Friendly; Energetic; Playful,house_with_yard,moderate,experienced,0,0,8_plus,Playful; Friendly,0,1,0,0,1,0,0,1,0,0,0,0,1,0,1,0,0,1,0,0,0,0.816497,1,1,0,0,0,1,0,0,0,1,0,1,0,1,0,0,0,1
Max,cat,Domestic Shorthair Mix,adult,Black,Calm; Independent; Affectionate,apartment,moderate,first_time,1,1,8_plus,Affectionate; Energetic,1,0,0,0,1,0,1,0,1,1,0,0,1,0,0,1,0,0,1,0,0,0.408248,1,0,0,1,0,0,0,1,0,0,1,0,0,0,1,1,0,1
Piper,dog,Boston Terrier Mix,adult,Brown,Friendly; Energetic; Affectionate,apartment,relaxed,first_time,0,1,8_plus,Friendly; Shy; Independent,1,0,0,1,0,0,1,0,0,1,0,0,1,0,1,0,0,0,1,0,0,0.333333,0,1,0,0,1,0,1,0,0,1,0,1,0,0,0,1,0,0
*Sky,dog,Catahoula Mix,kitten_puppy,White,Friendly; Energetic; Playful,house_no_yard,relaxed,experienced,0,0,4_7,Independent; Friendly,0,0,1,1,0,0,0,1,0,0,0,1,0,1,1,0,1,0,0,0,0,0.408248,0,1,0,0,0,0,1,0,0,1,0,1,0,1,0,0,0,0
*Charlie,dog,Labrador Retriever Mix,adult,Brown,Friendly; Playful; Affectionate,house_no_yard,relaxed,experienced,0,1,4_7,Affectionate; Independent; Energetic,0,0,1,1,0,0,0,1,0,1,0,1,0,0,1,0,0,0,1,0,0,0.333333,0,0,0,1,0,0,1,1,0,1,0,0,0,1,0,1,0,0
Shelter Rescue,cat,Domestic Shorthair Mix,young,Tabby,Calm; Independent; Affectionate,apartment,relaxed,first_time,1,1,8_plus,Affectionate,1,0,0,1,0,0,1,0,1,1,0,0,1,0,0,1,0,1,0,0,0,0.57735,1,0,0,0,0,0,0,1,0,0,1,0,0,0,1,1,0,1
Lacy,dog,Golden Retriever/Labrador Retriever,kitten_puppy,Brown,Friendly; Energetic; Playful; Affectionate,house_no_yard,moderate,experienced,0,0,8_plus,Playful,0,0,1,0,1,0,0,1,0,0,0,0,1,0,1,0,1,0,0,0,0,0.5,0,0,0,0,0,1,0,0,0,1,0,1,0,1,0,1,0,0
Shelter Rescue,cat,Domestic Shorthair Mix,kitten_puppy,Orange,Energetic; Playful; Affectionate,house_with_yard,moderate,experienced,0,0,8_plus,Calm; Independent,0,1,0,0,1,0,0,1,0,0,0,0,1,1,0,1,1,0,0,0,0,0.0,1,0,1,0,0,0,1,0,0,0,0,1,0,1,0,1,0,0
Bambi,dog,Labrador Retriever Mix,kitten_puppy,White,Friendly; Energetic; Playful; Affectionate,house_with_yard,relaxed,first_time,0,1,4_7,Independent,0,1,0,1,0,0,1,0,0,1,0,1,0,0,1,0,1,0,0,0,0,0.0,0,0,0,0,0,0,1,0,0,1,0,1,0,1,0,1,0,1
Shelter Rescue,dog,Labrador Retriever/Weimaraner,kitten_puppy,Brown,Friendly; Energetic; Playful; Affectionate,house_no_yard,relaxed,experienced,1,0,4_7,Calm; Shy; Friendly,0,0,1,1,0,0,0,1,1,0,0,1,0,0,1,0,1,0,0,0,0,0.288675,0,1,1,0,1,0,0,0,0,1,0,1,0,1,0,1,0,0
*Salsa,cat,American Shorthair Mix,kitten_puppy,White,Energetic; Playful; Affectionate,apartment,relaxed,first_time,1,0,4_7,Energetic,1,0,0,1,0,0,1,0,1,0,0,1,0,0,0,1,1,0,0,0,0,0.57735,0,0,0,1,0,0,0,0,0,0,0,1,0,1,0,1,0,1
*Sawyer,cat,Domestic Shorthair Mix,kitten_puppy,White,Energetic; Playful; Affectionate,house_no_yard,moderate,first_time,1,0,0_3,Independent,0,0,1,0,1,0,1,0,1,0,1,0,0,0,0,1,1,0,0,0,0,0.0,0,0,0,0,0,0,1,0,0,0,0,1,0,1,0,1,0,1
*Deedee,cat,Domestic Shorthair Mix,kitten_puppy,Black,Energetic; Playful; Affectionate,apartment,moderate,first_time,1,1,4_7,Energetic; Calm,1,0,0,0,1,0,1,0,1,1,0,1,0,0,0,1,1,0,0,0,0,0.408248,0,0,1,1,0,0,0,0,0,0,0,1,0,1,0,1,0,1
Shelter Rescue,cat,Domestic Shorthair Mix,kitten_puppy,White,Energetic; Playful; Affectionate,house_no_yard,moderate,first_time,1,1,4_7,Energetic,0,0,1,0,1,0,1,0,1,1,0,1,0,1,0,1,1,0,0,0,0,0.57735,0,0,0,1,0,0,0,0,0,0,0,1,0,1,0,1,0,1
*Nod,cat,Domestic Shorthair Mix,kitten_puppy,Black,Energetic; Playful; Affectionate,apartment,high,experienced,1,0,0_3,Friendly; Protective,1,0,0,0,0,1,0,1,1,0,1,0,0,1,0,1,1,0,0,0,0,0.0,0,1,0,0,0,0,0,0,1,0,0,1,0,1,0,1,0,1
Toddy,cat,Domestic Shorthair Mix,young,White,Calm; Independent; Affectionate,apartment,relaxed,first_time,0,0,8_plus,Friendly,1,0,0,1,0,0,1,0,0,0,0,0,1,0,0,1,0,1,0,0,0,0.0,0,1,0,0,0,0,0,0,0,0,1,0,0,0,1,1,0,1
*Leia,cat,Domestic Shorthair Mix,kitten_puppy,Tricolor,Energetic; Playful; Affectionate,house_with_yard,high,first_time,1,0,0_3,Calm,0,1,0,0,0,1,1,0,1,0,1,0,0,0,0,1,1,0,0,0,0,0.0,0,0,1,0,0,0,0,0,0,0,0,1,0,1,0,1,0,1
Shelter Rescue,dog,Labrador Retriever/Catahoula,kitten_puppy,White,Friendly; Energetic; Playful; Affectionate,house_with_yard,relaxed,first_time,1,0,4_7,Affectionate,0,1,0,1,0,0,1,0,1,0,0,1,0,0,1,0,1,0,0,0,0,0.5,0,0,0,0,0,0,0,1,0,1,0,1,0,1,0,1,0,1
Mamas,dog,Pit Bull Mix,adult,White,Friendly; Energetic; Affectionate,apartment,high,experienced,1,1,4_7,Energetic,1,0,0,0,0,1,0,1,1,1,0,1,0,1,1,0,0,0,1,0,0,0.57735,0,0,0,1,0,0,0,0,0,1,0,1,0,0,0,1,0,1
Duncan,cat,Domestic Shorthair Mix,senior,Black,Calm; Independent,apartment,high,experienced,0,0,0_3,Playful; Calm,1,0,0,0,0,1,0,1,0,0,1,0,0,0,0,1,0,0,0,1,0,0.5,0,0,1,0,0,1,0,0,0,0,1,0,0,0,1,0,0,1
Shelter Rescue,dog,Labrador Retriever Mix,young,Black,Friendly; Energetic; Playful; Affectionate,house_no_yard,moderate,experienced,1,0,0_3,Shy,0,0,1,0,1,0,0,1,1,0,1,0,0,0,1,0,0,1,0,0,0,0.0,0,0,0,0,1,0,0,0,0,1,0,1,0,1,0,1,0,1
Diamond,dog,Blue Lacy Mix,kitten_puppy,White,Friendly; Energetic; Playful,house_with_yard,moderate,first_time,0,1,0_3,Shy; Calm,0,1,0,0,1,0,1,0,0,1,1,0,0,0,1,0,1,0,0,0,0,0.0,0,0,1,0,1,0,0,0,0,1,0,1,0,1,0,0,0,1
*Phoebe,dog,Labrador Retriever Mix,young,White,Friendly; Energetic; Playful; Affectionate,apartment,relaxed,experienced,1,0,8_plus,Calm,1,0,0,1,0,0,0,1,1,0,0,0,1,0,1,0,0,1,0,0,0,0.0,1,0,1,0,0,0,0,0,0,1,0,1,0,1,0,1,0,0
Bobby,cat,Domestic Medium Hair Mix,adult,Black,Calm; Independent; Affectionate,house_no_yard,high,experienced,0,0,4_7,Playful; Affectionate,0,0,1,0,0,1,0,1,0,0,0,1,0,1,0,1,0,0,1,0,0,0.408248,0,0,0,0,0,1,0,1,0,0,1,0,0,0,1,1,0,0
*Teddy,dog,Australian Cattle Dog Mix,young,Brown,Friendly; Energetic; Playful,house_no_yard,relaxed,first_time,0,0,8_plus,Shy,0,0,1,1,0,0,1,0,0,0,0,0,1,0,1,0,0,1,0,0,0,0.0,0,0,0,0,1,0,0,0,0,1,0,1,0,1,0,0,0,0
Sweet Pea,cat,Scottish Fold Mix,adult,Black,Calm; Independent; Affectionate,house_no_yard,moderate,first_time,0,1,8_plus,Affectionate; Friendly,0,0,1,0,1,0,1,0,0,1,0,0,1,0,0,1,0,0,1,0,0,0.408248,0,1,0,0,0,0,0,1,0,0,1,0,0,0,1,1,0,1
*Orrin,cat,Domestic Shorthair Mix,senior,Orange,Calm; Independent,house_no_yard,high,first_time,0,1,8_plus,Calm; Protective,0,0,1,0,0,1,1,0,0,1,0,0,1,0,0,1,0,0,0,1,0,0.5,0,0,1,0,0,0,0,0,1,0,1,0,0,0,1,0,0,1
Milo,dog,Labrador Retriever Mix,kitten_puppy,Black,Friendly; Energetic; Playful; Affectionate,house_no_yard,high,experienced,0,1,4_7,Friendly,0,0,1,0,0,1,0,1,0,1,0,1,0,0,1,0,1,0,0,0,0,0.5,0,1,0,0,0,0,0,0,0,1,0,1,0,1,0,1,0,1
*Zinn,cat,Domestic Shorthair Mix,kitten_puppy,Orange,Energetic; Playful; Affectionate,house_with_yard,relaxed,experienced,0,0,0_3,Affectionate,0,1,0,1,0,0,0,1,0,0,1,0,0,0,0,1,1,0,0,0,0,0.57735,0,0,0,0,0,0,0,1,0,0,0,1,0,1,0,1,0,1
*Morticia,cat,Domestic Shorthair Mix,kitten_puppy,Black,Energetic; Playful; Affectionate,apartment,relaxed,first_time,1,0,8_plus,Friendly; Independent,1,0,0,1,0,0,1,0,1,0,0,0,1,0,0,1,1,0,0,0,0,0.0,0,1,0,0,0,0,1,0,0,0,0,1,0,1,0,1,0,0
Pekeen,cat,Domestic Shorthair Mix,young,Black,Calm; Independent; Affectionate,house_no_yard,high,experienced,0,1,8_plus,Playful; Independent; Calm,0,0,1,0,0,1,0,1,0,1,0,0,1,1,0,1,0,1,0,0,0,0.666667,0,0,1,0,0,1,1,0,0,0,1,0,0,0,1,1,0,1
Apollo,dog,Alaskan Husky Mix,adult,Brown,Friendly; Energetic; Affectionate,house_with_yard,relaxed,first_time,1,0,8_plus,Shy; Affectionate; Protective,0,1,0,1,0,0,1,0,1,0,0,0,1,0,1,0,0,0,1,0,0,0.333333,0,0,0,0,1,0,0,1,1,1,0,1,0,0,0,1,0,1
*Kirby,dog,Chihuahua Shorthair Mix,kitten_puppy,Brown,Friendly; Calm; Energetic; Playful; Affectionate,house_with_yard,moderate,first_time,1,0,0_3,Shy; Playful,0,1,0,0,1,0,1,0,1,0,1,0,0,0,1,0,1,0,0,0,0,0.316228,0,0,0,0,1,1,0,0,0,1,1,1,0,1,0,1,0,1
*Madge,dog,Jack Russell Terrier,young,White,Friendly; Energetic; Playful,house_with_yard,moderate,first_time,1,1,4_7,Calm; Energetic,0,1,0,0,1,0,1,0,1,1,0,1,0,0,1,0,0,1,0,0,0,0.408248,0,0,1,1,0,0,0,0,0,1,0,1,0,1,0,0,0,1
*Ricky,cat,Domestic Shorthair Mix,kitten_puppy,Orange,Energetic; Playful; Affectionate,house_with_yard,moderate,experienced,0,0,8_plus,Protective,0,1,0,0,1,0,0,1,0,0,0,0,1,0,0,1,1,0,0,0,0,0.0,1,0,0,0,0,0,0,0,1,0,0,1,0,1,0,1,0,0
Bruno,dog,Labrador Retriever Mix,kitten_puppy,Black,Friendly; Energetic; Playful; Affectionate,house_with_yard,moderate,experienced,0,0,8_plus,Independent; Friendly,0,1,0,0,1,0,0,1,0,0,0,0,1,1,1,0,1,0,0,0,0,0.353553,0,1,0,0,0,0,1,0,0,1,0,1,0,1,0,1,0,0
Shelter Rescue,dog,Chihuahua Shorthair Mix,kitten_puppy,White,Friendly; Calm; Energetic; Playful; Affectionate,apartment,moderate,first_time,1,0,0_3,Energetic; Affectionate,1,0,0,0,1,0,1,0,1,0,1,0,0,0,1,0,1,0,0,0,0,0.632456,0,0,0,1,0,0,0,1,0,1,1,1,0,1,0,1,0,1
*Sammie,dog,Australian Cattle Dog Mix,kitten_puppy,Black,Friendly; Energetic; Playful,house_with_yard,moderate,first_time,1,1,8_plus,Calm; Shy; Protective,0,1,0,0,1,0,1,0,1,1,0,0,1,0,1,0,1,0,0,0,0,0.0,0,0,1,0,1,0,0,0,1,1,0,1,0,1,0,0,0,1
Shelter Rescue,dog,St. Bernard Smooth Coat Mix,kitten_puppy,Tricolor,Friendly; Energetic; Playful,apartment,relaxed,first_time,0,1,0_3,Playful; Shy,1,0,0,1,0,0,1,0,0,1,1,0,0,0,1,0,1,0,0,0,0,0.408248,0,0,0,0,1,1,0,0,0,1,0,1,0,1,0,0,0,1
Anna Belle,cat,Domestic Shorthair Mix,kitten_puppy,Tricolor,Energetic; Playful; Affectionate,house_no_yard,moderate,first_time,1,0,4_7,Affectionate; Calm,0,0,1,0,1,0,1,0,1,0,0,1,0,0,0,1,1,0,0,0,0,0.408248,1,0,1,0,0,0,0,1,0,0,0,1,0,1,0,1,0,1
Mitch Zuniga,dog,Rottweiler Mix,young,Tricolor,Friendly; Energetic; Playful,apartment,relaxed,experienced,0,1,8_plus,Calm; Energetic; Friendly,1,0,0,1,0,0,0,1,0,1,0,0,1,0,1,0,0,1,0,0,0,0.666667,0,1,1,1,0,0,0,0,0,1,0,1,0,1,0,0,0,0
*Jonathan,cat,Domestic Shorthair Mix,kitten_puppy,White,Energetic; Playful; Affectionate,house_with_yard,relaxed,first_time,1,1,8_plus,Affectionate; Calm,0,1,0,1,0,0,1,0,1,1,0,0,1,0,0,1,1,0,0,0,0,0.408248,0,0,1,0,0,0,0,1,0,0,0,1,0,1,0,1,0,1
Milo,cat,Domestic Shorthair Mix,senior,Orange,Calm; Independent,house_with_yard,high,experienced,0,0,0_3,Affectionate; Shy,0,1,0,0,0,1,0,1,0,0,1,0,0,0,0,1,0,0,0,1,0,0.0,0,0,0,0,1,0,0,1,0,0,1,0,0,0,1,0,0,0
Shelter Rescue,cat,Domestic Shorthair Mix,kitten_puppy,Orange,Energetic; Playful; Affectionate,house_with_yard,moderate,first_time,0,0,0_3,Calm; Energetic; Independent,0,1,0,0,1,0,1,0,0,0,1,0,0,0,0,1,1,0,0,0,0,0.333333,0,0,1,1,0,0,1,0,0,0,0,1,0,1,0,1,0,1
Shelter Rescue,cat,Domestic Shorthair Mix,kitten_puppy,Black,Energetic; Playful; Affectionate,house_with_yard,moderate,experienced,0,1,8_plus,Playful,0,1,0,0,1,0,0,1,0,1,0,0,1,0,0,1,1,0,0,0,0,0.57735,0,0,0,0,0,1,0,0,0,0,0,1,0,1,0,1,0,1
*Pip,dog,Manchester Terrier Mix,young,Orange,Friendly; Energetic; Playful,house_with_yard,high,experienced,0,0,0_3,Calm; Protective,0,1,0,0,0,1,0,1,0,0,1,0,0,0,1,0,0,1,0,0,0,0.0,0,0,1,0,0,0,0,0,1,1,0,1,0,1,0,0,0,1
Shelter Rescue,dog,Chihuahua Shorthair Mix,young,Black,Friendly; Calm; Energetic; Playful; Affectionate,house_no_yard,high,experienced,1,1,8_plus,Affectionate; Shy; Friendly,0,0,1,0,0,1,0,1,1,1,0,0,1,0,1,0,0,1,0,0,0,0.516398,0,1,0,0,1,0,0,1,0,1,1,1,0,1,0,1,0,1
Romeo,dog,Dachshund/Chihuahua Shorthair,kitten_puppy,Tricolor,Friendly; Calm; Energetic; Playful; Affectionate,apartment,high,first_time,0,1,8_plus,Affectionate,1,0,0,0,0,1,1,0,0,1,0,0,1,0,1,0,1,0,0,0,0,0.447214,0,0,0,0,0,0,0,1,0,1,1,1,0,1,0,1,0,1
Dexter,dog,Dachshund Mix,adult,White,Friendly; Calm; Affectionate,house_with_yard,relaxed,experienced,1,0,8_plus,Energetic; Independent,0,1,0,1,0,0,0,1,1,0,0,0,1,0,1,0,0,0,1,0,0,0.0,1,0,0,1,0,0,1,0,0,1,1,0,0,0,0,1,0,1
Chupychu,dog,Labrador Retriever Mix,young,Black,Friendly; Energetic; Playful; Affectionate,house_no_yard,high,experienced,0,1,4_7,Shy; Friendly,0,0,1,0,0,1,0,1,0,1,0,1,0,0,1,0,0,1,0,0,0,0.353553,1,1,0,0,1,0,0,0,0,1,0,1,0,1,0,1,0,1
*Max,cat,Domestic Shorthair Mix,kitten_puppy,Tabby,Energetic; Playful; Affectionate,house_with_yard,high,experienced,0,1,8_plus,Calm; Playful,0,1,0,0,0,1,0,1,0,1,0,0,1,0,0,1,1,0,0,0,0,0.408248,0,0,1,0,0,1,0,0,0,0,0,1,0,1,0,1,0,1
Shelter Rescue,dog,Chihuahua Shorthair Mix,kitten_puppy,Brown,Friendly; Calm; Energetic; Playful; Affectionate,apartment,high,experienced,0,1,8_plus,Affectionate,1,0,0,0,0,1,0,1,0,1,0,0,1,1,1,0,1,0,0,0,0,0.447214,0,0,0,0,0,0,0,1,0,1,1,1,0,1,0,1,0,1
Shelter Rescue,cat,Domestic Shorthair Mix,kitten_puppy,Black,Energetic; Playful; Affectionate,house_with_yard,high,experienced,0,1,4_7,Shy; Calm; Playful,0,1,0,0,0,1,0,1,0,1,0,1,0,1,0,1,1,0,0,0,0,0.333333,0,0,1,0,1,1,0,0,0,0,0,1,0,1,0,1,0,1
Shelter Rescue,cat,Domestic Shorthair Mix,kitten_puppy,Black,Energetic; Playful; Affectionate,house_with_yard,high,first_time,0,1,8_plus,Playful; Friendly,0,1,0,0,0,1,1,0,0,1,0,0,1,0,0,1,1,0,0,0,0,0.408248,0,1,0,0,0,1,0,0,0,0,0,1,0,1,0,1,0,1
*Dustin,cat,Domestic Shorthair Mix,young,Tabby,Calm; Independent; Affectionate,house_no_yard,relaxed,first_time,1,0,0_3,Playful,0,0,1,1,0,0,1,0,1,0,1,0,0,0,0,1,0,1,0,0,0,0.0,1,0,0,0,0,1,0,0,0,0,1,0,0,0,1,1,0,1
Shelter Rescue,dog,Labrador Retriever Mix,kitten_puppy,Black,Friendly; Energetic; Playful; Affectionate,house_with_yard,moderate,experienced,0,1,8_plus,Independent; Calm; Playful,0,1,0,0,1,0,0,1,0,1,0,0,1,0,1,0,1,0,0,0,0,0.288675,0,0,1,0,0,1,1,0,0,1,0,1,0,1,0,1,0,0
Meg,cat,Domestic Medium Hair Mix,kitten_puppy,Black,Energetic; Playful; Affectionate,house_with_yard,relaxed,experienced,0,0,4_7,Protective,0,1,0,1,0,0,0,1,0,0,0,1,0,1,0,1,1,0,0,0,0,0.0,1,0,0,0,0,0,0,0,1,0,0,1,0,1,0,1,0,0
*Wishbone,cat,Domestic Shorthair Mix,kitten_puppy,White,Energetic; Playful; Affectionate,apartment,high,first_time,0,0,4_7,Calm; Friendly; Energetic,1,0,0,0,0,1,1,0,0,0,0,1,0,0,0,1,1,0,0,0,0,0.333333,1,1,1,1,0,0,0,0,0,0,0,1,0,1,0,1,0,1
*June,cat,Domestic Longhair Mix,kitten_puppy,Gray,Energetic; Playful; Affectionate,house_with_yard,relaxed,first_time,1,0,8_plus,Shy,0,1,0,1,0,0,1,0,1,0,0,0,1,0,0,1,1,0,0,0,0,0.0,0,0,0,0,1,0,0,0,0,0,0,1,0,1,0,1,0,0
Timmy,cat,Domestic Medium Hair/Maine Coon,adult,Tabby,Calm; Independent; Affectionate,house_no_yard,moderate,experienced,0,1,4_7,Friendly; Energetic,0,0,1,0,1,0,0,1,0,1,0,1,0,1,0,1,0,0,1,0,0,0.0,1,1,0,1,0,0,0,0,0,0,1,0,0,0,1,1,0,0
Shelter Rescue,dog,Chihuahua Shorthair Mix,kitten_puppy,White,Friendly; Calm; Energetic; Playful; Affectionate,house_no_yard,high,first_time,0,0,4_7,Energetic; Protective,0,0,1,0,0,1,1,0,0,0,0,1,0,0,1,0,1,0,0,0,0,0.316228,0,0,0,1,0,0,0,0,1,1,1,1,0,1,0,1,0,1
Shelter Rescue,dog,Catahoula Mix,kitten_puppy,Black,Friendly; Energetic; Playful,house_no_yard,moderate,first_time,1,1,4_7,Protective; Independent; Affectionate,0,0,1,0,1,0,1,0,1,1,0,1,0,1,1,0,1,0,0,0,0,0.0,1,0,0,0,0,0,1,1,1,1,0,1,0,1,0,0,0,1
Piper,dog,Labrador Retriever/German Shepherd,young,White,Friendly; Energetic; Playful; Affectionate; Protective,house_with_yard,relaxed,experienced,1,1,0_3,Calm,0,1,0,1,0,0,0,1,1,1,1,0,0,1,1,0,0,1,0,0,0,0.0,1,0,1,0,0,0,0,0,0,1,0,1,0,1,0,1,1,1
*Rene,cat,Domestic Shorthair Mix,young,Black,Calm; Independent; Affectionate,house_no_yard,relaxed,first_time,1,0,0_3,Protective; Playful; Independent,0,0,1,1,0,0,1,0,1,0,1,0,0,0,0,1,0,1,0,0,0,0.333333,0,0,0,0,0,1,1,0,1,0,1,0,0,0,1,1,0,1
*Greta,dog,Chihuahua Shorthair Mix,kitten_puppy,Brown,Friendly; Calm; Energetic; Playful; Affectionate,house_no_yard,relaxed,first_time,0,1,0_3,Playful,0,0,1,1,0,0,1,0,0,1,1,0,0,1,1,0,1,0,0,0,0,0.447214,0,0,0,0,0,1,0,0,0,1,1,1,0,1,0,1,0,1
Shelter Rescue,dog,Shetland Sheepdog Mix,kitten_puppy,Brown,Friendly; Energetic; Playful,apartment,moderate,experienced,1,0,0_3,Independent; Protective; Shy,1,0,0,0,1,0,0,1,1,0,1,0,0,0,1,0,1,0,0,0,0,0.0,0,0,0,0,1,0,1,0,1,1,0,1,0,1,0,0,0,0
*Naima,cat,Domestic Shorthair Mix,young,Tricolor,Calm; Independent; Affectionate,house_no_yard,moderate,first_time,0,1,4_7,Protective; Energetic,0,0,1,0,1,0,1,0,0,1,0,1,0,0,0,1,0,1,0,0,0,0.0,0,0,0,1,0,0,0,0,1,0,1,0,0,0,1,1,0,0
*Dori,dog,Redbone Hound/Boxer,young,Orange,Friendly; Energetic; Playful,house_no_yard,moderate,first_time,0,1,8_plus,Protective; Affectionate,0,0,1,0,1,0,1,0,0,1,0,0,1,0,1,0,0,1,0,0,0,0.0,0,0,0,0,0,0,0,1,1,1,0,1,0,1,0,0,0,0
Roxy,dog,Pit Bull Mix,kitten_puppy,Black,Friendly; Energetic; Playful,house_no_yard,high,experienced,0,1,0_3,Independent; Shy; Friendly,0,0,1,0,0,1,0,1,0,1,1,0,0,0,1,0,1,0,0,0,0,0.333333,0,1,0,0,1,0,1,0,0,1,0,1,0,1,0,0,0,1
*Gloria,cat,Domestic Shorthair Mix,adult,Black,Calm; Independent; Affectionate,apartment,high,experienced,0,1,4_7,Calm,1,0,0,0,0,1,0,1,0,1,0,1,0,0,0,1,0,0,1,0,0,0.57735,0,0,1,0,0,0,0,0,0,0,1,0,0,0,1,1,0,1
*Sweet Pea,cat,Domestic Shorthair Mix,kitten_puppy,Black,Energetic; Playful; Affectionate,house_with_yard,moderate,first_time,1,1,0_3,Friendly,0,1,0,0,1,0,1,0,1,1,1,0,0,0,0,1,1,0,0,0,0,0.0,0,1,0,0,0,0,0,0,0,0,0,1,0,1,0,1,0,1
Davidson,dog,Jack Russell Terrier Mix,kitten_puppy,White,Friendly; Energetic; Playful,house_with_yard,moderate,first_time,0,1,0_3,Calm,0,1,0,0,1,0,1,0,0,1,1,0,0,0,1,0,1,0,0,0,0,0.0,0,0,1,0,0,0,0,0,0,1,0,1,0,1,0,0,0,1
*Charlie,dog,Chihuahua Shorthair Mix,kitten_puppy,Brown,Friendly; Calm; Energetic; Playful; Affectionate,house_with_yard,relaxed,experienced,0,0,4_7,Energetic; Protective,0,1,0,1,0,0,0,1,0,0,0,1,0,0,1,0,1,0,0,0,0,0.316228,0,0,0,1,0,0,0,0,1,1,1,1,0,1,0,1,0,1
Chalky,dog,Miniature Pinscher Mix,adult,Brown,Friendly; Affectionate,house_with_yard,moderate,experienced,0,1,4_7,Energetic; Protective; Calm,0,1,0,0,1,0,0,1,0,1,0,1,0,0,1,0,0,0,1,0,0,0.0,0,0,1,1,0,0,0,0,1,1,0,0,0,0,0,1,0,0
*Trudy,dog,Black Mouth Cur Mix,young,Brown,Friendly; Energetic; Playful,house_with_yard,moderate,experienced,0,1,0_3,Friendly; Affectionate; Independent,0,1,0,0,1,0,0,1,0,1,1,0,0,1,1,0,0,1,0,0,0,0.333333,0,1,0,0,0,0,1,1,0,1,0,1,0,1,0,0,0,1
Kiva,dog,Chihuahua Shorthair/Pug,young,Black,Friendly; Calm; Energetic; Playful; Affectionate,apartment,moderate,first_time,0,1,4_7,Shy; Calm,1,0,0,0,1,0,1,0,0,1,0,1,0,0,1,0,0,1,0,0,0,0.316228,1,0,1,0,1,0,0,0,0,1,1,1,0,1,0,1,0,1
Shelter Rescue,dog,Chesa Bay Retr Mix,kitten_puppy,Brown,Friendly; Energetic; Playful,house_no_yard,moderate,first_time,0,0,8_plus,Protective; Independent,0,0,1,0,1,0,1,0,0,0,0,0,1,1,1,0,1,0,0,0,0,0.0,0,0,0,0,0,0,1,0,1,1,0,1,0,1,0,0,0,0
*Mustang*,dog,Rat Terrier Mix,young,White,Friendly; Energetic; Playful,house_with_yard,moderate,first_time,1,0,4_7,Calm,0,1,0,0,1,0,1,0,1,0,0,1,0,0,1,0,0,1,0,0,0,0.0,0,0,1,0,0,0,0,0,0,1,0,1,0,1,0,0,0,1
*Mundy,cat,Domestic Medium Hair Mix,kitten_puppy,White,Energetic; Playful; Affectionate,apartment,moderate,first_time,0,1,4_7,Independent,1,0,0,0,1,0,1,0,0,1,0,1,0,1,0,1,1,0,0,0,0,0.0,0,0,0,0,0,0,1,0,0,0,0,1,0,1,0,1,0,1
*Cambria,dog,Pit Bull Mix,young,White,Friendly; Energetic; Playful,house_no_yard,moderate,first_time,0,0,0_3,Energetic; Independent,0,0,1,0,1,0,1,0,0,0,1,0,0,0,1,0,0,1,0,0,0,0.408248,1,0,0,1,0,0,1,0,0,1,0,1,0,1,0,0,0,1
*Patton,cat,Domestic Shorthair Mix,kitten_puppy,Black,Energetic; Playful; Affectionate,house_with_yard,relaxed,experienced,0,1,4_7,Playful; Protective,0,1,0,1,0,0,0,1,0,1,0,1,0,0,0,1,1,0,0,0,0,0.408248,0,0,0,0,0,1,0,0,1,0,0,1,0,1,0,1,0,1
Harley,dog,Collie Rough/Labrador Retriever,young,Orange,Friendly; Energetic; Playful; Affectionate,house_with_yard,relaxed,first_time,0,0,8_plus,Independent,0,1,0,1,0,0,1,0,0,0,0,0,1,0,1,0,0,1,0,0,0,0.0,0,0,0,0,0,0,1,0,0,1,0,1,0,1,0,1,0,1
Rin Tin Tin,cat,Domestic Shorthair Mix,kitten_puppy,Tabby,Energetic; Playful; Affectionate,house_no_yard,high,experienced,1,0,0_3,Protective; Affectionate,0,0,1,0,0,1,0,1,1,0,1,0,0,0,0,1,1,0,0,0,0,0.408248,0,0,0,0,0,0,0,1,1,0,0,1,0,1,0,1,0,1
Khaleesi,cat,Siamese Mix,kitten_puppy,Brown,Energetic; Playful; Affectionate,apartment,moderate,experienced,1,1,8_plus,Calm,1,0,0,0,1,0,0,1,1,1,0,0,1,0,0,1,1,0,0,0,0,0.0,0,0,1,0,0,0,0,0,0,0,0,1,0,1,0,1,0,0
Shelter Rescue,dog,Chihuahua Shorthair Mix,kitten_puppy,Black,Friendly; Calm; Energetic; Playful; Affectionate,house_no_yard,relaxed,first_time,1,0,4_7,Playful,0,0,1,1,0,0,1,0,1,0,0,1,0,1,1,0,1,0,0,0,0,0.447214,0,0,0,0,0,1,0,0,0,1,1,1,0,1,0,1,0,1
Kit Kat,cat,Domestic Shorthair Mix,kitten_puppy,White,Energetic; Playful; Affectionate,house_with_yard,moderate,first_time,0,1,8_plus,Independent; Playful,0,1,0,0,1,0,1,0,0,1,0,0,1,0,0,1,1,0,0,0,0,0.408248,1,0,0,0,0,1,1,0,0,0,0,1,0,1,0,1,0,0
Lita,dog,Bruss Griffon/Pug,young,Brown,Friendly; Calm; Energetic; Playful; Affectionate,apartment,moderate,first_time,0,1,8_plus,Protective; Shy,1,0,0,0,1,0,1,0,0,1,0,0,1,0,1,0,0,1,0,0,0,0.0,0,0,0,0,1,0,0,0,1,1,1,1,0,1,0,1,0,1
Megatron,dog,Dachshund/Chihuahua Shorthair,adult,Orange,Friendly; Calm; Affectionate,apartment,relaxed,experienced,0,1,8_plus,Calm; Friendly; Affectionate,1,0,0,1,0,0,0,1,0,1,0,0,1,0,1,0,0,0,1,0,0,1.0,0,1,1,0,0,0,0,1,0,1,1,0,0,0,0,1,0,1
Nala,cat,Domestic Shorthair Mix,kitten_puppy,Gray,Energetic; Playful; Affectionate,house_with_yard,moderate,experienced,0,1,4_7,Calm; Protective,0,1,0,0,1,0,0,1,0,1,0,1,0,0,0,1,1,0,0,0,0,0.0,1,0,1,0,0,0,0,0,1,0,0,1,0,1,0,1,0,1
*Abra,cat,Domestic Shorthair Mix,kitten_puppy,Gray,Energetic; Playful; Affectionate,house_with_yard,high,first_time,0,0,8_plus,Calm; Playful; Friendly,0,1,0,0,0,1,1,0,0,0,0,0,1,0,0,1,1,0,0,0,0,0.333333,1,1,1,0,0,1,0,0,0,0,0,1,0,1,0,1,0,1
Jayden,cat,Siamese Mix,adult,White,Calm; Playful; Independent; Affectionate,house_no_yard,relaxed,experienced,0,0,8_plus,Affectionate,0,0,1,1,0,0,0,1,0,0,0,0,1,0,0,1,0,0,1,0,0,0.5,0,0,0,0,0,0,0,1,0,0,1,0,0,1,1,1,0,1
Shelter Rescue,cat,Maine Coon Mix,young,White,Calm; Independent; Affectionate,house_with_yard,moderate,first_time,0,0,8_plus,Independent; Calm; Friendly,0,1,0,0,1,0,1,0,0,0,0,0,1,0,0,1,0,1,0,0,0,0.666667,0,1,1,0,0,0,1,0,0,0,1,0,0,0,1,1,0,1
*Bono,dog,Australian Shepherd/Alaskan Malamute,adult,White,Friendly; Energetic; Affectionate; Protective,apartment,relaxed,experienced,1,1,8_plus,Friendly,1,0,0,1,0,0,0,1,1,1,0,0,1,0,1,0,0,0,1,0,0,0.5,0,1,0,0,0,0,0,0,0,1,0,1,0,0,0,1,1,0
*Dougie,dog,Norfolk Terrier Mix,young,Brown,Friendly; Energetic; Playful,house_no_yard,moderate,first_time,1,0,4_7,Energetic; Calm; Friendly,0,0,1,0,1,0,1,0,1,0,0,1,0,0,1,0,0,1,0,0,0,0.666667,0,1,1,1,0,0,0,0,0,1,0,1,0,1,0,0,0,1
*Gibson,dog,Border Collie Mix,young,Tricolor,Friendly; Energetic; Playful,house_with_yard,relaxed,experienced,0,0,0_3,Protective; Calm,0,1,0,1,0,0,0,1,0,0,1,0,0,0,1,0,0,1,0,0,0,0.0,0,0,1,0,0,0,0,0,1,1,0,1,0,1,0,0,0,0
*Benjamin,dog,Dachshund,young,Orange,Friendly; Calm; Energetic; Playful; Affectionate,apartment,moderate,experienced,0,0,8_plus,Independent,1,0,0,0,1,0,0,1,0,0,0,0,1,0,1,0,0,1,0,0,0,0.0,0,0,0,0,0,0,1,0,0,1,1,1,0,1,0,1,0,1
Jupiter,cat,Domestic Shorthair Mix,kitten_puppy,Tabby,Energetic; Playful; Affectionate,apartment,high,first_time,1,1,0_3,Friendly,1,0,0,0,0,1,1,0,1,1,1,0,0,0,0,1,1,0,0,0,0,0.0,1,1,0,0,0,0,0,0,0,0,0,1,0,1,0,1,0,1
Tex,dog,Labrador Retriever Mix,young,White,Friendly; Energetic; Playful; Affectionate,house_no_yard,relaxed,first_time,0,0,4_7,Protective; Affectionate; Shy,0,0,1,1,0,0,1,0,0,0,0,1,0,0,1,0,0,1,0,0,0,0.288675,0,0,0,0,1,0,0,1,1,1,0,1,0,1,0,1,0,0
*Christie,dog,Australian Cattle Dog Mix,kitten_puppy,White,Friendly; Energetic; Playful,house_with_yard,moderate,first_time,0,0,8_plus,Independent,0,1,0,0,1,0,1,0,0,0,0,0,1,0,1,0,1,0,0,0,0,0.0,1,0,0,0,0,0,1,0,0,1,0,1,0,1,0,0,0,0
Champ,dog,American Staffordshire Terrier Mix,adult,Orange,Friendly; Energetic; Affectionate,house_with_yard,relaxed,experienced,1,0,8_plus,Shy,0,1,0,1,0,0,0,1,1,0,0,0,1,0,1,0,0,0,1,0,0,0.0,0,0,0,0,1,0,0,0,0,1,0,1,0,0,0,1,0,1
Sebastian,cat,Domestic Shorthair Mix,kitten_puppy,Black,Energetic; Playful; Affectionate,apartment,high,first_time,0,0,8_plus,Energetic,1,0,0,0,0,1,1,0,0,0,0,0,1,0,0,1,1,0,0,0,0,0.57735,1,0,0,1,0,0,0,0,0,0,0,1,0,1,0,1,0,1
Tom,cat,Domestic Medium Hair Mix,kitten_puppy,Tricolor,Energetic; Playful; Affectionate,house_with_yard,moderate,experienced,0,0,8_plus,Independent; Playful,0,1,0,0,1,0,0,1,0,0,0,0,1,1,0,1,1,0,0,0,0,0.408248,0,0,0,0,0,1,1,0,0,0,0,1,0,1,0,1,0,0
Cinco,cat,Domestic Shorthair Mix,adult,Tabby,Calm; Independent; Affectionate,apartment,relaxed,experienced,0,1,0_3,Shy; Energetic,1,0,0,1,0,0,0,1,0,1,1,0,0,0,0,1,0,0,1,0,0,0.0,0,0,0,1,1,0,0,0,0,0,1,0,0,0,1,1,0,1
Charlie,dog,Maltese Mix,adult,White,Friendly; Calm; Affectionate,house_no_yard,high,first_time,0,1,0_3,Playful; Energetic; Protective,0,0,1,0,0,1,1,0,0,1,1,0,0,0,1,0,0,0,1,0,0,0.0,0,0,0,1,0,1,0,0,1,1,1,0,0,0,0,1,0,1
Simba,dog,Toy Poodle Mix,young,Brown,Friendly; Energetic; Playful; Affectionate,house_with_yard,moderate,first_time,1,0,4_7,Friendly; Affectionate; Protective,0,1,0,0,1,0,1,0,1,0,0,1,0,0,1,0,0,1,0,0,0,0.57735,0,1,0,0,0,0,0,1,1,1,0,1,0,1,0,1,0,1
Luna,dog,Labrador Retriever/Pit Bull,kitten_puppy,Black,Friendly; Energetic; Playful; Affectionate,apartment,relaxed,experienced,1,0,8_plus,Independent,1,0,0,1,0,0,0,1,1,0,0,0,1,0,1,0,1,0,0,0,0,0.0,0,0,0,0,0,0,1,0,0,1,0,1,0,1,0,1,0,0
*Athena,cat,Domestic Shorthair Mix,young,White,Calm; Independent; Affectionate,house_with_yard,moderate,experienced,1,0,8_plus,Independent,0,1,0,0,1,0,0,1,1,0,0,0,1,0,0,1,0,1,0,0,0,0.57735,0,0,0,0,0,0,1,0,0,0,1,0,0,0,1,1,0,1
Shelter Rescue,dog,Dachshund/Harrier,kitten_puppy,Black,Friendly; Calm; Energetic; Playful; Affectionate,house_with_yard,moderate,experienced,0,0,4_7,Independent; Friendly; Affectionate,0,1,0,0,1,0,0,1,0,0,0,1,0,0,1,0,1,0,0,0,0,0.516398,1,1,0,0,0,0,1,1,0,1,1,1,0,1,0,1,0,1
Ginger,dog,Pit Bull Mix,young,Brown,Friendly; Energetic; Playful,apartment,moderate,first_time,1,0,4_7,Playful,1,0,0,0,1,0,1,0,1,0,0,1,0,0,1,0,0,1,0,0,0,0.57735,0,0,0,0,0,1,0,0,0,1,0,1,0,1,0,0,0,1
Chacha,dog,Labrador Retriever Mix,adult,Black,Friendly; Playful; Affectionate,apartment,relaxed,first_time,0,0,0_3,Independent; Calm; Playful,1,0,0,1,0,0,1,0,0,0,1,0,0,0,1,0,0,0,1,0,0,0.333333,0,0,1,0,0,1,1,0,0,1,0,0,0,1,0,1,0,1
Cher,cat,Domestic Shorthair Mix,kitten_puppy,White,Energetic; Playful; Affectionate,house_with_yard,moderate,first_time,0,1,0_3,Shy; Friendly,0,1,0,0,1,0,1,0,0,1,1,0,0,1,0,1,1,0,0,0,0,0.0,0,1,0,0,1,0,0,0,0,0,0,1,0,1,0,1,0,1
Creedan,cat,Domestic Shorthair Mix,kitten_puppy,Orange,Energetic; Playful; Affectionate,house_no_yard,high,experienced,1,1,8_plus,Affectionate,0,0,1,0,0,1,0,1,1,1,0,0,1,0,0,1,1,0,0,0,0,0.57735,0,0,0,0,0,0,0,1,0,0,0,1,0,1,0,1,0,1
Bailey,dog,Chow Chow Mix,adult,Orange,Friendly; Affectionate,apartment,relaxed,first_time,0,1,0_3,Calm,1,0,0,1,0,0,1,0,0,1,1,0,0,0,1,0,0,0,1,0,0,0.0,0,0,1,0,0,0,0,0,0,1,0,0,0,0,0,1,0,1
*Farrelly,dog,Cairn Terrier/Chihuahua Shorthair,young,White,Friendly; Calm; Energetic; Playful; Affectionate,apartment,relaxed,first_time,0,0,8_plus,Playful; Protective,1,0,0,1,0,0,1,0,0,0,0,0,1,0,1,0,0,1,0,0,0,0.316228,0,0,0,0,0,1,0,0,1,1,1,1,0,1,0,1,0,1
*Hampton,cat,Domestic Shorthair Mix,kitten_puppy,Black,Energetic; Playful; Affectionate,house_with_yard,relaxed,first_time,0,1,4_7,Energetic; Friendly; Protective,0,1,0,1,0,0,1,0,0,1,0,1,0,0,0,1,1,0,0,0,0,0.333333,0,1,0,1,0,0,0,0,1,0,0,1,0,1,0,1,0,1
Frederick,cat,Domestic Shorthair Mix,kitten_puppy,White,Energetic; Playful; Affectionate,house_with_yard,relaxed,experienced,1,0,4_7,Friendly; Shy; Energetic,0,1,0,1,0,0,0,1,1,0,0,1,0,1,0,1,1,0,0,0,0,0.333333,0,1,0,1,1,0,0,0,0,0,0,1,0,1,0,1,0,1
Jones,dog,Australian Cattle Dog Mix,kitten_puppy,Black,Friendly; Energetic; Playful,apartment,high,first_time,1,1,4_7,Energetic,1,0,0,0,0,1,1,0,1,1,0,1,0,0,1,0,1,0,0,0,0,0.57735,0,0,0,1,0,0,0,0,0,1,0,1,0,1,0,0,0,1
*Leo,dog,Pit Bull Mix,adult,White,Friendly; Energetic; Affectionate,house_no_yard,relaxed,experienced,0,1,4_7,Affectionate; Friendly,0,0,1,1,0,0,0,1,0,1,0,1,0,1,1,0,0,0,1,0,0,0.816497,0,1,0,0,0,0,0,1,0,1,0,1,0,0,0,1,0,1
Shelter Rescue,cat,Domestic Shorthair Mix,kitten_puppy,White,Energetic; Playful; Affectionate,apartment,high,first_time,0,0,0_3,Playful,1,0,0,0,0,1,1,0,0,0,1,0,0,0,0,1,1,0,0,0,0,0.57735,0,0,0,0,0,1,0,0,0,0,0,1,0,1,0,1,0,1
Taffy,cat,Domestic Shorthair Mix,young,Orange,Calm; Independent; Affectionate,apartment,relaxed,first_time,1,1,4_7,Protective; Calm,1,0,0,1,0,0,1,0,1,1,0,1,0,0,0,1,0,1,0,0,0,0.408248,0,0,1,0,0,0,0,0,1,0,1,0,0,0,1,1,0,1
Shelter Rescue,dog,Jack Russell Terrier Mix,kitten_puppy,Tricolor,Friendly; Energetic; Playful,house_with_yard,relaxed,first_time,0,1,0_3,Independent; Friendly; Shy,0,1,0,1,0,0,1,0,0,1,1,0,0,1,1,0,1,0,0,0,0,0.333333,1,1,0,0,1,0,1,0,0,1,0,1,0,1,0,0,0,1
*Casper,cat,Domestic Shorthair Mix,kitten_puppy,Black,Energetic; Playful; Affectionate,house_with_yard,relaxed,experienced,0,0,8_plus,Affectionate,0,1,0,1,0,0,0,1,0,0,0,0,1,1,0,1,1,0,0,0,0,0.57735,1,0,0,0,0,0,0,1,0,0,0,1,0,1,0,1,0,0
*Trixie,dog,Chihuahua Shorthair Mix,adult,White,Friendly; Calm; Affectionate,house_with_yard,moderate,first_time,0,0,0_3,Independent; Calm; Energetic,0,1,0,0,1,0,1,0,0,0,1,0,0,0,1,0,0,0,1,0,0,0.333333,0,0,1,1,0,0,1,0,0,1,1,0,0,0,0,1,0,1
Misty,cat,American Shorthair Mix,kitten_puppy,White,Energetic; Playful; Affectionate,house_with_yard,high,experienced,1,1,8_plus,Affectionate; Protective,0,1,0,0,0,1,0,1,1,1,0,0,1,0,0,1,1,0,0,0,0,0.408248,0,0,0,0,0,0,0,1,1,0,0,1,0,1,0,1,0,1
Maya,dog,Labrador Retriever Mix,kitten_puppy,White,Friendly; Energetic; Playful; Affectionate,house_with_yard,high,experienced,0,1,0_3,Affectionate; Calm; Friendly,0,1,0,0,0,1,0,1,0,1,1,0,0,0,1,0,1,0,0,0,0,0.57735,0,1,1,0,0,0,0,1,0,1,0,1,0,1,0,1,0,1
Papa Chino,dog,Pit Bull Mix,young,Black,Friendly; Energetic; Playful,house_no_yard,moderate,first_time,1,1,8_plus,Independent; Playful; Shy,0,0,1,0,1,0,1,0,1,1,0,0,1,0,1,0,0,1,0,0,0,0.333333,0,0,0,0,1,1,1,0,0,1,0,1,0,1,0,0,0,1
Shelter Rescue,cat,Domestic Shorthair Mix,kitten_puppy,Tricolor,Energetic; Playful; Affectionate,house_no_yard,high,experienced,1,1,0_3,Energetic; Shy,0,0,1,0,0,1,0,1,1,1,1,0,0,0,0,1,1,0,0,0,0,0.408248,1,0,0,1,1,0,0,0,0,0,0,1,0,1,0,1,0,1
Jack,dog,Chihuahua Shorthair Mix,kitten_puppy,White,Friendly; Calm; Energetic; Playful; Affectionate,house_with_yard,relaxed,first_time,0,0,8_plus,Shy; Protective,0,1,0,1,0,0,1,0,0,0,0,0,1,0,1,0,1,0,0,0,0,0.0,1,0,0,0,1,0,0,0,1,1,1,1,0,1,0,1,0,1
Tris,dog,Australian Shepherd Mix,young,Black,Friendly; Energetic; Playful; Protective,house_no_yard,high,first_time,0,0,4_7,Protective; Shy,0,0,1,0,0,1,1,0,0,0,0,1,0,0,1,0,0,1,0,0,0,0.353553,0,0,0,0,1,0,0,0,1,1,0,1,0,1,0,0,1,1
Shelter Rescue,dog,Boxer/Pit Bull,kitten_puppy,White,Friendly; Energetic; Playful,apartment,moderate,experienced,0,0,8_plus,Protective; Shy; Energetic,1,0,0,0,1,0,0,1,0,0,0,0,1,0,1,0,1,0,0,0,0,0.333333,0,0,0,1,1,0,0,0,1,1,0,1,0,1,0,0,0,0
*Topaz,cat,Domestic Shorthair Mix,young,Tricolor,Calm; Independent; Affectionate,house_with_yard,relaxed,first_time,1,1,0_3,Playful; Affectionate,0,1,0,1,0,0,1,0,1,1,1,0,0,0,0,1,0,1,0,0,0,0.408248,0,0,0,0,0,1,0,1,0,0,1,0,0,0,1,1,0,1
Shelter Rescue,dog,Labrador Retriever Mix,kitten_puppy,Brown,Friendly; Energetic; Playful; Affectionate,house_with_yard,relaxed,first_time,1,0,0_3,Protective; Playful,0,1,0,1,0,0,1,0,1,0,1,0,0,0,1,0,1,0,0,0,0,0.353553,0,0,0,0,0,1,0,0,1,1,0,1,0,1,0,1,0,1
Allie,dog,English Bulldog Mix,adult,White,Friendly; Energetic; Affectionate,house_with_yard,high,first_time,1,1,0_3,Independent; Protective; Calm,0,1,0,0,0,1,1,0,1,1,1,0,0,0,1,0,0,0,1,0,0,0.0,1,0,1,0,0,0,1,0,1,1,0,1,0,0,0,1,0,1
Boy Named Su,dog,Chihuahua Shorthair Mix,young,Black,Friendly; Calm; Energetic; Playful; Affectionate,apartment,high,first_time,0,0,0_3,Energetic; Protective,1,0,0,0,0,1,1,0,0,0,1,0,0,0,1,0,0,1,0,0,0,0.316228,0,0,0,1,0,0,0,0,1,1,1,1,0,1,0,1,0,1
Shelter Rescue,dog,Beagle/Dachshund,kitten_puppy,White,Friendly; Calm; Energetic; Playful; Affectionate,house_with_yard,relaxed,experienced,0,1,0_3,Friendly,0,1,0,1,0,0,0,1,0,1,1,0,0,0,1,0,1,0,0,0,0,0.447214,0,1,0,0,0,0,0,0,0,1,1,1,0,1,0,1,0,1
Tank,dog,Chihuahua Shorthair Mix,adult,White,Friendly; Calm; Affectionate,house_with_yard,high,first_time,0,0,0_3,Energetic; Calm; Playful,0,1,0,0,0,1,1,0,0,0,1,0,0,0,1,0,0,0,1,0,0,0.333333,0,0,1,1,0,1,0,0,0,1,1,0,0,0,0,1,0,1
Skye,dog,Australian Shepherd Mix,kitten_puppy,White,Friendly; Energetic; Playful; Protective,house_no_yard,moderate,first_time,1,1,8_plus,Calm; Shy; Protective,0,0,1,0,1,0,1,0,1,1,0,0,1,0,1,0,1,0,0,0,0,0.288675,1,0,1,0,1,0,0,0,1,1,0,1,0,1,0,0,1,0
Bob,cat,Domestic Shorthair Mix,kitten_puppy,White,Energetic; Playful; Affectionate,house_no_yard,high,experienced,1,1,0_3,Protective; Calm; Independent,0,0,1,0,0,1,0,1,1,1,1,0,0,0,0,1,1,0,0,0,0,0.0,0,0,1,0,0,0,1,0,1,0,0,1,0,1,0,1,0,1
Khloe,dog,Chihuahua Shorthair Mix,kitten_puppy,Black,Friendly; Calm; Energetic; Playful; Affectionate,house_with_yard,relaxed,first_time,1,1,8_plus,Protective; Friendly; Affectionate,0,1,0,1,0,0,1,0,1,1,0,0,1,1,1,0,1,0,0,0,0,0.516398,0,1,0,0,0,0,0,1,1,1,1,1,0,1,0,1,0,1
*Betty,cat,Domestic Shorthair Mix,kitten_puppy,Tricolor,Energetic; Playful; Affectionate,house_no_yard,relaxed,first_time,0,1,0_3,Energetic; Affectionate; Calm,0,0,1,1,0,0,1,0,0,1,1,0,0,0,0,1,1,0,0,0,0,0.666667,1,0,1,1,0,0,0,1,0,0,0,1,0,1,0,1,0,1
Mylo,cat,Domestic Shorthair Mix,kitten_puppy,Orange,Energetic; Playful; Affectionate,house_with_yard,high,first_time,0,1,8_plus,Calm; Protective; Shy,0,1,0,0,0,1,1,0,0,1,0,0,1,0,0,1,1,0,0,0,0,0.0,1,0,1,0,1,0,0,0,1,0,0,1,0,1,0,1,0,1
*Wendy,cat,Domestic Shorthair Mix,kitten_puppy,Tabby,Energetic; Playful; Affectionate,apartment,relaxed,first_time,0,1,8_plus,Shy; Friendly,1,0,0,1,0,0,1,0,0,1,0,0,1,0,0,1,1,0,0,0,0,0.0,0,1,0,0,1,0,0,0,0,0,0,1,0,1,0,1,0,0
Maisey,dog,Mastiff,adult,Brown,Friendly; Affectionate,apartment,high,experienced,0,1,0_3,Friendly,1,0,0,0,0,1,0,1,0,1,1,0,0,0,1,0,0,0,1,0,0,0.707107,1,1,0,0,0,0,0,0,0,1,0,0,0,0,0,1,0,1
*Garrett,dog,Pit Bull Mix,kitten_puppy,Tricolor,Friendly; Energetic; Playful,house_with_yard,relaxed,first_time,0,1,8_plus,Protective,0,1,0,1,0,0,1,0,0,1,0,0,1,0,1,0,1,0,0,0,0,0.0,0,0,0,0,0,0,0,0,1,1,0,1,0,1,0,0,0,0
*Juliet,cat,Domestic Shorthair Mix,kitten_puppy,White,Energetic; Playful; Affectionate,apartment,relaxed,first_time,1,0,4_7,Protective,1,0,0,1,0,0,1,0,1,0,0,1,0,0,0,1,1,0,0,0,0,0.0,0,0,0,0,0,0,0,0,1,0,0,1,0,1,0,1,0,1
Pooh Bear,cat,Domestic Shorthair Mix,young,Orange,Calm; Independent; Affectionate,house_with_yard,relaxed,experienced,1,1,0_3,Shy; Calm; Independent,0,1,0,1,0,0,0,1,1,1,1,0,0,0,0,1,0,1,0,0,0,0.666667,0,0,1,0,1,0,1,0,0,0,1,0,0,0,1,1,0,1
*Levi,dog,Pit Bull Mix,kitten_puppy,White,Friendly; Energetic; Playful,house_with_yard,high,experienced,1,1,8_plus,Calm; Friendly,0,1,0,0,0,1,0,1,1,1,0,0,1,0,1,0,1,0,0,0,0,0.408248,1,1,1,0,0,0,0,0,0,1,0,1,0,1,0,0,0,1
*Saya,cat,Domestic Shorthair Mix,kitten_puppy,Tricolor,Energetic; Playful; Affectionate,apartment,high,first_time,0,1,0_3,Protective; Friendly; Playful,1,0,0,0,0,1,1,0,0,1,1,0,0,0,0,1,1,0,0,0,0,0.333333,0,1,0,0,0,1,0,0,1,0,0,1,0,1,0,1,0,1
*Penelope,dog,Catahoula Mix,young,White,Friendly; Energetic; Playful,house_with_yard,high,first_time,0,1,0_3,Independent; Friendly,0,1,0,0,0,1,1,0,0,1,1,0,0,0,1,0,0,1,0,0,0,0.408248,0,1,0,0,0,0,1,0,0,1,0,1,0,1,0,0,0,1
*Sunny,dog,Black Mouth Cur Mix,young,White,Friendly; Energetic; Playful,house_with_yard,high,first_time,0,1,4_7,Calm; Independent,0,1,0,0,0,1,1,0,0,1,0,1,0,1,1,0,0,1,0,0,0,0.0,0,0,1,0,0,0,1,0,0,1,0,1,0,1,0,0,0,1
*Tina,cat,Domestic Shorthair Mix,kitten_puppy,Tricolor,Energetic; Playful; Affectionate,house_no_yard,moderate,experienced,0,0,8_plus,Friendly; Energetic,0,0,1,0,1,0,0,1,0,0,0,0,1,0,0,1,1,0,0,0,0,0.408248,0,1,0,1,0,0,0,0,0,0,0,1,0,1,0,1,0,0
Hope,cat,Domestic Shorthair Mix,young,Tricolor,Calm; Independent; Affectionate,house_with_yard,relaxed,experienced,0,0,4_7,Affectionate; Friendly; Calm,0,1,0,1,0,0,0,1,0,0,0,1,0,0,0,1,0,1,0,0,0,0.666667,1,1,1,0,0,0,0,1,0,0,1,0,0,0,1,1,0,1
Suki,dog,Miniature Schnauzer/Miniature Poodle,adult,Brown,Friendly; Playful; Affectionate,apartment,high,first_time,0,1,0_3,Calm; Affectionate; Protective,1,0,0,0,0,1,1,0,0,1,1,0,0,1,1,0,0,0,1,0,0,0.333333,0,0,1,0,0,0,0,1,1,1,0,0,0,1,0,1,0,1
Cuddles,cat,Domestic Shorthair Mix,kitten_puppy,Orange,Energetic; Playful; Affectionate,house_no_yard,relaxed,experienced,0,0,8_plus,Protective,0,0,1,1,0,0,0,1,0,0,0,0,1,0,0,1,1,0,0,0,0,0.0,1,0,0,0,0,0,0,0,1,0,0,1,0,1,0,1,0,0
Shelter Rescue,cat,Domestic Medium Hair Mix,kitten_puppy,Gray,Energetic; Playful; Affectionate,house_no_yard,moderate,first_time,1,0,0_3,Playful; Energetic,0,0,1,0,1,0,1,0,1,0,1,0,0,0,0,1,1,0,0,0,0,0.816497,0,0,0,1,0,1,0,0,0,0,0,1,0,1,0,1,0,1
Phil,dog,Pbgv,adult,Black,Friendly; Affectionate,house_with_yard,high,experienced,0,0,8_plus,Calm,0,1,0,0,0,1,0,1,0,0,0,0,1,0,1,0,0,0,1,0,0,0.0,0,0,1,0,0,0,0,0,0,1,0,0,0,0,0,1,0,0
Timo,dog,Labrador Retriever Mix,adult,Brown,Friendly; Playful; Affectionate,house_with_yard,high,first_time,0,1,8_plus,Friendly; Affectionate; Protective,0,1,0,0,0,1,1,0,0,1,0,0,1,0,1,0,0,0,1,0,0,0.666667,0,1,0,0,0,0,0,1,1,1,0,0,0,1,0,1,0,1
*Dorothea,dog,Yorkshire Terrier,senior,Brown,Friendly; Calm; Energetic; Independent; Affectionate,house_no_yard,relaxed,first_time,0,0,4_7,Calm; Friendly,0,0,1,1,0,0,1,0,0,0,0,1,0,0,1,0,0,0,0,1,0,0.632456,0,1,1,0,0,0,0,0,0,1,1,1,0,0,1,1,0,1
Shelter Rescue,dog,Chihuahua Shorthair Mix,kitten_puppy,Brown,Friendly; Calm; Energetic; Playful; Affectionate,apartment,high,first_time,1,1,8_plus,Affectionate; Calm; Independent,1,0,0,0,0,1,1,0,1,1,0,0,1,1,1,0,1,0,0,0,0,0.516398,1,0,1,0,0,0,1,1,0,1,1,1,0,1,0,1,0,1
Crockett,dog,Landseer Mix,young,Black,Friendly; Energetic; Playful,house_no_yard,moderate,experienced,0,0,4_7,Independent; Affectionate; Shy,0,0,1,0,1,0,0,1,0,0,0,1,0,0,1,0,0,1,0,0,0,0.0,1,0,0,0,1,0,1,1,0,1,0,1,0,1,0,0,0,0
Clams,cat,Domestic Shorthair Mix,kitten_puppy,Tricolor,Energetic; Playful; Affectionate,house_no_yard,high,first_time,1,0,4_7,Playful,0,0,1,0,0,1,1,0,1,0,0,1,0,0,0,1,1,0,0,0,0,0.57735,0,0,0,0,0,1,0,0,0,0,0,1,0,1,0,1,0,1
Agatha,cat,Domestic Shorthair Mix,young,Tabby,Calm; Independent; Affectionate,house_no_yard,relaxed,first_time,0,0,8_plus,Independent; Affectionate; Shy,0,0,1,1,0,0,1,0,0,0,0,0,1,0,0,1,0,1,0,0,0,0.666667,0,0,0,0,1,0,1,1,0,0,1,0,0,0,1,1,0,1
Shelter Rescue,dog,Cardigan Welsh Corgi Mix,young,Black,Friendly; Energetic; Playful,house_no_yard,relaxed,experienced,0,1,4_7,Shy,0,0,1,1,0,0,0,1,0,1,0,1,0,0,1,0,0,1,0,0,0,0.0,0,0,0,0,1,0,0,0,0,1,0,1,0,1,0,0,0,0
Nala,cat,Domestic Shorthair Mix,kitten_puppy,Tricolor,Energetic; Playful; Affectionate,house_with_yard,high,experienced,1,0,4_7,Independent; Calm; Protective,0,1,0,0,0,1,0,1,1,0,0,1,0,0,0,1,1,0,0,0,0,0.0,0,0,1,0,0,0,1,0,1,0,0,1,0,1,0,1,0,1
Mickey,dog,Dachshund,young,Orange,Friendly; Calm; Energetic; Playful; Affectionate,house_no_yard,high,experienced,0,1,8_plus,Independent,0,0,1,0,0,1,0,1,0,1,0,0,1,0,1,0,0,1,0,0,0,0.0,0,0,0,0,0,0,1,0,0,1,1,1,0,1,0,1,0,1
*Autumn,dog,Chihuahua Shorthair Mix,young,White,Friendly; Calm; Energetic; Playful; Affectionate,apartment,moderate,first_time,0,0,4_7,Shy; Energetic,1,0,0,0,1,0,1,0,0,0,0,1,0,0,1,0,0,1,0,0,0,0.316228,0,0,0,1,1,0,0,0,0,1,1,1,0,1,0,1,0,1
Shelter Rescue,cat,Domestic Shorthair Mix,kitten_puppy,Black,Energetic; Playful; Affectionate,house_with_yard,moderate,first_time,1,1,8_plus,Shy,0,1,0,0,1,0,1,0,1,1,0,0,1,0,0,1,1,0,0,0,0,0.0,0,0,0,0,1,0,0,0,0,0,0,1,0,1,0,1,0,0
*Frio,dog,Siberian Husky Mix,kitten_puppy,Brown,Friendly; Energetic; Playful,apartment,high,experienced,0,0,0_3,Calm,1,0,0,0,0,1,0,1,0,0,1,0,0,0,1,0,1,0,0,0,0,0.0,0,0,1,0,0,0,0,0,0,1,0,1,0,1,0,0,0,0
*Shenanigans,dog,Labrador Retriever Mix,young,Black,Friendly; Energetic; Playful; Affectionate,house_no_yard,moderate,first_time,0,0,0_3,Shy; Energetic; Protective,0,0,1,0,1,0,1,0,0,0,1,0,0,0,1,0,0,1,0,0,0,0.288675,0,0,0,1,1,0,0,0,1,1,0,1,0,1,0,1,0,1
U,dog,Chihuahua Longhair Mix,young,Black,Friendly; Calm; Energetic; Playful; Affectionate,apartment,moderate,first_time,1,0,8_plus,Energetic; Friendly,1,0,0,0,1,0,1,0,1,0,0,0,1,0,1,0,0,1,0,0,0,0.632456,0,1,0,1,0,0,0,0,0,1,1,1,0,1,0,1,0,1
*Fabio,cat,Domestic Medium Hair Mix,kitten_puppy,Black,Energetic; Playful; Affectionate,apartment,moderate,first_time,0,1,4_7,Friendly; Protective; Energetic,1,0,0,0,1,0,1,0,0,1,0,1,0,0,0,1,1,0,0,0,0,0.333333,1,1,0,1,0,0,0,0,1,0,0,1,0,1,0,1,0,1
*Sally,dog,Anatol Shepherd Mix,young,White,Friendly; Energetic; Playful; Protective,apartment,moderate,experienced,0,0,0_3,Friendly; Energetic; Independent,1,0,0,0,1,0,0,1,0,0,1,0,0,0,1,0,0,1,0,0,0,0.57735,1,1,0,1,0,0,1,0,0,1,0,1,0,1,0,0,1,0
Dixie,dog,Dachshund Mix,adult,Orange,Friendly; Calm; Affectionate,house_no_yard,relaxed,first_time,1,1,4_7,Playful; Energetic,0,0,1,1,0,0,1,0,1,1,0,1,0,0,1,0,0,0,1,0,0,0.0,0,0,0,1,0,1,0,0,0,1,1,0,0,0,0,1,0,1
*Percy,dog,German Shepherd Mix,kitten_puppy,Black,Friendly; Energetic; Playful; Protective,house_with_yard,high,first_time,1,0,0_3,Playful; Affectionate; Friendly,0,1,0,0,0,1,1,0,1,0,1,0,0,0,1,0,1,0,0,0,0,0.57735,0,1,0,0,0,1,0,1,0,1,0,1,0,1,0,0,1,1
Tommy,cat,Domestic Shorthair Mix,kitten_puppy,Tabby,Energetic; Playful; Affectionate,apartment,moderate,experienced,0,0,4_7,Affectionate; Calm,1,0,0,0,1,0,0,1,0,0,0,1,0,0,0,1,1,0,0,0,0,0.408248,0,0,1,0,0,0,0,1,0,0,0,1,0,1,0,1,0,1
*Katie,dog,Labrador Retriever/Border Collie,young,Black,Friendly; Energetic; Playful; Affectionate,apartment,relaxed,experienced,1,0,0_3,Independent; Playful,1,0,0,1,0,0,0,1,1,0,1,0,0,0,1,0,0,1,0,0,0,0.353553,1,0,0,0,0,1,1,0,0,1,0,1,0,1,0,1,0,1
Trixie,dog,Cardigan Welsh Corgi Mix,young,Black,Friendly; Energetic; Playful,house_with_yard,relaxed,experienced,0,0,4_7,Protective; Playful; Shy,0,1,0,1,0,0,0,1,0,0,0,1,0,1,1,0,0,1,0,0,0,0.333333,1,0,0,0,1,1,0,0,1,1,0,1,0,1,0,0,0,1
Buddy,dog,English Bulldog,young,White,Friendly; Energetic; Playful,apartment,moderate,first_time,1,1,0_3,Calm,1,0,0,0,1,0,1,0,1,1,1,0,0,0,1,0,0,1,0,0,0,0.0,0,0,1,0,0,0,0,0,0,1,0,1,0,1,0,0,0,0
*Azul,cat,Domestic Medium Hair Mix,kitten_puppy,Tabby,Energetic; Playful; Affectionate,house_with_yard,high,first_time,1,0,4_7,Affectionate; Independent; Protective,0,1,0,0,0,1,1,0,1,0,0,1,0,0,0,1,1,0,0,0,0,0.333333,0,0,0,0,0,0,1,1,1,0,0,1,0,1,0,1,0,1
Shrek,cat,Domestic Shorthair Mix,adult,Tabby,Calm; Independent; Affectionate,apartment,relaxed,first_time,0,1,4_7,Affectionate; Calm,1,0,0,1,0,0,1,0,0,1,0,1,0,0,0,1,0,0,1,0,0,0.816497,0,0,1,0,0,0,0,1,0,0,1,0,0,0,1,1,0,1
*Mango,cat,Domestic Shorthair Mix,kitten_puppy,White,Energetic; Playful; Affectionate,house_no_yard,relaxed,first_time,1,0,0_3,Shy; Friendly,0,0,1,1,0,0,1,0,1,0,1,0,0,0,0,1,1,0,0,0,0,0.0,1,1,0,0,1,0,0,0,0,0,0,1,0,1,0,1,0,1
Shelter Rescue,dog,German Shorthair Pointer Mix,kitten_puppy,Brown,Friendly; Energetic; Playful,apartment,high,first_time,1,1,4_7,Affectionate; Friendly; Calm,1,0,0,0,0,1,1,0,1,1,0,1,0,0,1,0,1,0,0,0,0,0.333333,0,1,1,0,0,0,0,1,0,1,0,1,0,1,0,0,0,1
*Sue Ellen,cat,Domestic Shorthair Mix,kitten_puppy,Black,Energetic; Playful; Affectionate,house_no_yard,relaxed,experienced,0,0,4_7,Affectionate; Protective; Energetic,0,0,1,1,0,0,0,1,0,0,0,1,0,0,0,1,1,0,0,0,0,0.666667,0,0,0,1,0,0,0,1,1,0,0,1,0,1,0,1,0,0
*Ethan,cat,Domestic Shorthair Mix,kitten_puppy,Black,Energetic; Playful; Affectionate,house_no_yard,relaxed,first_time,0,1,8_plus,Affectionate,0,0,1,1,0,0,1,0,0,1,0,0,1,1,0,1,1,0,0,0,0,0.57735,0,0,0,0,0,0,0,1,0,0,0,1,0,1,0,1,0,0
Shelter Rescue,cat,Domestic Shorthair Mix,kitten_puppy,Black,Energetic; Playful; Affectionate,house_no_yard,relaxed,first_time,0,1,0_3,Calm; Friendly,0,0,1,1,0,0,1,0,0,1,1,0,0,1,0,1,1,0,0,0,0,0.0,1,1,1,0,0,0,0,0,0,0,0,1,0,1,0,1,0,1
Babe,dog,Australian Cattle Dog Mix,young,Orange,Friendly; Energetic; Playful,house_no_yard,moderate,experienced,0,1,8_plus,Affectionate; Friendly,0,0,1,0,1,0,0,1,0,1,0,0,1,0,1,0,0,1,0,0,0,0.408248,1,1,0,0,0,0,0,1,0,1,0,1,0,1,0,0,0,1
*Naomi,cat,Domestic Medium Hair Mix,adult,White,Calm; Independent; Affectionate,apartment,relaxed,first_time,0,0,4_7,Shy,1,0,0,1,0,0,1,0,0,0,0,1,0,0,0,1,0,0,1,0,0,0.0,0,0,0,0,1,0,0,0,0,0,1,0,0,0,1,1,0,1
Shelter Rescue,dog,Maltese,kitten_puppy,White,Friendly; Calm; Energetic; Playful; Affectionate,house_no_yard,high,experienced,0,1,4_7,Calm,0,0,1,0,0,1,0,1,0,1,0,1,0,0,1,0,1,0,0,0,0,0.447214,0,0,1,0,0,0,0,0,0,1,1,1,0,1,0,1,0,1
*Stewie,dog,Labrador Retriever/Boxer,young,Black,Friendly; Energetic; Playful; Affectionate,house_with_yard,high,first_time,1,1,0_3,Energetic,0,1,0,0,0,1,1,0,1,1,1,0,0,0,1,0,0,1,0,0,0,0.5,0,0,0,1,0,0,0,0,0,1,0,1,0,1,0,1,0,1
Mila,dog,Australian Cattle Dog/Labrador Retriever,young,Orange,Friendly; Energetic; Playful; Affectionate,house_no_yard,high,experienced,0,0,8_plus,Calm,0,0,1,0,0,1,0,1,0,0,0,0,1,0,1,0,0,1,0,0,0,0.0,0,0,1,0,0,0,0,0,0,1,0,1,0,1,0,1,0,0
*Pepper,dog,Redbone Hound Mix,kitten_puppy,White,Friendly; Energetic; Playful,apartment,moderate,first_time,0,0,8_plus,Playful; Affectionate,1,0,0,0,1,0,1,0,0,0,0,0,1,1,1,0,1,0,0,0,0,0.408248,0,0,0,0,0,1,0,1,0,1,0,1,0,1,0,0,0,0
Sadie,dog,Labrador Retriever/Anatol Shepherd,kitten_puppy,White,Friendly; Energetic; Playful; Affectionate; Protective,house_no_yard,relaxed,first_time,1,1,8_plus,Independent; Playful,0,0,1,1,0,0,1,0,1,1,0,0,1,0,1,0,1,0,0,0,0,0.316228,0,0,0,0,0,1,1,0,0,1,0,1,0,1,0,1,1,0
Grady,dog,Catahoula Mix,adult,Gray,Friendly; Affectionate,apartment,moderate,first_time,0,0,4_7,Friendly; Calm,1,0,0,0,1,0,1,0,0,0,0,1,0,0,1,0,0,0,1,0,0,0.5,0,1,1,0,0,0,0,0,0,1,0,0,0,0,0,1,0,1
*Felix,dog,Chinese Sharpei Mix,young,White,Friendly; Energetic; Playful,house_no_yard,high,first_time,1,1,0_3,Playful; Shy; Independent,0,0,1,0,0,1,1,0,1,1,1,0,0,0,1,0,0,1,0,0,0,0.333333,0,0,0,0,1,1,1,0,0,1,0,1,0,1,0,0,0,1
*Magilla,dog,Pit Bull/Mastiff,adult,Brown,Friendly; Energetic; Affectionate,house_with_yard,high,first_time,0,0,8_plus,Protective; Calm,0,1,0,0,0,1,1,0,0,0,0,0,1,1,1,0,0,0,1,0,0,0.0,0,0,1,0,0,0,0,0,1,1,0,1,0,0,0,1,0,1
Skyla Belle,cat,Domestic Shorthair Mix,adult,White,Calm; Independent; Affectionate,house_no_yard,moderate,experienced,0,0,0_3,Friendly; Playful; Energetic,0,0,1,0,1,0,0,1,0,0,1,0,0,0,0,1,0,0,1,0,0,0.0,1,1,0,1,0,1,0,0,0,0,1,0,0,0,1,1,0,0
Missy Girl,cat,Domestic Shorthair Mix,kitten_puppy,White,Energetic; Playful; Affectionate,apartment,relaxed,experienced,1,1,0_3,Independent; Energetic; Calm,1,0,0,1,0,0,0,1,1,1,1,0,0,0,0,1,1,0,0,0,0,0.333333,1,0,1,1,0,0,1,0,0,0,0,1,0,1,0,1,0,1
Shelter Rescue,cat,Domestic Shorthair Mix,kitten_puppy,White,Energetic; Playful; Affectionate,house_with_yard,high,first_time,0,0,0_3,Shy; Protective; Affectionate,0,1,0,0,0,1,1,0,0,0,1,0,0,0,0,1,1,0,0,0,0,0.333333,0,0,0,0,1,0,0,1,1,0,0,1,0,1,0,1,0,1
Allie,dog,Soft Coated Wheaten Terrier Mix,young,Black,Friendly; Energetic; Playful,apartment,high,first_time,0,0,8_plus,Protective,1,0,0,0,0,1,1,0,0,0,0,0,1,0,1,0,0,1,0,0,0,0.0,1,0,0,0,0,0,0,0,1,1,0,1,0,1,0,0,0,1
*Rosalie,dog,Pit Bull/Basset Hound,young,Black,Friendly; Energetic; Playful,house_with_yard,high,experienced,0,1,4_7,Protective,0,1,0,0,0,1,0,1,0,1,0,1,0,0,1,0,0,1,0,0,0,0.0,1,0,0,0,0,0,0,0,1,1,0,1,0,1,0,0,0,1
*Lucy,cat,Domestic Shorthair Mix,kitten_puppy,Tricolor,Energetic; Playful; Affectionate,house_no_yard,moderate,first_time,0,0,4_7,Energetic,0,0,1,0,1,0,1,0,0,0,0,1,0,0,0,1,1,0,0,0,0,0.57735,1,0,0,1,0,0,0,0,0,0,0,1,0,1,0,1,0,1
Tyson,dog,Boxer,young,White,Friendly; Energetic; Playful,house_no_yard,high,experienced,0,0,4_7,Friendly; Energetic; Calm,0,0,1,0,0,1,0,1,0,0,0,1,0,0,1,0,0,1,0,0,0,0.666667,0,1,1,1,0,0,0,0,0,1,0,1,0,1,0,0,0,1
*Noodle,dog,English Coonhound/German Shepherd,young,Tricolor,Friendly; Energetic; Playful; Protective,apartment,high,experienced,0,1,8_plus,Playful; Energetic; Friendly,1,0,0,0,0,1,0,1,0,1,0,0,1,0,1,0,0,1,0,0,0,0.866025,1,1,0,1,0,1,0,0,0,1,0,1,0,1,0,0,1,1
Cookie,dog,Anatol Shepherd Mix,kitten_puppy,Black,Friendly; Energetic; Playful; Protective,house_with_yard,high,first_time,1,1,0_3,Affectionate,0,1,0,0,0,1,1,0,1,1,1,0,0,1,1,0,1,0,0,0,0,0.0,0,0,0,0,0,0,0,1,0,1,0,1,0,1,0,0,1,1
*Venus,cat,Domestic Shorthair,young,Tabby,Calm; Independent; Affectionate,house_with_yard,moderate,experienced,1,0,4_7,Calm; Friendly,0,1,0,0,1,0,0,1,1,0,0,1,0,0,0,1,0,1,0,0,0,0.408248,1,1,1,0,0,0,0,0,0,0,1,0,0,0,1,1,0,0
Odin,dog,Pit Bull Mix,kitten_puppy,White,Friendly; Energetic; Playful,house_no_yard,high,experienced,0,1,0_3,Affectionate; Independent,0,0,1,0,0,1,0,1,0,1,1,0,0,0,1,0,1,0,0,0,0,0.0,0,0,0,0,0,0,1,1,0,1,0,1,0,1,0,0,0,1
Khali,dog,Boxer,adult,White,Friendly; Energetic; Affectionate,house_no_yard,moderate,first_time,0,0,8_plus,Energetic; Independent,0,0,1,0,1,0,1,0,0,0,0,0,1,0,1,0,0,0,1,0,0,0.408248,0,0,0,1,0,0,1,0,0,1,0,1,0,0,0,1,0,0
*Callie,cat,Domestic Shorthair Mix,kitten_puppy,Tricolor,Energetic; Playful; Affectionate,apartment,moderate,experienced,1,1,8_plus,Independent; Shy,1,0,0,0,1,0,0,1,1,1,0,0,1,0,0,1,1,0,0,0,0,0.0,0,0,0,0,1,0,1,0,0,0,0,1,0,1,0,1,0,0
Ivy,dog,Labrador Retriever Mix,adult,Black,Friendly; Playful; Affectionate,house_no_yard,moderate,first_time,1,1,8_plus,Calm; Affectionate; Shy,0,0,1,0,1,0,1,0,1,1,0,0,1,0,1,0,0,0,1,0,0,0.333333,1,0,1,0,1,0,0,1,0,1,0,0,0,1,0,1,0,1
*Kip,dog,Great Pyrenees Mix,adult,White,Friendly; Affectionate,house_with_yard,high,first_time,1,1,8_plus,Shy; Independent; Affectionate,0,1,0,0,0,1,1,0,1,1,0,0,1,0,1,0,0,0,1,0,0,0.408248,0,0,0,0,1,0,1,1,0,1,0,0,0,0,0,1,0,1
Essie,dog,Feist Mix,young,White,Friendly; Energetic; Playful,house_with_yard,high,first_time,0,1,8_plus,Playful; Affectionate; Independent,0,1,0,0,0,1,1,0,0,1,0,0,1,0,1,0,0,1,0,0,0,0.333333,0,0,0,0,0,1,1,1,0,1,0,1,0,1,0,0,0,1
*Mikhail,cat,Domestic Shorthair Mix,kitten_puppy,Black,Energetic; Playful; Affectionate,house_no_yard,moderate,first_time,0,1,8_plus,Affectionate; Playful; Independent,0,0,1,0,1,0,1,0,0,1,0,0,1,0,0,1,1,0,0,0,0,0.666667,0,0,0,0,0,1,1,1,0,0,0,1,0,1,0,1,0,0
*Queso,cat,Domestic Shorthair Mix,kitten_puppy,White,Energetic; Playful; Affectionate,house_with_yard,moderate,first_time,1,0,0_3,Protective; Affectionate,0,1,0,0,1,0,1,0,1,0,1,0,0,0,0,1,1,0,0,0,0,0.408248,0,0,0,0,0,0,0,1,1,0,0,1,0,1,0,1,0,1
Peluchin,dog,Toy Poodle Mix,young,Brown,Friendly; Energetic; Playful; Affectionate,house_with_yard,moderate,first_time,1,0,8_plus,Affectionate,0,1,0,0,1,0,1,0,1,0,0,0,1,0,1,0,0,1,0,0,0,0.5,1,0,0,0,0,0,0,1,0,1,0,1,0,1,0,1,0,1
*Vivian,cat,Domestic Shorthair Mix,kitten_puppy,Gray,Energetic; Playful; Affectionate,house_no_yard,high,experienced,0,1,8_plus,Energetic; Playful,0,0,1,0,0,1,0,1,0,1,0,0,1,0,0,1,1,0,0,0,0,0.816497,1,0,0,1,0,1,0,0,0,0,0,1,0,1,0,1,0,1
*Zooey,cat,Siamese Mix,kitten_puppy,Brown,Energetic; Playful; Affectionate,house_no_yard,relaxed,first_time,0,0,4_7,Shy,0,0,1,1,0,0,1,0,0,0,0,1,0,1,0,1,1,0,0,0,0,0.0,0,0,0,0,1,0,0,0,0,0,0,1,0,1,0,1,0,0
Toffie,cat,American Shorthair Mix,young,Tricolor,Calm; Independent; Affectionate,apartment,high,experienced,1,0,0_3,Energetic; Shy; Independent,1,0,0,0,0,1,0,1,1,0,1,0,0,0,0,1,0,1,0,0,0,0.333333,0,0,0,1,1,0,1,0,0,0,1,0,0,0,1,1,0,1
Shelter Rescue,cat,Domestic Shorthair Mix,kitten_puppy,Black,Energetic; Playful; Affectionate,house_with_yard,moderate,first_time,0,0,4_7,Playful; Shy,0,1,0,0,1,0,1,0,0,0,0,1,0,0,0,1,1,0,0,0,0,0.408248,0,0,0,0,1,1,0,0,0,0,0,1,0,1,0,1,0,1
Jules,cat,Domestic Shorthair Mix,kitten_puppy,Tabby,Energetic; Playful; Affectionate,apartment,high,first_time,1,1,4_7,Friendly; Independent,1,0,0,0,0,1,1,0,1,1,0,1,0,1,0,1,1,0,0,0,0,0.0,0,1,0,0,0,0,1,0,0,0,0,1,0,1,0,1,0,1
Shelter Rescue,dog,Labrador Retriever Mix,kitten_puppy,Black,Friendly; Energetic; Playful; Affectionate,house_with_yard,moderate,experienced,1,1,8_plus,Friendly; Calm; Energetic,0,1,0,0,1,0,0,1,1,1,0,0,1,0,1,0,1,0,0,0,0,0.57735,1,1,1,1,0,0,0,0,0,1,0,1,0,1,0,1,0,1
Olive,dog,Pointer Mix,kitten_puppy,White,Friendly; Energetic; Playful,apartment,relaxed,experienced,0,1,0_3,Calm; Affectionate,1,0,0,1,0,0,0,1,0,1,1,0,0,0,1,0,1,0,0,0,0,0.0,1,0,1,0,0,0,0,1,0,1,0,1,0,1,0,0,0,0
*Sunny,dog,Chihuahua Shorthair,adult,Black,Friendly; Calm; Affectionate,house_with_yard,moderate,experienced,1,0,8_plus,Independent; Affectionate; Playful,0,1,0,0,1,0,0,1,1,0,0,0,1,1,1,0,0,0,1,0,0,0.333333,0,0,0,0,0,1,1,1,0,1,1,0,0,0,0,1,0,1
Jasper,dog,Australian Cattle Dog Mix,kitten_puppy,White,Friendly; Energetic; Playful,apartment,relaxed,experienced,0,1,8_plus,Playful; Friendly,1,0,0,1,0,0,0,1,0,1,0,0,1,0,1,0,1,0,0,0,0,0.816497,0,1,0,0,0,1,0,0,0,1,0,1,0,1,0,0,0,0
Shelter Rescue,dog,Chihuahua Shorthair Mix,kitten_puppy,Brown,Friendly; Calm; Energetic; Playful; Affectionate,house_no_yard,high,first_time,0,0,8_plus,Playful; Independent,0,0,1,0,0,1,1,0,0,0,0,0,1,0,1,0,1,0,0,0,0,0.316228,1,0,0,0,0,1,1,0,0,1,1,1,0,1,0,1,0,1
Luna,cat,Siamese Mix,kitten_puppy,Brown,Energetic; Playful; Affectionate,house_no_yard,high,first_time,1,1,4_7,Independent; Friendly; Affectionate,0,0,1,0,0,1,1,0,1,1,0,1,0,0,0,1,1,0,0,0,0,0.333333,0,1,0,0,0,0,1,1,0,0,0,1,0,1,0,1,0,1
Olivia,dog,Chihuahua Shorthair Mix,young,Brown,Friendly; Calm; Energetic; Playful; Affectionate,house_with_yard,relaxed,first_time,0,1,8_plus,Affectionate; Protective,0,1,0,1,0,0,1,0,0,1,0,0,1,0,1,0,0,1,0,0,0,0.316228,0,0,0,0,0,0,0,1,1,1,1,1,0,1,0,1,0,1
*Oreo,dog,Border Collie Mix,young,Black,Friendly; Energetic; Playful,house_no_yard,moderate,experienced,1,1,8_plus,Playful; Calm; Friendly,0,0,1,0,1,0,0,1,1,1,0,0,1,1,1,0,0,1,0,0,0,0.666667,1,1,1,0,0,1,0,0,0,1,0,1,0,1,0,0,0,1
Lil' Bit,dog,Rat Terrier Mix,kitten_puppy,Tricolor,Friendly; Energetic; Playful,apartment,high,first_time,0,0,0_3,Friendly,1,0,0,0,0,1,1,0,0,0,1,0,0,0,1,0,1,0,0,0,0,0.57735,0,1,0,0,0,0,0,0,0,1,0,1,0,1,0,0,0,1
Olympus,dog,Pit Bull Mix,kitten_puppy,White,Friendly; Energetic; Playful,house_with_yard,relaxed,experienced,0,0,0_3,Friendly; Shy; Affectionate,0,1,0,1,0,0,0,1,0,0,1,0,0,0,1,0,1,0,0,0,0,0.333333,1,1,0,0,1,0,0,1,0,1,0,1,0,1,0,0,0,1
Pebbles,dog,Chihuahua Shorthair Mix,kitten_puppy,Brown,Friendly; Calm; Energetic; Playful; Affectionate,house_no_yard,relaxed,first_time,1,1,4_7,Independent; Playful; Friendly,0,0,1,1,0,0,1,0,1,1,0,1,0,0,1,0,1,0,0,0,0,0.516398,1,1,0,0,0,1,1,0,0,1,1,1,0,1,0,1,0,1
*Goldie,dog,Labrador Retriever Mix,young,Brown,Friendly; Energetic; Playful; Affectionate,house_with_yard,high,first_time,0,0,8_plus,Shy; Energetic; Protective,0,1,0,0,0,1,1,0,0,0,0,0,1,0,1,0,0,1,0,0,0,0.288675,0,0,0,1,1,0,0,0,1,1,0,1,0,1,0,1,0,1
Shelter Rescue,cat,Domestic Longhair Mix,kitten_puppy,Black,Energetic; Playful; Affectionate,apartment,relaxed,first_time,0,1,4_7,Playful; Shy,1,0,0,1,0,0,1,0,0,1,0,1,0,0,0,1,1,0,0,0,0,0.408248,0,0,0,0,1,1,0,0,0,0,0,1,0,1,0,1,0,1
Shelter Rescue,dog,Cocker Spaniel Mix,adult,White,Friendly; Playful; Affectionate,apartment,relaxed,first_time,1,1,4_7,Friendly,1,0,0,1,0,0,1,0,1,1,0,1,0,0,1,0,0,0,1,0,0,0.57735,0,1,0,0,0,0,0,0,0,1,0,0,0,1,0,1,0,1
Popcorn,cat,Domestic Shorthair Mix,kitten_puppy,White,Energetic; Playful; Affectionate,house_with_yard,high,experienced,1,0,0_3,Protective; Shy,0,1,0,0,0,1,0,1,1,0,1,0,0,0,0,1,1,0,0,0,0,0.0,0,0,0,0,1,0,0,0,1,0,0,1,0,1,0,1,0,1
*Maxwell,cat,Domestic Shorthair Mix,kitten_puppy,Black,Energetic; Playful; Affectionate,house_with_yard,moderate,first_time,0,1,0_3,Protective; Shy; Playful,0,1,0,0,1,0,1,0,0,1,1,0,0,0,0,1,1,0,0,0,0,0.333333,1,0,0,0,1,1,0,0,1,0,0,1,0,1,0,1,0,1
Shelter Rescue,cat,Domestic Shorthair,kitten_puppy,Orange,Energetic; Playful; Affectionate,house_with_yard,moderate,first_time,1,0,0_3,Affectionate; Playful; Shy,0,1,0,0,1,0,1,0,1,0,1,0,0,1,0,1,1,0,0,0,0,0.666667,0,0,0,0,1,1,0,1,0,0,0,1,0,1,0,1,0,1
*Samosa,dog,Boxer Mix,young,Brown,Friendly; Energetic; Playful,house_with_yard,moderate,experienced,1,1,4_7,Affectionate; Shy; Playful,0,1,0,0,1,0,0,1,1,1,0,1,0,0,1,0,0,1,0,0,0,0.333333,0,0,0,0,1,1,0,1,0,1,0,1,0,1,0,0,0,1
*Jax,dog,Border Collie/Labrador Retriever,adult,Black,Friendly; Energetic; Playful; Affectionate,house_with_yard,high,first_time,0,0,0_3,Friendly,0,1,0,0,0,1,1,0,0,0,1,0,0,1,1,0,0,0,1,0,0,0.5,1,1,0,0,0,0,0,0,0,1,0,1,0,1,0,1,0,1
*Blanket,dog,Great Pyrenees,young,Brown,Friendly; Energetic; Playful,apartment,moderate,first_time,0,1,4_7,Independent; Energetic; Playful,1,0,0,0,1,0,1,0,0,1,0,1,0,0,1,0,0,1,0,0,0,0.666667,0,0,0,1,0,1,1,0,0,1,0,1,0,1,0,0,0,1
Lola,dog,Pointer Mix,young,White,Friendly; Energetic; Playful,house_with_yard,relaxed,experienced,0,1,8_plus,Friendly,0,1,0,1,0,0,0,1,0,1,0,0,1,0,1,0,0,1,0,0,0,0.57735,1,1,0,0,0,0,0,0,0,1,0,1,0,1,0,0,0,1
Muffin,dog,Australian Kelpie Mix,young,Black,Friendly; Energetic; Playful,house_no_yard,moderate,experienced,0,0,0_3,Affectionate; Friendly; Protective,0,0,1,0,1,0,0,1,0,0,1,0,0,0,1,0,0,1,0,0,0,0.333333,0,1,0,0,0,0,0,1,1,1,0,1,0,1,0,0,0,0
Rocky,dog,Rottweiler Mix,young,Tricolor,Friendly; Energetic; Playful,apartment,moderate,first_time,0,0,0_3,Friendly,1,0,0,0,1,0,1,0,0,0,1,0,0,0,1,0,0,1,0,0,0,0.57735,0,1,0,0,0,0,0,0,0,1,0,1,0,1,0,0,0,0
Bear,dog,Pit Bull Mix,young,White,Friendly; Energetic; Playful,apartment,high,experienced,0,0,0_3,Shy; Playful,1,0,0,0,0,1,0,1,0,0,1,0,0,1,1,0,0,1,0,0,0,0.408248,1,0,0,0,1,1,0,0,0,1,0,1,0,1,0,0,0,0
*Jackson,cat,Domestic Shorthair Mix,kitten_puppy,Tabby,Energetic; Playful; Affectionate,house_no_yard,moderate,experienced,0,1,4_7,Calm,0,0,1,0,1,0,0,1,0,1,0,1,0,1,0,1,1,0,0,0,0,0.0,0,0,1,0,0,0,0,0,0,0,0,1,0,1,0,1,0,0
*Elf,dog,Chihuahua Shorthair Mix,kitten_puppy,Brown,Friendly; Calm; Energetic; Playful; Affectionate,house_with_yard,moderate,first_time,0,0,8_plus,Affectionate; Energetic,0,1,0,0,1,0,1,0,0,0,0,0,1,0,1,0,1,0,0,0,0,0.632456,0,0,0,1,0,0,0,1,0,1,1,1,0,1,0,1,0,1
Shelter Rescue,dog,Dachshund/Chihuahua Shorthair,kitten_puppy,Brown,Friendly; Calm; Energetic; Playful; Affectionate,house_no_yard,high,experienced,0,1,8_plus,Protective; Affectionate,0,0,1,0,0,1,0,1,0,1,0,0,1,0,1,0,1,0,0,0,0,0.316228,0,0,0,0,0,0,0,1,1,1,1,1,0,1,0,1,0,1
*Berry,dog,Pit Bull,young,Black,Friendly; Energetic; Playful,house_with_yard,relaxed,experienced,0,1,8_plus,Playful; Independent; Protective,0,1,0,1,0,0,0,1,0,1,0,0,1,0,1,0,0,1,0,0,0,0.333333,0,0,0,0,0,1,1,0,1,1,0,1,0,1,0,0,0,1
Shelter Rescue,dog,Norfolk Terrier Mix,young,Brown,Friendly; Energetic; Playful,house_with_yard,high,experienced,1,0,8_plus,Independent; Energetic,0,1,0,0,0,1,0,1,1,0,0,0,1,0,1,0,0,1,0,0,0,0.408248,1,0,0,1,0,0,1,0,0,1,0,1,0,1,0,0,0,1
*Meredith,dog,Labrador Retriever Mix,young,White,Friendly; Energetic; Playful; Affectionate,apartment,relaxed,experienced,0,0,4_7,Energetic,1,0,0,1,0,0,0,1,0,0,0,1,0,0,1,0,0,1,0,0,0,0.5,1,0,0,1,0,0,0,0,0,1,0,1,0,1,0,1,0,0
Caddy,dog,Labrador Retriever,young,Brown,Friendly; Energetic; Playful; Affectionate,house_no_yard,moderate,experienced,0,0,0_3,Energetic,0,0,1,0,1,0,0,1,0,0,1,0,0,1,1,0,0,1,0,0,0,0.5,0,0,0,1,0,0,0,0,0,1,0,1,0,1,0,1,0,1
*Odette,cat,Domestic Shorthair Mix,young,Black,Calm; Independent; Affectionate,house_no_yard,moderate,first_time,0,1,4_7,Independent; Shy; Friendly,0,0,1,0,1,0,1,0,0,1,0,1,0,1,0,1,0,1,0,0,0,0.333333,0,1,0,0,1,0,1,0,0,0,1,0,0,0,1,1,0,0
Prof Butters,cat,Domestic Shorthair Mix,kitten_puppy,Orange,Energetic; Playful; Affectionate,apartment,moderate,first_time,0,0,4_7,Shy; Friendly; Energetic,1,0,0,0,1,0,1,0,0,0,0,1,0,0,0,1,1,0,0,0,0,0.333333,0,1,0,1,1,0,0,0,0,0,0,1,0,1,0,1,0,1
Athena,dog,German Shepherd Mix,kitten_puppy,Black,Friendly; Energetic; Playful; Protective,apartment,moderate,experienced,0,1,8_plus,Shy; Playful; Energetic,1,0,0,0,1,0,0,1,0,1,0,0,1,0,1,0,1,0,0,0,0,0.57735,0,0,0,1,1,1,0,0,0,1,0,1,0,1,0,0,1,0
Oakley,dog,Chihuahua Shorthair Mix,adult,White,Friendly; Calm; Affectionate,house_no_yard,relaxed,first_time,0,1,8_plus,Independent; Shy; Protective,0,0,1,1,0,0,1,0,0,1,0,0,1,0,1,0,0,0,1,0,0,0.0,0,0,0,0,1,0,1,0,1,1,1,0,0,0,0,1,0,1
Jackson,dog,Australian Cattle Dog/Pit Bull,adult,Black,Friendly; Energetic; Affectionate,house_with_yard,moderate,experienced,1,0,4_7,Shy,0,1,0,0,1,0,0,1,1,0,0,1,0,0,1,0,0,0,1,0,0,0.0,0,0,0,0,1,0,0,0,0,1,0,1,0,0,0,1,0,1
Shelter Rescue,dog,Cairn Terrier Mix,kitten_puppy,Brown,Friendly; Energetic; Playful,house_with_yard,high,first_time,0,0,8_plus,Friendly,0,1,0,0,0,1,1,0,0,0,0,0,1,0,1,0,1,0,0,0,0,0.57735,0,1,0,0,0,0,0,0,0,1,0,1,0,1,0,0,0,1
*Noah,cat,Domestic Shorthair Mix,kitten_puppy,Black,Energetic; Playful; Affectionate,house_with_yard,moderate,first_time,0,1,0_3,Independent; Energetic; Affectionate,0,1,0,0,1,0,1,0,0,1,1,0,0,0,0,1,1,0,0,0,0,0.666667,0,0,0,1,0,0,1,1,0,0,0,1,0,1,0,1,0,1
Chaps,dog,Dachshund Mix,adult,Gray,Friendly; Calm; Affectionate,house_with_yard,high,first_time,1,1,4_7,Energetic; Protective; Playful,0,1,0,0,0,1,1,0,1,1,0,1,0,1,1,0,0,0,1,0,0,0.0,1,0,0,1,0,1,0,0,1,1,1,0,0,0,0,1,0,1
*Ben,dog,Labrador Retriever Mix,young,Orange,Friendly; Energetic; Playful; Affectionate,apartment,high,first_time,0,1,8_plus,Calm; Energetic; Friendly,1,0,0,0,0,1,1,0,0,1,0,0,1,1,1,0,0,1,0,0,0,0.57735,0,1,1,1,0,0,0,0,0,1,0,1,0,1,0,1,0,1
Dennis,cat,Domestic Shorthair Mix,kitten_puppy,Black,Energetic; Playful; Affectionate,apartment,relaxed,experienced,1,0,4_7,Calm; Playful; Independent,1,0,0,1,0,0,0,1,1,0,0,1,0,0,0,1,1,0,0,0,0,0.333333,0,0,1,0,0,1,1,0,0,0,0,1,0,1,0,1,0,1
Sammy,cat,Domestic Shorthair Mix,young,Black,Calm; Independent; Affectionate,apartment,moderate,first_time,0,0,8_plus,Affectionate,1,0,0,0,1,0,1,0,0,0,0,0,1,0,0,1,0,1,0,0,0,0.57735,1,0,0,0,0,0,0,1,0,0,1,0,0,0,1,1,0,1
*Louie,dog,Dachshund/Chihuahua Shorthair,kitten_puppy,Brown,Friendly; Calm; Energetic; Playful; Affectionate,house_with_yard,high,experienced,0,0,4_7,Energetic,0,1,0,0,0,1,0,1,0,0,0,1,0,0,1,0,1,0,0,0,0,0.447214,1,0,0,1,0,0,0,0,0,1,1,1,0,1,0,1,0,1
*Auri,cat,Domestic Shorthair Mix,kitten_puppy,Tricolor,Energetic; Playful; Affectionate,apartment,relaxed,experienced,0,1,4_7,Calm,1,0,0,1,0,0,0,1,0,1,0,1,0,0,0,1,1,0,0,0,0,0.0,0,0,1,0,0,0,0,0,0,0,0,1,0,1,0,1,0,1
*Cricket,cat,Domestic Shorthair Mix,kitten_puppy,Tabby,Energetic; Playful; Affectionate,house_no_yard,moderate,first_time,0,0,8_plus,Energetic; Calm; Protective,0,0,1,0,1,0,1,0,0,0,0,0,1,1,0,1,1,0,0,0,0,0.333333,0,0,1,1,0,0,0,0,1,0,0,1,0,1,0,1,0,0
Zeus,dog,Catahoula Mix,kitten_puppy,White,Friendly; Energetic; Playful,house_with_yard,moderate,experienced,1,1,0_3,Shy,0,1,0,0,1,0,0,1,1,1,1,0,0,0,1,0,1,0,0,0,0,0.0,0,0,0,0,1,0,0,0,0,1,0,1,0,1,0,0,0,1
Sophia,dog,German Shepherd Mix,kitten_puppy,Black,Friendly; Energetic; Playful; Protective,house_with_yard,moderate,experienced,0,0,0_3,Affectionate; Protective,0,1,0,0,1,0,0,1,0,0,1,0,0,0,1,0,1,0,0,0,0,0.353553,0,0,0,0,0,0,0,1,1,1,0,1,0,1,0,0,1,1
Shelter Rescue,dog,Jack Russell Terrier/Miniature Poodle,kitten_puppy,Brown,Friendly; Energetic; Playful; Affectionate,apartment,moderate,experienced,0,1,4_7,Shy; Friendly; Independent,1,0,0,0,1,0,0,1,0,1,0,1,0,1,1,0,1,0,0,0,0,0.288675,0,1,0,0,1,0,1,0,0,1,0,1,0,1,0,1,0,0
Mini,dog,Dachshund Mix,young,Black,Friendly; Calm; Energetic; Playful; Affectionate,house_with_yard,moderate,first_time,1,1,0_3,Energetic; Friendly; Calm,0,1,0,0,1,0,1,0,1,1,1,0,0,0,1,0,0,1,0,0,0,0.774597,1,1,1,1,0,0,0,0,0,1,1,1,0,1,0,1,0,1
Shelter Rescue,dog,Chihuahua Shorthair Mix,young,White,Friendly; Calm; Energetic; Playful; Affectionate,house_no_yard,relaxed,first_time,1,0,0_3,Independent; Energetic,0,0,1,1,0,0,1,0,1,0,1,0,0,0,1,0,0,1,0,0,0,0.316228,0,0,0,1,0,0,1,0,0,1,1,1,0,1,0,1,0,1
B,cat,Domestic Shorthair Mix,kitten_puppy,Tabby,Energetic; Playful; Affectionate,house_with_yard,moderate,first_time,0,0,8_plus,Energetic; Shy,0,1,0,0,1,0,1,0,0,0,0,0,1,0,0,1,1,0,0,0,0,0.408248,0,0,0,1,1,0,0,0,0,0,0,1,0,1,0,1,0,0
Jax (Obi),dog,Pit Bull Mix,adult,White,Friendly; Energetic; Affectionate,house_no_yard,relaxed,first_time,0,0,8_plus,Independent; Protective,0,0,1,1,0,0,1,0,0,0,0,0,1,1,1,0,0,0,1,0,0,0.0,0,0,0,0,0,0,1,0,1,1,0,1,0,0,0,1,0,0
Shelter Rescue,dog,Border Collie Mix,kitten_puppy,Black,Friendly; Energetic; Playful,apartment,high,experienced,0,1,8_plus,Protective; Independent; Friendly,1,0,0,0,0,1,0,1,0,1,0,0,1,0,1,0,1,0,0,0,0,0.333333,1,1,0,0,0,0,1,0,1,1,0,1,0,1,0,0,0,0
Luna,dog,Pomeranian/Chihuahua Longhair,senior,Brown,Friendly; Calm; Independent; Affectionate,apartment,relaxed,first_time,1,1,8_plus,Calm; Playful,1,0,0,1,0,0,1,0,1,1,0,0,1,0,1,0,0,0,0,1,0,0.353553,1,0,1,0,0,1,0,0,0,1,1,0,0,0,1,1,0,1
*Sally,cat,Domestic Shorthair Mix,kitten_puppy,White,Energetic; Playful; Affectionate,house_no_yard,moderate,experienced,0,0,8_plus,Shy; Affectionate,0,0,1,0,1,0,0,1,0,0,0,0,1,0,0,1,1,0,0,0,0,0.408248,0,0,0,0,1,0,0,1,0,0,0,1,0,1,0,1,0,0
Rocket,cat,Domestic Shorthair Mix,kitten_puppy,Tricolor,Energetic; Playful; Affectionate,house_no_yard,high,experienced,0,1,0_3,Independent,0,0,1,0,0,1,0,1,0,1,1,0,0,1,0,1,1,0,0,0,0,0.0,0,0,0,0,0,0,1,0,0,0,0,1,0,1,0,1,0,1
Danny,dog,German Shepherd/Doberman Pinsch,young,Black,Friendly; Energetic; Playful; Protective,house_with_yard,relaxed,experienced,0,1,8_plus,Playful; Calm,0,1,0,1,0,0,0,1,0,1,0,0,1,1,1,0,0,1,0,0,0,0.353553,0,0,1,0,0,1,0,0,0,1,0,1,0,1,0,0,1,1
Cookie,cat,Domestic Shorthair Mix,kitten_puppy,Black,Energetic; Playful; Affectionate,apartment,moderate,first_time,0,1,4_7,Friendly,1,0,0,0,1,0,1,0,0,1,0,1,0,1,0,1,1,0,0,0,0,0.0,0,1,0,0,0,0,0,0,0,0,0,1,0,1,0,1,0,1
*Remington,cat,Domestic Shorthair,kitten_puppy,Black,Energetic; Playful; Affectionate,apartment,relaxed,experienced,0,1,8_plus,Affectionate,1,0,0,1,0,0,0,1,0,1,0,0,1,1,0,1,1,0,0,0,0,0.57735,0,0,0,0,0,0,0,1,0,0,0,1,0,1,0,1,0,1
Charlie,cat,Domestic Medium Hair Mix,kitten_puppy,Orange,Energetic; Playful; Affectionate,house_no_yard,high,first_time,1,0,0_3,Playful; Affectionate,0,0,1,0,0,1,1,0,1,0,1,0,0,1,0,1,1,0,0,0,0,0.816497,0,0,0,0,0,1,0,1,0,0,0,1,0,1,0,1,0,1
Buck,dog,Chihuahua Shorthair Mix,kitten_puppy,Orange,Friendly; Calm; Energetic; Playful; Affectionate,apartment,high,first_time,1,1,0_3,Friendly; Shy,1,0,0,0,0,1,1,0,1,1,1,0,0,0,1,0,1,0,0,0,0,0.316228,0,1,0,0,1,0,0,0,0,1,1,1,0,1,0,1,0,1
*Eddie,dog,Chihuahua Shorthair Mix,young,White,Friendly; Calm; Energetic; Playful; Affectionate,house_with_yard,high,first_time,1,0,8_plus,Calm; Affectionate,0,1,0,0,0,1,1,0,1,0,0,0,1,0,1,0,0,1,0,0,0,0.632456,0,0,1,0,0,0,0,1,0,1,1,1,0,1,0,1,0,1
Cash,dog,American Bulldog,adult,White,Friendly; Energetic; Affectionate,apartment,high,first_time,0,0,0_3,Affectionate,1,0,0,0,0,1,1,0,0,0,1,0,0,0,1,0,0,0,1,0,0,0.57735,0,0,0,0,0,0,0,1,0,1,0,1,0,0,0,1,0,1
*Popcorn,dog,Pit Bull Mix,young,White,Friendly; Energetic; Playful,house_with_yard,relaxed,first_time,0,1,8_plus,Affectionate,0,1,0,1,0,0,1,0,0,1,0,0,1,0,1,0,0,1,0,0,0,0.0,0,0,0,0,0,0,0,1,0,1,0,1,0,1,0,0,0,1
Macy,dog,Miniature Poodle Mix,senior,Brown,Friendly; Calm; Playful; Independent; Affectionate,house_no_yard,high,first_time,0,1,4_7,Energetic,0,0,1,0,0,1,1,0,0,1,0,1,0,0,1,0,0,0,0,1,0,0.0,1,0,0,1,0,0,0,0,0,1,1,0,0,1,1,1,0,1
*Pauline,dog,Mastiff/Anatol Shepherd,adult,Black,Friendly; Energetic; Affectionate; Protective,house_no_yard,relaxed,first_time,1,1,8_plus,Protective,0,0,1,1,0,0,1,0,1,1,0,0,1,0,1,0,0,0,1,0,0,0.5,0,0,0,0,0,0,0,0,1,1,0,1,0,0,0,1,1,1
*Boris,dog,Pit Bull Mix,young,White,Friendly; Energetic; Playful,apartment,high,experienced,1,1,0_3,Friendly; Energetic; Protective,1,0,0,0,0,1,0,1,1,1,1,0,0,0,1,0,0,1,0,0,0,0.666667,0,1,0,1,0,0,0,0,1,1,0,1,0,1,0,0,0,1
*Ruby,dog,Dachshund Wirehair Mix,kitten_puppy,Brown,Friendly; Calm; Energetic; Playful; Affectionate,apartment,moderate,first_time,0,0,4_7,Shy; Calm,1,0,0,0,1,0,1,0,0,0,0,1,0,0,1,0,1,0,0,0,0,0.316228,0,0,1,0,1,0,0,0,0,1,1,1,0,1,0,1,0,1
Mia,dog,Akita Mix,kitten_puppy,Orange,Friendly; Energetic; Playful,house_with_yard,high,experienced,0,0,0_3,Calm; Playful,0,1,0,0,0,1,0,1,0,0,1,0,0,0,1,0,1,0,0,0,0,0.408248,0,0,1,0,0,1,0,0,0,1,0,1,0,1,0,0,0,1
Link,dog,Australian Cattle Dog/Pembroke Welsh Corgi,kitten_puppy,White,Friendly; Energetic; Playful,apartment,relaxed,first_time,1,0,0_3,Protective; Playful,1,0,0,1,0,0,1,0,1,0,1,0,0,0,1,0,1,0,0,0,0,0.408248,0,0,0,0,0,1,0,0,1,1,0,1,0,1,0,0,0,1
Ace,dog,Labrador Retriever Mix,kitten_puppy,Brown,Friendly; Energetic; Playful; Affectionate,house_with_yard,relaxed,experienced,0,0,0_3,Friendly,0,1,0,1,0,0,0,1,0,0,1,0,0,0,1,0,1,0,0,0,0,0.5,1,1,0,0,0,0,0,0,0,1,0,1,0,1,0,1,0,1
*Amber,dog,Pit Bull Mix,young,White,Friendly; Energetic; Playful,house_no_yard,moderate,experienced,1,1,0_3,Independent; Playful,0,0,1,0,1,0,0,1,1,1,1,0,0,0,1,0,0,1,0,0,0,0.408248,0,0,0,0,0,1,1,0,0,1,0,1,0,1,0,0,0,1
*Jojen,cat,Domestic Shorthair Mix,kitten_puppy,Black,Energetic; Playful; Affectionate,house_no_yard,relaxed,first_time,1,0,0_3,Independent,0,0,1,1,0,0,1,0,1,0,1,0,0,0,0,1,1,0,0,0,0,0.0,0,0,0,0,0,0,1,0,0,0,0,1,0,1,0,1,0,1
White,dog,Collie Smooth Mix,young,White,Friendly; Energetic; Playful,house_no_yard,high,first_time,0,0,0_3,Shy; Playful,0,0,1,0,0,1,1,0,0,0,1,0,0,1,1,0,0,1,0,0,0,0.408248,0,0,0,0,1,1,0,0,0,1,0,1,0,1,0,0,0,1
*Henry,dog,Border Terrier Mix,kitten_puppy,Black,Friendly; Energetic; Playful,apartment,high,first_time,0,0,4_7,Calm,1,0,0,0,0,1,1,0,0,0,0,1,0,0,1,0,1,0,0,0,0,0.0,0,0,1,0,0,0,0,0,0,1,0,1,0,1,0,0,0,0
*Turner,dog,Pit Bull Mix,adult,Brown,Friendly; Energetic; Affectionate,house_with_yard,relaxed,experienced,1,0,8_plus,Shy; Affectionate; Friendly,0,1,0,1,0,0,0,1,1,0,0,0,1,0,1,0,0,0,1,0,0,0.666667,0,1,0,0,1,0,0,1,0,1,0,1,0,0,0,1,0,1
Stella,cat,Domestic Medium Hair Mix,kitten_puppy,Tabby,Energetic; Playful; Affectionate,house_with_yard,high,experienced,0,1,8_plus,Calm; Protective,0,1,0,0,0,1,0,1,0,1,0,0,1,0,0,1,1,0,0,0,0,0.0,0,0,1,0,0,0,0,0,1,0,0,1,0,1,0,1,0,0
Shelter Rescue,dog,Dachshund Mix,adult,Orange,Friendly; Calm; Affectionate,house_no_yard,relaxed,experienced,0,1,4_7,Energetic; Independent; Playful,0,0,1,1,0,0,0,1,0,1,0,1,0,0,1,0,0,0,1,0,0,0.0,0,0,0,1,0,1,1,0,0,1,1,0,0,0,0,1,0,1
Fancy-Nancy,dog,Australian Cattle Dog Mix,young,Black,Friendly; Energetic; Playful,house_no_yard,high,first_time,0,0,0_3,Protective,0,0,1,0,0,1,1,0,0,0,1,0,0,0,1,0,0,1,0,0,0,0.0,0,0,0,0,0,0,0,0,1,1,0,1,0,1,0,0,0,1
Shelter Rescue,dog,Boxer,adult,White,Friendly; Energetic; Affectionate,house_no_yard,high,experienced,1,0,4_7,Friendly; Independent,0,0,1,0,0,1,0,1,1,0,0,1,0,0,1,0,0,0,1,0,0,0.408248,1,1,0,0,0,0,1,0,0,1,0,1,0,0,0,1,0,1
Mr Orange,cat,Domestic Shorthair Mix,senior,Orange,Calm; Independent,apartment,moderate,experienced,1,1,4_7,Affectionate; Playful,1,0,0,0,1,0,0,1,1,1,0,1,0,0,0,1,0,0,0,1,0,0.0,0,0,0,0,0,1,0,1,0,0,1,0,0,0,1,0,0,0
Tasha Yar,dog,Plott Hound/Pit Bull,kitten_puppy,White,Friendly; Energetic; Playful,house_no_yard,high,first_time,0,0,4_7,Independent,0,0,1,0,0,1,1,0,0,0,0,1,0,1,1,0,1,0,0,0,0,0.0,1,0,0,0,0,0,1,0,0,1,0,1,0,1,0,0,0,1
Ellie,dog,Labrador Retriever Mix,kitten_puppy,Brown,Friendly; Energetic; Playful; Affectionate,apartment,high,first_time,1,0,4_7,Shy,1,0,0,0,0,1,1,0,1,0,0,1,0,1,1,0,1,0,0,0,0,0.0,1,0,0,0,1,0,0,0,0,1,0,1,0,1,0,1,0,1
Shelter Rescue,dog,Labrador Retriever Mix,kitten_puppy,Black,Friendly; Energetic; Playful; Affectionate,house_with_yard,moderate,experienced,0,0,0_3,Friendly; Energetic; Independent,0,1,0,0,1,0,0,1,0,0,1,0,0,1,1,0,1,0,0,0,0,0.57735,0,1,0,1,0,0,1,0,0,1,0,1,0,1,0,1,0,1
Bentley,dog,Chihuahua Shorthair Mix,young,Black,Friendly; Calm; Energetic; Playful; Affectionate,house_with_yard,relaxed,experienced,0,1,0_3,Friendly; Calm; Affectionate,0,1,0,1,0,0,0,1,0,1,1,0,0,0,1,0,0,1,0,0,0,0.774597,1,1,1,0,0,0,0,1,0,1,1,1,0,1,0,1,0,1
Diamond,dog,Pit Bull Mix,young,White,Friendly; Energetic; Playful,house_no_yard,high,first_time,0,0,8_plus,Protective; Affectionate; Shy,0,0,1,0,0,1,1,0,0,0,0,0,1,0,1,0,0,1,0,0,0,0.0,0,0,0,0,1,0,0,1,1,1,0,1,0,1,0,0,0,1
*May,dog,German Shepherd/Australian Cattle Dog,kitten_puppy,Orange,Friendly; Energetic; Playful; Protective,house_with_yard,relaxed,first_time,0,1,4_7,Shy; Independent; Affectionate,0,1,0,1,0,0,1,0,0,1,0,1,0,0,1,0,1,0,0,0,0,0.0,1,0,0,0,1,0,1,1,0,1,0,1,0,1,0,0,1,1
*Buckwheat,cat,Domestic Shorthair Mix,kitten_puppy,Gray,Energetic; Playful; Affectionate,apartment,high,experienced,1,0,8_plus,Energetic,1,0,0,0,0,1,0,1,1,0,0,0,1,0,0,1,1,0,0,0,0,0.57735,0,0,0,1,0,0,0,0,0,0,0,1,0,1,0,1,0,1
Shelter Rescue,cat,Domestic Shorthair Mix,kitten_puppy,Tricolor,Energetic; Playful; Affectionate,house_no_yard,moderate,experienced,1,1,8_plus,Independent,0,0,1,0,1,0,0,1,1,1,0,0,1,0,0,1,1,0,0,0,0,0.0,1,0,0,0,0,0,1,0,0,0,0,1,0,1,0,1,0,0
*Oreo,dog,Australian Cattle Dog,kitten_puppy,Black,Friendly; Energetic; Playful,apartment,relaxed,first_time,0,1,8_plus,Calm; Energetic,1,0,0,1,0,0,1,0,0,1,0,0,1,0,1,0,1,0,0,0,0,0.408248,0,0,1,1,0,0,0,0,0,1,0,1,0,1,0,0,0,0
Shelter Rescue,cat,Domestic Shorthair Mix,kitten_puppy,White,Energetic; Playful; Affectionate,house_with_yard,high,experienced,0,0,8_plus,Affectionate; Protective,0,1,0,0,0,1,0,1,0,0,0,0,1,0,0,1,1,0,0,0,0,0.408248,0,0,0,0,0,0,0,1,1,0,0,1,0,1,0,1,0,0
Shelter Rescue,cat,Domestic Shorthair Mix,kitten_puppy,Tricolor,Energetic; Playful; Affectionate,house_with_yard,high,experienced,1,1,8_plus,Shy; Energetic,0,1,0,0,0,1,0,1,1,1,0,0,1,0,0,1,1,0,0,0,0,0.408248,0,0,0,1,1,0,0,0,0,0,0,1,0,1,0,1,0,1
*Reese,dog,Pit Bull/Labrador Retriever,kitten_puppy,Black,Friendly; Energetic; Playful; Affectionate,house_no_yard,relaxed,first_time,1,1,0_3,Shy; Calm,0,0,1,1,0,0,1,0,1,1,1,0,0,0,1,0,1,0,0,0,0,0.0,0,0,1,0,1,0,0,0,0,1,0,1,0,1,0,1,0,1
Shelter Rescue,dog,Chihuahua Longhair Mix,senior,White,Friendly; Calm; Independent; Affectionate,apartment,relaxed,experienced,1,1,8_plus,Energetic,1,0,0,1,0,0,0,1,1,1,0,0,1,0,1,0,0,0,0,1,0,0.0,0,0,0,1,0,0,0,0,0,1,1,0,0,0,1,1,0,1
*Teddy,cat,Domestic Medium Hair Mix,kitten_puppy,Gray,Energetic; Playful; Affectionate,house_no_yard,moderate,experienced,0,1,0_3,Playful; Calm; Protective,0,0,1,0,1,0,0,1,0,1,1,0,0,0,0,1,1,0,0,0,0,0.333333,0,0,1,0,0,1,0,0,1,0,0,1,0,1,0,1,0,1
Luna,dog,Siberian Husky Mix,young,White,Friendly; Energetic; Playful,apartment,high,first_time,0,0,8_plus,Playful; Affectionate,1,0,0,0,0,1,1,0,0,0,0,0,1,1,1,0,0,1,0,0,0,0.408248,0,0,0,0,0,1,0,1,0,1,0,1,0,1,0,0,0,0
Shelter Rescue,cat,Domestic Shorthair Mix,kitten_puppy,Gray,Energetic; Playful; Affectionate,apartment,high,experienced,1,0,8_plus,Independent; Energetic,1,0,0,0,0,1,0,1,1,0,0,0,1,0,0,1,1,0,0,0,0,0.408248,0,0,0,1,0,0,1,0,0,0,0,1,0,1,0,1,0,1
*Alana,cat,Domestic Medium Hair Mix,kitten_puppy,Black,Energetic; Playful; Affectionate,house_no_yard,high,experienced,0,1,4_7,Shy,0,0,1,0,0,1,0,1,0,1,0,1,0,0,0,1,1,0,0,0,0,0.0,0,0,0,0,1,0,0,0,0,0,0,1,0,1,0,1,0,1
*Maggie,dog,German Shepherd Mix,kitten_puppy,Brown,Friendly; Energetic; Playful; Protective,house_no_yard,high,first_time,0,0,4_7,Independent,0,0,1,0,0,1,1,0,0,0,0,1,0,1,1,0,1,0,0,0,0,0.0,1,0,0,0,0,0,1,0,0,1,0,1,0,1,0,0,1,1
Baby,cat,Domestic Longhair Mix,young,Orange,Calm; Independent; Affectionate,house_no_yard,high,first_time,1,1,8_plus,Independent,0,0,1,0,0,1,1,0,1,1,0,0,1,0,0,1,0,1,0,0,0,0.57735,1,0,0,0,0,0,1,0,0,0,1,0,0,0,1,1,0,1
Shelter Rescue,dog,Australian Shepherd Mix,kitten_puppy,Tricolor,Friendly; Energetic; Playful; Protective,house_with_yard,high,first_time,0,0,8_plus,Friendly; Energetic,0,1,0,0,0,1,1,0,0,0,0,0,1,0,1,0,1,0,0,0,0,0.707107,0,1,0,1,0,0,0,0,0,1,0,1,0,1,0,0,1,1
*Sampson,dog,Labrador Retriever Mix,kitten_puppy,Black,Friendly; Energetic; Playful; Affectionate,house_with_yard,relaxed,experienced,0,0,0_3,Friendly; Protective; Calm,0,1,0,1,0,0,0,1,0,0,1,0,0,0,1,0,1,0,0,0,0,0.288675,0,1,1,0,0,0,0,0,1,1,0,1,0,1,0,1,0,1
Maggie,dog,Labrador Retriever Mix,adult,Brown,Friendly; Playful; Affectionate,house_no_yard,high,first_time,1,0,0_3,Friendly,0,0,1,0,0,1,1,0,1,0,1,0,0,0,1,0,0,0,1,0,0,0.57735,1,1,0,0,0,0,0,0,0,1,0,0,0,1,0,1,0,1
*Milo,dog,Dachshund Wirehair/Miniature Schnauzer,young,Black,Friendly; Calm; Energetic; Playful; Affectionate,apartment,high,experienced,1,0,4_7,Friendly; Independent; Calm,1,0,0,0,0,1,0,1,1,0,0,1,0,0,1,0,0,1,0,0,0,0.516398,0,1,1,0,0,0,1,0,0,1,1,1,0,1,0,1,0,1
*Ms. Piggy,cat,Domestic Shorthair Mix,kitten_puppy,Black,Energetic; Playful; Affectionate,apartment,moderate,experienced,0,0,4_7,Energetic; Friendly,1,0,0,0,1,0,0,1,0,0,0,1,0,0,0,1,1,0,0,0,0,0.408248,0,1,0,1,0,0,0,0,0,0,0,1,0,1,0,1,0,1
Nibbler,cat,Domestic Shorthair Mix,kitten_puppy,Tabby,Energetic; Playful; Affectionate,apartment,relaxed,first_time,0,1,0_3,Calm; Playful; Friendly,1,0,0,1,0,0,1,0,0,1,1,0,0,0,0,1,1,0,0,0,0,0.333333,0,1,1,0,0,1,0,0,0,0,0,1,0,1,0,1,0,1
*Armando,dog,Labrador Retriever/Pit Bull,kitten_puppy,Brown,Friendly; Energetic; Playful; Affectionate,apartment,high,first_time,1,0,0_3,Protective; Playful; Friendly,1,0,0,0,0,1,1,0,1,0,1,0,0,0,1,0,1,0,0,0,0,0.57735,0,1,0,0,0,1,0,0,1,1,0,1,0,1,0,1,0,1
*Crockett,dog,Black Mouth Cur Mix,young,Brown,Friendly; Energetic; Playful,house_with_yard,moderate,first_time,0,0,8_plus,Calm; Friendly; Protective,0,1,0,0,1,0,1,0,0,0,0,0,1,1,1,0,0,1,0,0,0,0.333333,0,1,1,0,0,0,0,0,1,1,0,1,0,1,0,0,0,1
*Nicodemus,cat,Domestic Shorthair Mix,young,Tabby,Calm; Independent; Affectionate,house_no_yard,high,experienced,1,1,0_3,Playful; Protective; Friendly,0,0,1,0,0,1,0,1,1,1,1,0,0,1,0,1,0,1,0,0,0,0.0,0,1,0,0,0,1,0,0,1,0,1,0,0,0,1,1,0,0
Shelter Rescue,dog,Dachshund Mix,young,White,Friendly; Calm; Energetic; Playful; Affectionate,house_no_yard,high,first_time,1,0,8_plus,Protective,0,0,1,0,0,1,1,0,1,0,0,0,1,0,1,0,0,1,0,0,0,0.0,1,0,0,0,0,0,0,0,1,1,1,1,0,1,0,1,0,1
Shelter Rescue,dog,Cairn Terrier Mix,kitten_puppy,Brown,Friendly; Energetic; Playful,house_with_yard,moderate,experienced,1,0,8_plus,Calm; Shy; Energetic,0,1,0,0,1,0,0,1,1,0,0,0,1,0,1,0,1,0,0,0,0,0.333333,0,0,1,1,1,0,0,0,0,1,0,1,0,1,0,0,0,0
Shelter Rescue,dog,Siberian Husky Mix,young,Black,Friendly; Energetic; Playful,house_no_yard,relaxed,first_time,1,0,8_plus,Independent; Friendly; Playful,0,0,1,1,0,0,1,0,1,0,0,0,1,0,1,0,0,1,0,0,0,0.666667,0,1,0,0,0,1,1,0,0,1,0,1,0,1,0,0,0,1
Crispin,dog,Yorkshire Terrier/Chihuahua Longhair,young,Tricolor,Friendly; Calm; Energetic; Playful; Affectionate,house_with_yard,moderate,experienced,0,1,0_3,Protective; Calm; Affectionate,0,1,0,0,1,0,0,1,0,1,1,0,0,0,1,0,0,1,0,0,0,0.516398,0,0,1,0,0,0,0,1,1,1,1,1,0,1,0,1,0,1
Lemon,cat,Domestic Shorthair Mix,young,Tabby,Calm; Independent; Affectionate,house_with_yard,moderate,experienced,0,1,4_7,Shy; Friendly; Affectionate,0,1,0,0,1,0,0,1,0,1,0,1,0,0,0,1,0,1,0,0,0,0.333333,0,1,0,0,1,0,0,1,0,0,1,0,0,0,1,1,0,0
Shelter Rescue,dog,Chihuahua Shorthair Mix,young,Black,Friendly; Calm; Energetic; Playful; Affectionate,house_with_yard,relaxed,experienced,1,0,8_plus,Affectionate; Playful,0,1,0,1,0,0,0,1,1,0,0,0,1,0,1,0,0,1,0,0,0,0.632456,0,0,0,0,0,1,0,1,0,1,1,1,0,1,0,1,0,1
*Marble,cat,Domestic Shorthair Mix,kitten_puppy,Tricolor,Energetic; Playful; Affectionate,house_with_yard,relaxed,experienced,1,0,8_plus,Affectionate,0,1,0,1,0,0,0,1,1,0,0,0,1,1,0,1,1,0,0,0,0,0.57735,0,0,0,0,0,0,0,1,0,0,0,1,0,1,0,1,0,1
*Holli,dog,Chihuahua Shorthair Mix,young,Gray,Friendly; Calm; Energetic; Playful; Affectionate,house_with_yard,relaxed,first_time,0,1,0_3,Protective; Friendly; Independent,0,1,0,1,0,0,1,0,0,1,1,0,0,1,1,0,0,1,0,0,0,0.258199,1,1,0,0,0,0,1,0,1,1,1,1,0,1,0,1,0,1
Luther,cat,Domestic Shorthair Mix,kitten_puppy,Gray,Energetic; Playful; Affectionate,house_no_yard,high,first_time,1,0,8_plus,Friendly; Energetic,0,0,1,0,0,1,1,0,1,0,0,0,1,0,0,1,1,0,0,0,0,0.408248,0,1,0,1,0,0,0,0,0,0,0,1,0,1,0,1,0,0
Tiggy,cat,Domestic Shorthair Mix,senior,Tricolor,Calm; Independent,apartment,moderate,first_time,0,1,4_7,Calm; Friendly,1,0,0,0,1,0,1,0,0,1,0,1,0,0,0,1,0,0,0,1,0,0.5,0,1,1,0,0,0,0,0,0,0,1,0,0,0,1,0,0,1
*Max,cat,Domestic Shorthair Mix,kitten_puppy,White,Energetic; Playful; Affectionate,apartment,high,first_time,0,0,4_7,Affectionate,1,0,0,0,0,1,1,0,0,0,0,1,0,0,0,1,1,0,0,0,0,0.57735,1,0,0,0,0,0,0,1,0,0,0,1,0,1,0,1,0,1
Shelter Rescue,cat,Domestic Shorthair Mix,kitten_puppy,Tabby,Energetic; Playful; Affectionate,house_with_yard,high,first_time,0,1,4_7,Protective; Affectionate; Energetic,0,1,0,0,0,1,1,0,0,1,0,1,0,0,0,1,1,0,0,0,0,0.666667,0,0,0,1,0,0,0,1,1,0,0,1,0,1,0,1,0,1
*Mina,dog,Australian Shepherd Mix,young,White,Friendly; Energetic; Playful; Protective,house_no_yard,high,first_time,0,0,4_7,Independent; Friendly; Playful,0,0,1,0,0,1,1,0,0,0,0,1,0,1,1,0,0,1,0,0,0,0.57735,0,1,0,0,0,1,1,0,0,1,0,1,0,1,0,0,1,1
Shelter Rescue,dog,Labrador Retriever Mix,kitten_puppy,White,Friendly; Energetic; Playful; Affectionate,apartment,relaxed,experienced,1,1,4_7,Energetic,1,0,0,1,0,0,0,1,1,1,0,1,0,0,1,0,1,0,0,0,0,0.5,0,0,0,1,0,0,0,0,0,1,0,1,0,1,0,1,0,0
Asma,cat,Domestic Shorthair Mix,kitten_puppy,Tricolor,Energetic; Playful; Affectionate,house_with_yard,moderate,first_time,1,0,4_7,Shy,0,1,0,0,1,0,1,0,1,0,0,1,0,1,0,1,1,0,0,0,0,0.0,0,0,0,0,1,0,0,0,0,0,0,1,0,1,0,1,0,1
Thelma,dog,German Shorthair Pointer Mix,kitten_puppy,Brown,Friendly; Energetic; Playful,house_with_yard,high,first_time,0,1,8_plus,Affectionate,0,1,0,0,0,1,1,0,0,1,0,0,1,1,1,0,1,0,0,0,0,0.0,0,0,0,0,0,0,0,1,0,1,0,1,0,1,0,0,0,1
Shelter Rescue,cat,Domestic Shorthair Mix,kitten_puppy,Tricolor,Energetic; Playful; Affectionate,house_with_yard,high,experienced,0,1,4_7,Energetic; Calm; Friendly,0,1,0,0,0,1,0,1,0,1,0,1,0,1,0,1,1,0,0,0,0,0.333333,0,1,1,1,0,0,0,0,0,0,0,1,0,1,0,1,0,1
Shelter Rescue,dog,Miniature Poodle/English Cocker Spaniel,young,Brown,Friendly; Energetic; Playful; Affectionate,house_no_yard,high,experienced,0,0,8_plus,Playful; Energetic; Friendly,0,0,1,0,0,1,0,1,0,0,0,0,1,0,1,0,0,1,0,0,0,0.866025,0,1,0,1,0,1,0,0,0,1,0,1,0,1,0,1,0,1
*Archie,cat,Domestic Shorthair,kitten_puppy,Black,Energetic; Playful; Affectionate,house_no_yard,moderate,experienced,0,0,0_3,Calm; Friendly,0,0,1,0,1,0,0,1,0,0,1,0,0,0,0,1,1,0,0,0,0,0.0,0,1,1,0,0,0,0,0,0,0,0,1,0,1,0,1,0,0
Shelter Rescue,dog,Chihuahua Shorthair Mix,kitten_puppy,Brown,Friendly; Calm; Energetic; Playful; Affectionate,house_no_yard,relaxed,experienced,1,0,8_plus,Calm; Friendly,0,0,1,1,0,0,0,1,1,0,0,0,1,1,1,0,1,0,0,0,0,0.632456,1,1,1,0,0,0,0,0,0,1,1,1,0,1,0,1,0,1
Chase,dog,Boxer Mix,young,White,Friendly; Energetic; Playful,apartment,moderate,first_time,1,1,4_7,Playful; Shy; Affectionate,1,0,0,0,1,0,1,0,1,1,0,1,0,0,1,0,0,1,0,0,0,0.333333,0,0,0,0,1,1,0,1,0,1,0,1,0,1,0,0,0,1
Bailey,dog,Anatol Shepherd Mix,kitten_puppy,White,Friendly; Energetic; Playful; Protective,apartment,relaxed,first_time,0,1,4_7,Independent,1,0,0,1,0,0,1,0,0,1,0,1,0,0,1,0,1,0,0,0,0,0.0,0,0,0,0,0,0,1,0,0,1,0,1,0,1,0,0,1,0
*Baron,dog,German Shepherd Mix,young,Tricolor,Friendly; Energetic; Playful; Protective,house_with_yard,high,first_time,0,1,0_3,Shy,0,1,0,0,0,1,1,0,0,1,1,0,0,0,1,0,0,1,0,0,0,0.0,1,0,0,0,1,0,0,0,0,1,0,1,0,1,0,0,1,1
Minnie,dog,Chihuahua Shorthair Mix,senior,Brown,Friendly; Calm; Independent; Affectionate,house_no_yard,relaxed,first_time,0,0,0_3,Playful; Calm; Protective,0,0,1,1,0,0,1,0,0,0,1,0,0,0,1,0,0,0,0,1,0,0.288675,1,0,1,0,0,1,0,0,1,1,1,0,0,0,1,1,0,1
Kiara,cat,Domestic Shorthair Mix,kitten_puppy,Tricolor,Energetic; Playful; Affectionate,house_no_yard,relaxed,experienced,1,0,4_7,Friendly,0,0,1,1,0,0,0,1,1,0,0,1,0,0,0,1,1,0,0,0,0,0.0,0,1,0,0,0,0,0,0,0,0,0,1,0,1,0,1,0,0
Cindy,dog,Siberian Husky Mix,kitten_puppy,White,Friendly; Energetic; Playful,house_no_yard,relaxed,experienced,0,0,4_7,Friendly,0,0,1,1,0,0,0,1,0,0,0,1,0,0,1,0,1,0,0,0,0,0.57735,0,1,0,0,0,0,0,0,0,1,0,1,0,1,0,0,0,0
Shelter Rescue,cat,Domestic Shorthair Mix,kitten_puppy,Orange,Energetic; Playful; Affectionate,house_with_yard,relaxed,first_time,1,1,4_7,Calm; Friendly; Protective,0,1,0,1,0,0,1,0,1,1,0,1,0,0,0,1,1,0,0,0,0,0.0,1,1,1,0,0,0,0,0,1,0,0,1,0,1,0,1,0,1
Shelter Rescue,dog,Boxer Mix,kitten_puppy,White,Friendly; Energetic; Playful,house_with_yard,relaxed,first_time,0,0,8_plus,Playful,0,1,0,1,0,0,1,0,0,0,0,0,1,1,1,0,1,0,0,0,0,0.57735,0,0,0,0,0,1,0,0,0,1,0,1,0,1,0,0,0,1
Axel,dog,Labrador Retriever Mix,kitten_puppy,White,Friendly; Energetic; Playful; Affectionate,house_no_yard,moderate,first_time,0,0,4_7,Playful,0,0,1,0,1,0,1,0,0,0,0,1,0,0,1,0,1,0,0,0,0,0.5,0,0,0,0,0,1,0,0,0,1,0,1,0,1,0,1,0,1
Fatima,cat,Domestic Medium Hair Mix,kitten_puppy,White,Energetic; Playful; Affectionate,apartment,relaxed,first_time,1,1,8_plus,Friendly,1,0,0,1,0,0,1,0,1,1,0,0,1,0,0,1,1,0,0,0,0,0.0,0,1,0,0,0,0,0,0,0,0,0,1,0,1,0,1,0,0
Shelter Rescue,cat,Domestic Shorthair Mix,kitten_puppy,Tabby,Energetic; Playful; Affectionate,house_no_yard,moderate,experienced,1,0,8_plus,Energetic; Independent; Protective,0,0,1,0,1,0,0,1,1,0,0,0,1,0,0,1,1,0,0,0,0,0.333333,0,0,0,1,0,0,1,0,1,0,0,1,0,1,0,1,0,0
Shelter Rescue,dog,Labrador Retriever Mix,kitten_puppy,Brown,Friendly; Energetic; Playful; Affectionate,house_no_yard,moderate,first_time,0,1,4_7,Friendly,0,0,1,0,1,0,1,0,0,1,0,1,0,0,1,0,1,0,0,0,0,0.5,1,1,0,0,0,0,0,0,0,1,0,1,0,1,0,1,0,1
*Clifford,dog,Mastiff Mix,young,Orange,Friendly; Energetic; Playful,apartment,high,experienced,1,0,0_3,Protective; Independent,1,0,0,0,0,1,0,1,1,0,1,0,0,0,1,0,0,1,0,0,0,0.0,0,0,0,0,0,0,1,0,1,1,0,1,0,1,0,0,0,0
*Buttercup,cat,Domestic Shorthair Mix,kitten_puppy,Tricolor,Energetic; Playful; Affectionate,house_no_yard,moderate,first_time,0,0,4_7,Playful; Energetic; Protective,0,0,1,0,1,0,1,0,0,0,0,1,0,1,0,1,1,0,0,0,0,0.666667,0,0,0,1,0,1,0,0,1,0,0,1,0,1,0,1,0,0
*Jesse,cat,Domestic Shorthair Mix,kitten_puppy,Gray,Energetic; Playful; Affectionate,house_no_yard,relaxed,experienced,0,1,4_7,Protective,0,0,1,1,0,0,0,1,0,1,0,1,0,0,0,1,1,0,0,0,0,0.0,0,0,0,0,0,0,0,0,1,0,0,1,0,1,0,1,0,0
Rickie,dog,Norwich Terrier Mix,young,Brown,Friendly; Energetic; Playful,apartment,relaxed,experienced,1,1,8_plus,Protective; Playful,1,0,0,1,0,0,0,1,1,1,0,0,1,0,1,0,0,1,0,0,0,0.408248,1,0,0,0,0,1,0,0,1,1,0,1,0,1,0,0,0,0
*Ashley,cat,Domestic Shorthair Mix,kitten_puppy,Black,Energetic; Playful; Affectionate,house_with_yard,relaxed,first_time,0,1,0_3,Friendly; Shy; Affectionate,0,1,0,1,0,0,1,0,0,1,1,0,0,0,0,1,1,0,0,0,0,0.333333,0,1,0,0,1,0,0,1,0,0,0,1,0,1,0,1,0,1
Betty,dog,German Shepherd Mix,young,Black,Friendly; Energetic; Playful; Protective,house_no_yard,high,first_time,0,1,0_3,Protective; Shy; Independent,0,0,1,0,0,1,1,0,0,1,1,0,0,0,1,0,0,1,0,0,0,0.288675,0,0,0,0,1,0,1,0,1,1,0,1,0,1,0,0,1,1
*Bellingham,cat,Domestic Shorthair Mix,kitten_puppy,Tabby,Energetic; Playful; Affectionate,house_with_yard,high,first_time,1,0,0_3,Calm; Independent,0,1,0,0,0,1,1,0,1,0,1,0,0,0,0,1,1,0,0,0,0,0.0,1,0,1,0,0,0,1,0,0,0,0,1,0,1,0,1,0,1
Sandy,dog,American Bulldog Mix,adult,White,Friendly; Energetic; Affectionate,apartment,relaxed,first_time,0,1,8_plus,Calm; Energetic; Independent,1,0,0,1,0,0,1,0,0,1,0,0,1,0,1,0,0,0,1,0,0,0.333333,0,0,1,1,0,0,1,0,0,1,0,1,0,0,0,1,0,0
*Peony,dog,Labrador Retriever,kitten_puppy,Black,Friendly; Energetic; Playful; Affectionate,house_no_yard,moderate,first_time,0,1,0_3,Playful; Affectionate; Shy,0,0,1,0,1,0,1,0,0,1,1,0,0,0,1,0,1,0,0,0,0,0.57735,0,0,0,0,1,1,0,1,0,1,0,1,0,1,0,1,0,1
Lucy,dog,Chihuahua Longhair Mix,adult,Black,Friendly; Calm; Affectionate,house_no_yard,moderate,first_time,0,0,0_3,Playful; Calm; Protective,0,0,1,0,1,0,1,0,0,0,1,0,0,0,1,0,0,0,1,0,0,0.333333,1,0,1,0,0,1,0,0,1,1,1,0,0,0,0,1,0,1
*Gertie,dog,Beagle Mix,kitten_puppy,Tricolor,Friendly; Energetic; Playful; Affectionate,house_no_yard,relaxed,first_time,0,1,4_7,Independent,0,0,1,1,0,0,1,0,0,1,0,1,0,0,1,0,1,0,0,0,0,0.0,0,0,0,0,0,0,1,0,0,1,0,1,0,1,0,1,0,0
Coni,dog,Chihuahua Shorthair Mix,kitten_puppy,Brown,Friendly; Calm; Energetic; Playful; Affectionate,apartment,high,first_time,0,0,4_7,Playful; Friendly,1,0,0,0,0,1,1,0,0,0,0,1,0,0,1,0,1,0,0,0,0,0.632456,1,1,0,0,0,1,0,0,0,1,1,1,0,1,0,1,0,1
*Sandi,cat,Domestic Longhair Mix,adult,White,Calm; Independent; Affectionate,house_no_yard,moderate,first_time,0,1,0_3,Playful,0,0,1,0,1,0,1,0,0,1,1,0,0,0,0,1,0,0,1,0,0,0.0,0,0,0,0,0,1,0,0,0,0,1,0,0,0,1,1,0,1
Zoey,dog,Pointer Mix,kitten_puppy,Orange,Friendly; Energetic; Playful,apartment,moderate,first_time,1,1,4_7,Independent; Calm,1,0,0,0,1,0,1,0,1,1,0,1,0,1,1,0,1,0,0,0,0,0.0,1,0,1,0,0,0,1,0,0,1,0,1,0,1,0,0,0,1
Chico,dog,Pit Bull/Cardigan Welsh Corgi,young,Brown,Friendly; Energetic; Playful,house_with_yard,relaxed,experienced,0,1,4_7,Independent; Protective,0,1,0,1,0,0,0,1,0,1,0,1,0,1,1,0,0,1,0,0,0,0.0,1,0,0,0,0,0,1,0,1,1,0,1,0,1,0,0,0,1
Bailey,dog,Border Collie Mix,kitten_puppy,Black,Friendly; Energetic; Playful,house_no_yard,moderate,first_time,0,0,4_7,Energetic; Friendly; Playful,0,0,1,0,1,0,1,0,0,0,0,1,0,0,1,0,1,0,0,0,0,1.0,1,1,0,1,0,1,0,0,0,1,0,1,0,1,0,0,0,1
*Skunk,cat,Domestic Shorthair Mix,kitten_puppy,Black,Energetic; Playful; Affectionate,house_with_yard,high,experienced,0,0,0_3,Shy; Playful,0,1,0,0,0,1,0,1,0,0,1,0,0,0,0,1,1,0,0,0,0,0.408248,0,0,0,0,1,1,0,0,0,0,0,1,0,1,0,1,0,1
Iggy,dog,German Shepherd Mix,adult,Black,Friendly; Energetic; Affectionate; Protective,house_with_yard,moderate,first_time,0,0,8_plus,Friendly; Calm,0,1,0,0,1,0,1,0,0,0,0,0,1,0,1,0,0,0,1,0,0,0.353553,0,1,1,0,0,0,0,0,0,1,0,1,0,0,0,1,1,1
Shelter Rescue,cat,Domestic Longhair Mix,kitten_puppy,Tricolor,Energetic; Playful; Affectionate,house_no_yard,high,experienced,0,0,8_plus,Affectionate; Independent,0,0,1,0,0,1,0,1,0,0,0,0,1,0,0,1,1,0,0,0,0,0.408248,1,0,0,0,0,0,1,1,0,0,0,1,0,1,0,1,0,0
*Liddie,cat,Domestic Shorthair Mix,adult,Tricolor,Calm; Independent; Affectionate,apartment,moderate,first_time,0,1,8_plus,Protective; Friendly; Affectionate,1,0,0,0,1,0,1,0,0,1,0,0,1,0,0,1,0,0,1,0,0,0.333333,1,1,0,0,0,0,0,1,1,0,1,0,0,0,1,1,0,1
Polly,dog,Skye Terrier Mix,adult,Black,Friendly; Energetic; Affectionate,house_with_yard,moderate,first_time,0,1,4_7,Independent; Playful; Calm,0,1,0,0,1,0,1,0,0,1,0,1,0,0,1,0,0,0,1,0,0,0.0,0,0,1,0,0,1,1,0,0,1,0,1,0,0,0,1,0,1
Zoe,dog,Beagle Mix,adult,White,Friendly; Playful; Affectionate,apartment,high,first_time,1,0,4_7,Shy; Playful,1,0,0,0,0,1,1,0,1,0,0,1,0,0,1,0,0,0,1,0,0,0.408248,0,0,0,0,1,1,0,0,0,1,0,0,0,1,0,1,0,1
Bruno,dog,Australian Kelpie Mix,young,Black,Friendly; Energetic; Playful,house_with_yard,relaxed,experienced,0,0,0_3,Shy,0,1,0,1,0,0,0,1,0,0,1,0,0,0,1,0,0,1,0,0,0,0.0,0,0,0,0,1,0,0,0,0,1,0,1,0,1,0,0,0,0
*Oso,dog,Alaskan Husky/Border Collie,senior,Black,Friendly; Calm; Energetic; Independent; Affectionate,apartment,high,first_time,1,0,8_plus,Affectionate; Calm,1,0,0,0,0,1,1,0,1,0,0,0,1,1,1,0,0,0,0,1,0,0.632456,0,0,1,0,0,0,0,1,0,1,1,1,0,0,1,1,0,1
*Violet,dog,Anatol Shepherd/Labrador Retriever,kitten_puppy,White,Friendly; Energetic; Playful; Affectionate; Protective,house_with_yard,relaxed,experienced,0,1,4_7,Energetic,0,1,0,1,0,0,0,1,0,1,0,1,0,0,1,0,1,0,0,0,0,0.447214,0,0,0,1,0,0,0,0,0,1,0,1,0,1,0,1,1,1
*Toby,dog,Leonberger Mix,young,Tricolor,Friendly; Energetic; Playful,house_with_yard,high,experienced,1,0,0_3,Calm,0,1,0,0,0,1,0,1,1,0,1,0,0,0,1,0,0,1,0,0,0,0.0,0,0,1,0,0,0,0,0,0,1,0,1,0,1,0,0,0,1
Rowdy,dog,Yorkshire Terrier Mix,adult,Gray,Friendly; Energetic; Affectionate,apartment,high,first_time,0,1,0_3,Energetic; Playful,1,0,0,0,0,1,1,0,0,1,1,0,0,0,1,0,0,0,1,0,0,0.408248,0,0,0,1,0,1,0,0,0,1,0,1,0,0,0,1,0,1
*Rumor,dog,Anatol Shepherd Mix,adult,White,Friendly; Energetic; Affectionate; Protective,apartment,moderate,experienced,0,1,0_3,Energetic; Affectionate; Independent,1,0,0,0,1,0,0,1,0,1,1,0,0,1,1,0,0,0,1,0,0,0.57735,0,0,0,1,0,0,1,1,0,1,0,1,0,0,0,1,1,1
Shelter Rescue,dog,Miniature Schnauzer,senior,Black,Friendly; Calm; Independent; Affectionate,apartment,moderate,first_time,1,0,0_3,Affectionate; Playful,1,0,0,0,1,0,1,0,1,0,1,0,0,0,1,0,0,0,0,1,0,0.353553,0,0,0,0,0,1,0,1,0,1,1,0,0,0,1,1,0,1
Boone,dog,Labrador Retriever Mix,kitten_puppy,Black,Friendly; Energetic; Playful; Affectionate,apartment,relaxed,experienced,0,0,4_7,Protective,1,0,0,1,0,0,0,1,0,0,0,1,0,0,1,0,1,0,0,0,0,0.0,0,0,0,0,0,0,0,0,1,1,0,1,0,1,0,1,0,0
Lizzy,dog,Dachshund Mix,young,Black,Friendly; Calm; Energetic; Playful; Affectionate,house_no_yard,high,first_time,0,1,4_7,Playful; Independent,0,0,1,0,0,1,1,0,0,1,0,1,0,0,1,0,0,1,0,0,0,0.316228,1,0,0,0,0,1,1,0,0,1,1,1,0,1,0,1,0,1
*Dot,dog,Beagle Mix,kitten_puppy,White,Friendly; Energetic; Playful; Affectionate,house_no_yard,relaxed,experienced,0,0,8_plus,Calm; Protective; Affectionate,0,0,1,1,0,0,0,1,0,0,0,0,1,0,1,0,1,0,0,0,0,0.288675,0,0,1,0,0,0,0,1,1,1,0,1,0,1,0,1,0,0
*Simon,cat,Domestic Shorthair Mix,kitten_puppy,White,Energetic; Playful; Affectionate,house_with_yard,high,experienced,0,1,4_7,Playful,0,1,0,0,0,1,0,1,0,1,0,1,0,1,0,1,1,0,0,0,0,0.57735,0,0,0,0,0,1,0,0,0,0,0,1,0,1,0,1,0,1
*Deacon,dog,Norwich Terrier/Yorkshire Terrier,adult,Gray,Friendly; Energetic; Affectionate,apartment,high,experienced,0,0,8_plus,Protective; Shy,1,0,0,0,0,1,0,1,0,0,0,0,1,0,1,0,0,0,1,0,0,0.0,0,0,0,0,1,0,0,0,1,1,0,1,0,0,0,1,0,0
*Liza,dog,Miniature Poodle Mix,young,White,Friendly; Energetic; Playful; Affectionate,apartment,moderate,first_time,1,1,8_plus,Shy,1,0,0,0,1,0,1,0,1,1,0,0,1,0,1,0,0,1,0,0,0,0.0,0,0,0,0,1,0,0,0,0,1,0,1,0,1,0,1,0,0
*Roger,dog,Staffordshire Mix,young,White,Friendly; Energetic; Playful,house_with_yard,moderate,first_time,0,0,4_7,Calm; Protective; Affectionate,0,1,0,0,1,0,1,0,0,0,0,1,0,0,1,0,0,1,0,0,0,0.0,0,0,1,0,0,0,0,1,1,1,0,1,0,1,0,0,0,1
Atlas,dog,Belgian Malinois Mix,kitten_puppy,Black,Friendly; Energetic; Playful,house_with_yard,relaxed,first_time,0,0,4_7,Calm; Shy; Affectionate,0,1,0,1,0,0,1,0,0,0,0,1,0,1,1,0,1,0,0,0,0,0.0,0,0,1,0,1,0,0,1,0,1,0,1,0,1,0,0,0,1
Marley,dog,Miniature Poodle Mix,young,Brown,Friendly; Energetic; Playful; Affectionate,apartment,high,first_time,1,1,8_plus,Energetic; Shy,1,0,0,0,0,1,1,0,1,1,0,0,1,0,1,0,0,1,0,0,0,0.353553,0,0,0,1,1,0,0,0,0,1,0,1,0,1,0,1,0,1
Buttons,cat,Domestic Shorthair Mix,senior,Black,Calm; Independent,house_with_yard,high,first_time,0,0,0_3,Protective,0,1,0,0,0,1,1,0,0,0,1,0,0,0,0,1,0,0,0,1,0,0.0,0,0,0,0,0,0,0,0,1,0,1,0,0,0,1,0,0,0
Shelter Rescue,dog,Chihuahua Shorthair Mix,young,Black,Friendly; Calm; Energetic; Playful; Affectionate,house_with_yard,relaxed,experienced,1,0,8_plus,Energetic; Friendly,0,1,0,1,0,0,0,1,1,0,0,0,1,0,1,0,0,1,0,0,0,0.632456,1,1,0,1,0,0,0,0,0,1,1,1,0,1,0,1,0,1
*Moe,dog,Chihuahua Shorthair Mix,adult,Brown,Friendly; Calm; Affectionate,house_with_yard,relaxed,first_time,1,1,8_plus,Energetic; Independent,0,1,0,1,0,0,1,0,1,1,0,0,1,0,1,0,0,0,1,0,0,0.0,1,0,0,1,0,0,1,0,0,1,1,0,0,0,0,1,0,1
Andie,dog,Staffordshire Mix,kitten_puppy,White,Friendly; Energetic; Playful,apartment,high,experienced,1,0,4_7,Affectionate; Protective,1,0,0,0,0,1,0,1,1,0,0,1,0,0,1,0,1,0,0,0,0,0.0,0,0,0,0,0,0,0,1,1,1,0,1,0,1,0,0,0,0
Mocha,cat,Siamese Mix,kitten_puppy,Brown,Energetic; Playful; Affectionate,apartment,high,first_time,0,1,4_7,Calm; Energetic; Playful,1,0,0,0,0,1,1,0,0,1,0,1,0,0,0,1,1,0,0,0,0,0.666667,0,0,1,1,0,1,0,0,0,0,0,1,0,1,0,1,0,1
Hulk,dog,Pit Bull Mix,adult,Brown,Friendly; Energetic; Affectionate,apartment,moderate,experienced,0,1,8_plus,Independent; Friendly,1,0,0,0,1,0,0,1,0,1,0,0,1,0,1,0,0,0,1,0,0,0.408248,1,1,0,0,0,0,1,0,0,1,0,1,0,0,0,1,0,0
Dobie,dog,Dachshund Mix,senior,Tricolor,Friendly; Calm; Independent; Affectionate,house_with_yard,moderate,experienced,1,1,4_7,Playful,0,1,0,0,1,0,0,1,1,1,0,1,0,0,1,0,0,0,0,1,0,0.0,0,0,0,0,0,1,0,0,0,1,1,0,0,0,1,1,0,0
Shelter Rescue,cat,Domestic Shorthair Mix,kitten_puppy,Tricolor,Energetic; Playful; Affectionate,house_with_yard,relaxed,first_time,1,1,8_plus,Playful; Friendly; Shy,0,1,0,1,0,0,1,0,1,1,0,0,1,0,0,1,1,0,0,0,0,0.333333,1,1,0,0,1,1,0,0,0,0,0,1,0,1,0,1,0,1
Shelter Rescue,cat,Domestic Shorthair Mix,kitten_puppy,White,Energetic; Playful; Affectionate,apartment,moderate,experienced,1,0,0_3,Friendly; Energetic,1,0,0,0,1,0,0,1,1,0,1,0,0,0,0,1,1,0,0,0,0,0.408248,0,1,0,1,0,0,0,0,0,0,0,1,0,1,0,1,0,1
Shelter Rescue,dog,Chihuahua Shorthair Mix,kitten_puppy,Black,Friendly; Calm; Energetic; Playful; Affectionate,house_no_yard,relaxed,first_time,0,1,4_7,Independent; Protective; Affectionate,0,0,1,1,0,0,1,0,0,1,0,1,0,0,1,0,1,0,0,0,0,0.258199,1,0,0,0,0,0,1,1,1,1,1,1,0,1,0,1,0,1
Matilda,dog,Boxer Mix,young,Black,Friendly; Energetic; Playful,apartment,high,first_time,1,1,0_3,Friendly,1,0,0,0,0,1,1,0,1,1,1,0,0,0,1,0,0,1,0,0,0,0.57735,0,1,0,0,0,0,0,0,0,1,0,1,0,1,0,0,0,1
Shelter Rescue,cat,Siamese Mix,kitten_puppy,White,Energetic; Playful; Affectionate,apartment,relaxed,experienced,0,1,8_plus,Playful; Friendly; Calm,1,0,0,1,0,0,0,1,0,1,0,0,1,1,0,1,1,0,0,0,0,0.333333,0,1,1,0,0,1,0,0,0,0,0,1,0,1,0,1,0,0
*Poodle,dog,Miniature Poodle,adult,Brown,Friendly; Playful; Affectionate,apartment,moderate,experienced,0,1,0_3,Friendly,1,0,0,0,1,0,0,1,0,1,1,0,0,0,1,0,0,0,1,0,0,0.57735,0,1,0,0,0,0,0,0,0,1,0,0,0,1,0,1,0,1
Lucky,dog,Labrador Retriever/Pointer,young,Black,Friendly; Energetic; Playful; Affectionate,house_no_yard,moderate,experienced,1,0,8_plus,Protective; Independent,0,0,1,0,1,0,0,1,1,0,0,0,1,0,1,0,0,1,0,0,0,0.0,0,0,0,0,0,0,1,0,1,1,0,1,0,1,0,1,0,0
Shelter Rescue,dog,Boxer Mix,kitten_puppy,Brown,Friendly; Energetic; Playful,apartment,moderate,experienced,1,1,4_7,Friendly; Calm,1,0,0,0,1,0,0,1,1,1,0,1,0,0,1,0,1,0,0,0,0,0.408248,1,1,1,0,0,0,0,0,0,1,0,1,0,1,0,0,0,1
Stubby,dog,Basenji/Chihuahua Shorthair,kitten_puppy,Orange,Friendly; Calm; Energetic; Playful; Affectionate,house_no_yard,relaxed,experienced,1,0,0_3,Friendly; Affectionate,0,0,1,1,0,0,0,1,1,0,1,0,0,0,1,0,1,0,0,0,0,0.632456,1,1,0,0,0,0,0,1,0,1,1,1,0,1,0,1,0,1
*Royce,dog,Doberman Pinsch,young,Black,Friendly; Energetic; Playful,house_no_yard,moderate,first_time,0,0,8_plus,Independent; Playful,0,0,1,0,1,0,1,0,0,0,0,0,1,0,1,0,0,1,0,0,0,0.408248,0,0,0,0,0,1,1,0,0,1,0,1,0,1,0,0,0,0
George,dog,Finnish Spitz Mix,young,Brown,Friendly; Energetic; Playful,house_with_yard,high,first_time,1,0,8_plus,Affectionate; Protective,0,1,0,0,0,1,1,0,1,0,0,0,1,0,1,0,0,1,0,0,0,0.0,0,0,0,0,0,0,0,1,1,1,0,1,0,1,0,0,0,1
*Toothless,cat,Domestic Shorthair Mix,kitten_puppy,Black,Energetic; Playful; Affectionate,house_no_yard,moderate,first_time,0,1,0_3,Calm; Playful; Protective,0,0,1,0,1,0,1,0,0,1,1,0,0,1,0,1,1,0,0,0,0,0.333333,0,0,1,0,0,1,0,0,1,0,0,1,0,1,0,1,0,1
Sylvester,cat,Domestic Shorthair Mix,young,Black,Calm; Independent; Affectionate,house_no_yard,high,experienced,1,1,0_3,Energetic; Independent,0,0,1,0,0,1,0,1,1,1,1,0,0,0,0,1,0,1,0,0,0,0.408248,0,0,0,1,0,0,1,0,0,0,1,0,0,0,1,1,0,1
*Louie,dog,Chihuahua Shorthair Mix,adult,Tricolor,Friendly; Calm; Affectionate,house_with_yard,moderate,experienced,0,0,4_7,Independent,0,1,0,0,1,0,0,1,0,0,0,1,0,0,1,0,0,0,1,0,0,0.0,0,0,0,0,0,0,1,0,0,1,1,0,0,0,0,1,0,0
*Laurel,dog,Siberian Husky Mix,senior,Black,Friendly; Calm; Energetic; Independent; Affectionate,house_no_yard,moderate,experienced,0,1,4_7,Calm,0,0,1,0,1,0,0,1,0,1,0,1,0,1,1,0,0,0,0,1,0,0.447214,1,0,1,0,0,0,0,0,0,1,1,1,0,0,1,1,0,1
Shelter Rescue,cat,Domestic Shorthair Mix,kitten_puppy,White,Energetic; Playful; Affectionate,apartment,relaxed,experienced,0,0,4_7,Friendly; Energetic,1,0,0,1,0,0,0,1,0,0,0,1,0,0,0,1,1,0,0,0,0,0.408248,0,1,0,1,0,0,0,0,0,0,0,1,0,1,0,1,0,1
*Frida Kahlo,cat,Domestic Shorthair Mix,young,Tricolor,Calm; Independent; Affectionate,apartment,relaxed,first_time,0,0,8_plus,Calm; Friendly; Protective,1,0,0,1,0,0,1,0,0,0,0,0,1,1,0,1,0,1,0,0,0,0.333333,0,1,1,0,0,0,0,0,1,0,1,0,0,0,1,1,0,1
Sheena,dog,Chihuahua Shorthair Mix,senior,Black,Friendly; Calm; Independent; Affectionate,house_no_yard,high,first_time,1,0,4_7,Affectionate; Shy,0,0,1,0,0,1,1,0,1,0,0,1,0,0,1,0,0,0,0,1,0,0.353553,0,0,0,0,1,0,0,1,0,1,1,0,0,0,1,1,0,1
Leo,dog,Pit Bull Mix,young,White,Friendly; Energetic; Playful,house_with_yard,high,experienced,0,0,0_3,Independent; Shy; Energetic,0,1,0,0,0,1,0,1,0,0,1,0,0,1,1,0,0,1,0,0,0,0.333333,0,0,0,1,1,0,1,0,0,1,0,1,0,1,0,0,0,1
Shelter Rescue,dog,Dachshund Mix,young,Black,Friendly; Calm; Energetic; Playful; Affectionate,house_no_yard,relaxed,first_time,1,0,4_7,Affectionate; Independent; Friendly,0,0,1,1,0,0,1,0,1,0,0,1,0,0,1,0,0,1,0,0,0,0.516398,0,1,0,0,0,0,1,1,0,1,1,1,0,1,0,1,0,1
Pippa,cat,Siamese Mix,young,Brown,Calm; Playful; Independent; Affectionate,apartment,relaxed,experienced,1,0,4_7,Energetic; Playful; Affectionate,1,0,0,1,0,0,0,1,1,0,0,1,0,0,0,1,0,1,0,0,0,0.57735,1,0,0,1,0,1,0,1,0,0,1,0,0,1,1,1,0,1
Lola,dog,Pit Bull Mix,young,Black,Friendly; Energetic; Playful,house_with_yard,high,first_time,1,1,0_3,Calm,0,1,0,0,0,1,1,0,1,1,1,0,0,0,1,0,0,1,0,0,0,0.0,1,0,1,0,0,0,0,0,0,1,0,1,0,1,0,0,0,1
*Dandelion,cat,Domestic Shorthair Mix,kitten_puppy,Orange,Energetic; Playful; Affectionate,house_with_yard,relaxed,first_time,0,1,8_plus,Energetic,0,1,0,1,0,0,1,0,0,1,0,0,1,0,0,1,1,0,0,0,0,0.57735,1,0,0,1,0,0,0,0,0,0,0,1,0,1,0,1,0,1
Shippo,dog,Dachshund/Chihuahua Shorthair,kitten_puppy,Brown,Friendly; Calm; Energetic; Playful; Affectionate,house_no_yard,moderate,first_time,1,0,0_3,Protective,0,0,1,0,1,0,1,0,1,0,1,0,0,1,1,0,1,0,0,0,0,0.0,0,0,0,0,0,0,0,0,1,1,1,1,0,1,0,1,0,1
Shelter Rescue,dog,Siberian Husky,kitten_puppy,White,Friendly; Energetic; Playful,apartment,relaxed,experienced,1,0,4_7,Energetic; Calm,1,0,0,1,0,0,0,1,1,0,0,1,0,0,1,0,1,0,0,0,0,0.408248,0,0,1,1,0,0,0,0,0,1,0,1,0,1,0,0,0,0
Penelope,cat,Domestic Medium Hair Mix,kitten_puppy,Black,Energetic; Playful; Affectionate,apartment,moderate,experienced,1,1,4_7,Energetic; Shy; Independent,1,0,0,0,1,0,0,1,1,1,0,1,0,1,0,1,1,0,0,0,0,0.333333,0,0,0,1,1,0,1,0,0,0,0,1,0,1,0,1,0,1
Moose,dog,Labrador Retriever Mix,kitten_puppy,White,Friendly; Energetic; Playful; Affectionate,apartment,moderate,experienced,0,0,4_7,Energetic,1,0,0,0,1,0,0,1,0,0,0,1,0,0,1,0,1,0,0,0,0,0.5,1,0,0,1,0,0,0,0,0,1,0,1,0,1,0,1,0,0
Rogue,dog,German Shepherd Mix,senior,Black,Friendly; Calm; Energetic; Independent; Affectionate; Protective,house_no_yard,moderate,first_time,0,1,8_plus,Calm; Shy,0,0,1,0,1,0,1,0,0,1,0,0,1,0,1,0,0,0,0,1,0,0.288675,0,0,1,0,1,0,0,0,0,1,1,1,0,0,1,1,1,1
*Rosemary,dog,Chihuahua Shorthair Mix,kitten_puppy,Brown,Friendly; Calm; Energetic; Playful; Affectionate,house_with_yard,moderate,first_time,0,1,8_plus,Shy; Playful,0,1,0,0,1,0,1,0,0,1,0,0,1,0,1,0,1,0,0,0,0,0.316228,0,0,0,0,1,1,0,0,0,1,1,1,0,1,0,1,0,1
Boo,dog,Labrador Retriever Mix,young,Black,Friendly; Energetic; Playful; Affectionate,house_no_yard,relaxed,first_time,0,0,8_plus,Protective; Energetic,0,0,1,1,0,0,1,0,0,0,0,0,1,0,1,0,0,1,0,0,0,0.353553,0,0,0,1,0,0,0,0,1,1,0,1,0,1,0,1,0,0
*Spice,cat,Domestic Shorthair Mix,kitten_puppy,Tricolor,Energetic; Playful; Affectionate,house_no_yard,moderate,first_time,0,0,0_3,Shy; Affectionate; Energetic,0,0,1,0,1,0,1,0,0,0,1,0,0,0,0,1,1,0,0,0,0,0.666667,0,0,0,1,1,0,0,1,0,0,0,1,0,1,0,1,0,1
Shelter Rescue,dog,Rottweiler Mix,kitten_puppy,Black,Friendly; Energetic; Playful,apartment,relaxed,first_time,1,1,4_7,Shy,1,0,0,1,0,0,1,0,1,1,0,1,0,0,1,0,1,0,0,0,0,0.0,1,0,0,0,1,0,0,0,0,1,0,1,0,1,0,0,0,0
Nicky,cat,Domestic Shorthair Mix,senior,Black,Calm; Independent,house_with_yard,moderate,experienced,1,1,0_3,Protective,0,1,0,0,1,0,0,1,1,1,1,0,0,0,0,1,0,0,0,1,0,0.0,0,0,0,0,0,0,0,0,1,0,1,0,0,0,1,0,0,0
Shelter Rescue,cat,Domestic Shorthair Mix,kitten_puppy,White,Energetic; Playful; Affectionate,house_no_yard,relaxed,experienced,0,0,8_plus,Affectionate; Shy,0,0,1,1,0,0,0,1,0,0,0,0,1,0,0,1,1,0,0,0,0,0.408248,0,0,0,0,1,0,0,1,0,0,0,1,0,1,0,1,0,0
Gypsy,dog,Papillon Mix,kitten_puppy,Black,Friendly; Energetic; Playful,apartment,relaxed,first_time,0,0,0_3,Playful; Affectionate,1,0,0,1,0,0,1,0,0,0,1,0,0,0,1,0,1,0,0,0,0,0.408248,0,0,0,0,0,1,0,1,0,1,0,1,0,1,0,0,0,0
*Finn,dog,Labrador Retriever Mix,kitten_puppy,Black,Friendly; Energetic; Playful; Affectionate,house_with_yard,moderate,experienced,1,0,8_plus,Independent,0,1,0,0,1,0,0,1,1,0,0,0,1,1,1,0,1,0,0,0,0,0.0,0,0,0,0,0,0,1,0,0,1,0,1,0,1,0,1,0,0
Tigger,cat,Domestic Shorthair Mix,young,Tabby,Calm; Independent; Affectionate,house_no_yard,relaxed,first_time,0,1,4_7,Calm; Protective; Playful,0,0,1,1,0,0,1,0,0,1,0,1,0,0,0,1,0,1,0,0,0,0.333333,1,0,1,0,0,1,0,0,1,0,1,0,0,0,1,1,0,1
Boyd,dog,Australian Shepherd Mix,kitten_puppy,White,Friendly; Energetic; Playful; Protective,apartment,high,first_time,0,0,0_3,Protective; Playful; Friendly,1,0,0,0,0,1,1,0,0,0,1,0,0,0,1,0,1,0,0,0,0,0.866025,0,1,0,0,0,1,0,0,1,1,0,1,0,1,0,0,1,1
*Frida,dog,Chihuahua Shorthair Mix,young,Black,Friendly; Calm; Energetic; Playful; Affectionate,house_no_yard,moderate,experienced,1,0,8_plus,Affectionate; Friendly,0,0,1,0,1,0,0,1,1,0,0,0,1,0,1,0,0,1,0,0,0,0.632456,0,1,0,0,0,0,0,1,0,1,1,1,0,1,0,1,0,1
Freya,cat,Domestic Shorthair Mix,kitten_puppy,Tabby,Energetic; Playful; Affectionate,apartment,relaxed,experienced,0,0,0_3,Energetic; Friendly; Independent,1,0,0,1,0,0,0,1,0,0,1,0,0,0,0,1,1,0,0,0,0,0.333333,0,1,0,1,0,0,1,0,0,0,0,1,0,1,0,1,0,1
Cloud,dog,Labrador Retriever,young,White,Friendly; Energetic; Playful; Affectionate,house_with_yard,moderate,first_time,0,1,8_plus,Playful; Affectionate,0,1,0,0,1,0,1,0,0,1,0,0,1,1,1,0,0,1,0,0,0,0.707107,0,0,0,0,0,1,0,1,0,1,0,1,0,1,0,1,0,1
Blue,dog,Pit Bull Mix,young,White,Friendly; Energetic; Playful,house_no_yard,relaxed,first_time,1,0,0_3,Energetic; Protective; Independent,0,0,1,1,0,0,1,0,1,0,1,0,0,1,1,0,0,1,0,0,0,0.333333,0,0,0,1,0,0,1,0,1,1,0,1,0,1,0,0,0,1
Shelter Rescue,cat,Domestic Shorthair Mix,kitten_puppy,Tabby,Energetic; Playful; Affectionate,house_no_yard,moderate,first_time,0,1,0_3,Friendly,0,0,1,0,1,0,1,0,0,1,1,0,0,0,0,1,1,0,0,0,0,0.0,0,1,0,0,0,0,0,0,0,0,0,1,0,1,0,1,0,1
Oakley,cat,Domestic Shorthair Mix,young,Black,Calm; Independent; Affectionate,house_with_yard,high,first_time,1,1,8_plus,Independent; Calm,0,1,0,0,0,1,1,0,1,1,0,0,1,0,0,1,0,1,0,0,0,0.816497,0,0,1,0,0,0,1,0,0,0,1,0,0,0,1,1,0,1
Daisy,dog,Manchester Terrier/Dachshund,kitten_puppy,Tricolor,Friendly; Calm; Energetic; Playful; Affectionate,house_no_yard,relaxed,first_time,0,0,8_plus,Playful; Energetic; Friendly,0,0,1,1,0,0,1,0,0,0,0,0,1,0,1,0,1,0,0,0,0,0.774597,1,1,0,1,0,1,0,0,0,1,1,1,0,1,0,1,0,1
Julie,dog,Harrier Mix,kitten_puppy,Black,Friendly; Energetic; Playful,apartment,relaxed,experienced,1,1,0_3,Shy; Protective,1,0,0,1,0,0,0,1,1,1,1,0,0,0,1,0,1,0,0,0,0,0.0,0,0,0,0,1,0,0,0,1,1,0,1,0,1,0,0,0,0
Shelter Rescue,dog,Dachshund Mix,young,White,Friendly; Calm; Energetic; Playful; Affectionate,house_no_yard,high,experienced,0,1,0_3,Protective; Playful,0,0,1,0,0,1,0,1,0,1,1,0,0,0,1,0,0,1,0,0,0,0.316228,1,0,0,0,0,1,0,0,1,1,1,1,0,1,0,1,0,1
*Sallie,cat,Domestic Longhair Mix,adult,Orange,Calm; Independent; Affectionate,house_no_yard,moderate,first_time,1,0,4_7,Affectionate; Shy; Independent,0,0,1,0,1,0,1,0,1,0,0,1,0,0,0,1,0,0,1,0,0,0.666667,0,0,0,0,1,0,1,1,0,0,1,0,0,0,1,1,0,1
Mags,dog,Chihuahua Shorthair/Pug,young,White,Friendly; Calm; Energetic; Playful; Affectionate,house_with_yard,high,first_time,1,0,8_plus,Calm,0,1,0,0,0,1,1,0,1,0,0,0,1,0,1,0,0,1,0,0,0,0.447214,0,0,1,0,0,0,0,0,0,1,1,1,0,1,0,1,0,1
Gigi,dog,Chihuahua Shorthair Mix,young,Brown,Friendly; Calm; Energetic; Playful; Affectionate,apartment,relaxed,experienced,0,0,4_7,Protective,1,0,0,1,0,0,0,1,0,0,0,1,0,0,1,0,0,1,0,0,0,0.0,0,0,0,0,0,0,0,0,1,1,1,1,0,1,0,1,0,1
*Aries,dog,American Staffordshire Terrier Mix,young,White,Friendly; Energetic; Playful,house_no_yard,relaxed,first_time,1,1,4_7,Calm; Protective,0,0,1,1,0,0,1,0,1,1,0,1,0,0,1,0,0,1,0,0,0,0.0,0,0,1,0,0,0,0,0,1,1,0,1,0,1,0,0,0,1
Lucy,cat,Domestic Medium Hair Mix,young,Tricolor,Calm; Independent; Affectionate,apartment,relaxed,first_time,1,0,4_7,Affectionate; Friendly; Independent,1,0,0,1,0,0,1,0,1,0,0,1,0,1,0,1,0,1,0,0,0,0.666667,0,1,0,0,0,0,1,1,0,0,1,0,0,0,1,1,0,1
George,cat,Domestic Medium Hair Mix,kitten_puppy,Gray,Energetic; Playful; Affectionate,apartment,high,experienced,0,0,4_7,Calm,1,0,0,0,0,1,0,1,0,0,0,1,0,0,0,1,1,0,0,0,0,0.0,0,0,1,0,0,0,0,0,0,0,0,1,0,1,0,1,0,1
Sugarfoot,dog,Dachshund/Chihuahua Shorthair,young,Black,Friendly; Calm; Energetic; Playful; Affectionate,house_with_yard,moderate,first_time,0,1,8_plus,Protective,0,1,0,0,1,0,1,0,0,1,0,0,1,0,1,0,0,1,0,0,0,0.0,1,0,0,0,0,0,0,0,1,1,1,1,0,1,0,1,0,1
Pippa,cat,Siamese Mix,young,Brown,Calm; Playful; Independent; Affectionate,house_with_yard,relaxed,experienced,1,1,8_plus,Playful; Calm; Independent,0,1,0,1,0,0,0,1,1,1,0,0,1,0,0,1,0,1,0,0,0,0.866025,1,0,1,0,0,1,1,0,0,0,1,0,0,1,1,1,0,1
Oreo,dog,Jack Russell Terrier Mix,young,Black,Friendly; Energetic; Playful,house_with_yard,moderate,first_time,1,0,4_7,Friendly,0,1,0,0,1,0,1,0,1,0,0,1,0,0,1,0,0,1,0,0,0,0.57735,0,1,0,0,0,0,0,0,0,1,0,1,0,1,0,0,0,1
Oliver,dog,Parson Russell Terrier Mix,senior,White,Friendly; Calm; Energetic; Independent; Affectionate,house_with_yard,moderate,experienced,0,1,4_7,Shy,0,1,0,0,1,0,0,1,0,1,0,1,0,0,1,0,0,0,0,1,0,0.0,0,0,0,0,1,0,0,0,0,1,1,1,0,0,1,1,0,1
Shelter Rescue,dog,Dachshund Mix,kitten_puppy,Orange,Friendly; Calm; Energetic; Playful; Affectionate,apartment,moderate,experienced,0,1,0_3,Calm; Shy; Affectionate,1,0,0,0,1,0,0,1,0,1,1,0,0,0,1,0,1,0,0,0,0,0.516398,0,0,1,0,1,0,0,1,0,1,1,1,0,1,0,1,0,1
*Parmer,dog,Pointer Mix,young,Black,Friendly; Energetic; Playful,house_with_yard,high,experienced,1,0,0_3,Shy; Affectionate,0,1,0,0,0,1,0,1,1,0,1,0,0,0,1,0,0,1,0,0,0,0.0,0,0,0,0,1,0,0,1,0,1,0,1,0,1,0,0,0,1
*Rickon,dog,Chihuahua Shorthair Mix,kitten_puppy,White,Friendly; Calm; Energetic; Playful; Affectionate,house_with_yard,moderate,experienced,0,1,8_plus,Playful; Calm,0,1,0,0,1,0,0,1,0,1,0,0,1,0,1,0,1,0,0,0,0,0.632456,1,0,1,0,0,1,0,0,0,1,1,1,0,1,0,1,0,1
*Dusty,cat,Domestic Shorthair Mix,kitten_puppy,White,Energetic; Playful; Affectionate,house_with_yard,moderate,experienced,0,1,0_3,Energetic,0,1,0,0,1,0,0,1,0,1,1,0,0,0,0,1,1,0,0,0,0,0.57735,0,0,0,1,0,0,0,0,0,0,0,1,0,1,0,1,0,1
*Daisy,dog,Chihuahua Shorthair Mix,young,Black,Friendly; Calm; Energetic; Playful; Affectionate,house_no_yard,relaxed,first_time,1,1,4_7,Independent,0,0,1,1,0,0,1,0,1,1,0,1,0,0,1,0,0,1,0,0,0,0.0,0,0,0,0,0,0,1,0,0,1,1,1,0,1,0,1,0,1
*Beau,dog,Labrador Retriever Mix,kitten_puppy,Orange,Friendly; Energetic; Playful; Affectionate,house_with_yard,relaxed,experienced,0,0,8_plus,Playful; Friendly; Calm,0,1,0,1,0,0,0,1,0,0,0,0,1,0,1,0,1,0,0,0,0,0.57735,1,1,1,0,0,1,0,0,0,1,0,1,0,1,0,1,0,0
Pearl,dog,Beagle/Pointer,young,Black,Friendly; Energetic; Playful; Affectionate,apartment,relaxed,first_time,0,1,8_plus,Energetic,1,0,0,1,0,0,1,0,0,1,0,0,1,0,1,0,0,1,0,0,0,0.5,0,0,0,1,0,0,0,0,0,1,0,1,0,1,0,1,0,0
Coach,dog,Border Collie Mix,kitten_puppy,Black,Friendly; Energetic; Playful,house_with_yard,relaxed,experienced,0,0,4_7,Energetic; Playful,0,1,0,1,0,0,0,1,0,0,0,1,0,0,1,0,1,0,0,0,0,0.816497,0,0,0,1,0,1,0,0,0,1,0,1,0,1,0,0,0,1
Bambi,dog,Chihuahua Shorthair Mix,young,Black,Friendly; Calm; Energetic; Playful; Affectionate,house_with_yard,moderate,first_time,0,0,8_plus,Calm; Energetic; Protective,0,1,0,0,1,0,1,0,0,0,0,0,1,0,1,0,0,1,0,0,0,0.516398,0,0,1,1,0,0,0,0,1,1,1,1,0,1,0,1,0,1
Mouphtaou,dog,Golden Retriever/Chow Chow,young,Brown,Friendly; Energetic; Playful; Affectionate,house_with_yard,high,experienced,0,1,8_plus,Affectionate,0,1,0,0,0,1,0,1,0,1,0,0,1,0,1,0,0,1,0,0,0,0.5,0,0,0,0,0,0,0,1,0,1,0,1,0,1,0,1,0,1
*Hamilton,dog,Jack Russell Terrier Mix,adult,Black,Friendly; Energetic; Affectionate,house_no_yard,high,experienced,1,0,0_3,Friendly,0,0,1,0,0,1,0,1,1,0,1,0,0,0,1,0,0,0,1,0,0,0.57735,1,1,0,0,0,0,0,0,0,1,0,1,0,0,0,1,0,1
Polo,dog,Bull Terrier Mix,young,White,Friendly; Energetic; Playful,apartment,high,first_time,0,0,8_plus,Protective; Playful; Shy,1,0,0,0,0,1,1,0,0,0,0,0,1,0,1,0,0,1,0,0,0,0.333333,0,0,0,0,1,1,0,0,1,1,0,1,0,1,0,0,0,0
*Seraphim,dog,Bull Terrier,young,White,Friendly; Energetic; Playful,house_with_yard,relaxed,first_time,1,0,4_7,Affectionate; Shy; Protective,0,1,0,1,0,0,1,0,1,0,0,1,0,1,1,0,0,1,0,0,0,0.0,0,0,0,0,1,0,0,1,1,1,0,1,0,1,0,0,0,1
Orion,cat,Domestic Shorthair Mix,kitten_puppy,Gray,Energetic; Playful; Affectionate,house_with_yard,high,experienced,0,1,0_3,Energetic; Calm,0,1,0,0,0,1,0,1,0,1,1,0,0,0,0,1,1,0,0,0,0,0.408248,0,0,1,1,0,0,0,0,0,0,0,1,0,1,0,1,0,1
Loke,cat,Domestic Shorthair Mix,adult,Tabby,Calm; Independent; Affectionate,house_with_yard,moderate,experienced,1,0,8_plus,Shy; Friendly; Affectionate,0,1,0,0,1,0,0,1,1,0,0,0,1,0,0,1,0,0,1,0,0,0.333333,0,1,0,0,1,0,0,1,0,0,1,0,0,0,1,1,0,1
*Trooper,dog,Labrador Retriever Mix,adult,Brown,Friendly; Playful; Affectionate,apartment,high,first_time,0,0,0_3,Calm,1,0,0,0,0,1,1,0,0,0,1,0,0,1,1,0,0,0,1,0,0,0.0,0,0,1,0,0,0,0,0,0,1,0,0,0,1,0,1,0,1
Chloe,cat,Domestic Shorthair Mix,adult,Gray,Calm; Independent; Affectionate,house_with_yard,moderate,first_time,0,0,8_plus,Protective,0,1,0,0,1,0,1,0,0,0,0,0,1,0,0,1,0,0,1,0,0,0.0,0,0,0,0,0,0,0,0,1,0,1,0,0,0,1,1,0,1
Frankie,dog,Chihuahua Shorthair Mix,young,Brown,Friendly; Calm; Energetic; Playful; Affectionate,house_no_yard,moderate,experienced,0,1,8_plus,Calm; Independent; Friendly,0,0,1,0,1,0,0,1,0,1,0,0,1,1,1,0,0,1,0,0,0,0.516398,0,1,1,0,0,0,1,0,0,1,1,1,0,1,0,1,0,1
Spot,dog,Australian Cattle Dog/Jack Russell Terrier,kitten_puppy,Black,Friendly; Energetic; Playful,house_no_yard,relaxed,first_time,1,1,4_7,Shy; Calm,0,0,1,1,0,0,1,0,1,1,0,1,0,0,1,0,1,0,0,0,0,0.0,0,0,1,0,1,0,0,0,0,1,0,1,0,1,0,0,0,1
Shelter Rescue,cat,Siamese Mix,kitten_puppy,Brown,Energetic; Playful; Affectionate,house_with_yard,moderate,experienced,0,0,0_3,Independent,0,1,0,0,1,0,0,1,0,0,1,0,0,0,0,1,1,0,0,0,0,0.0,1,0,0,0,0,0,1,0,0,0,0,1,0,1,0,1,0,1
Shelter Rescue,cat,Domestic Shorthair Mix,kitten_puppy,Black,Energetic; Playful; Affectionate,house_no_yard,high,first_time,0,0,4_7,Calm,0,0,1,0,0,1,1,0,0,0,0,1,0,0,0,1,1,0,0,0,0,0.0,0,0,1,0,0,0,0,0,0,0,0,1,0,1,0,1,0,0
Shelter Rescue,dog,Chinese Sharpei Mix,kitten_puppy,Brown,Friendly; Energetic; Playful,apartment,high,first_time,0,0,8_plus,Shy,1,0,0,0,0,1,1,0,0,0,0,0,1,0,1,0,1,0,0,0,0,0.0,0,0,0,0,1,0,0,0,0,1,0,1,0,1,0,0,0,0
*Giovanni,cat,Domestic Longhair Mix,kitten_puppy,Gray,Energetic; Playful; Affectionate,house_with_yard,moderate,experienced,1,1,8_plus,Energetic; Shy; Independent,0,1,0,0,1,0,0,1,1,1,0,0,1,0,0,1,1,0,0,0,0,0.333333,0,0,0,1,1,0,1,0,0,0,0,1,0,1,0,1,0,1
Penny,dog,Miniature Poodle Mix,adult,Black,Friendly; Playful; Affectionate,house_no_yard,moderate,first_time,0,1,0_3,Independent; Protective; Playful,0,0,1,0,1,0,1,0,0,1,1,0,0,1,1,0,0,0,1,0,0,0.333333,0,0,0,0,0,1,1,0,1,1,0,0,0,1,0,1,0,1
Benny,dog,Labrador Retriever Mix,kitten_puppy,White,Friendly; Energetic; Playful; Affectionate,house_with_yard,moderate,experienced,1,1,0_3,Independent; Playful,0,1,0,0,1,0,0,1,1,1,1,0,0,1,1,0,1,0,0,0,0,0.353553,0,0,0,0,0,1,1,0,0,1,0,1,0,1,0,1,0,1
Trooper,dog,Doberman Pinsch,adult,Black,Friendly; Affectionate,apartment,high,experienced,1,1,8_plus,Independent,1,0,0,0,0,1,0,1,1,1,0,0,1,0,1,0,0,0,1,0,0,0.0,1,0,0,0,0,0,1,0,0,1,0,0,0,0,0,1,0,1
*Ruben,dog,Pit Bull Mix,adult,White,Friendly; Energetic; Affectionate,house_no_yard,moderate,experienced,1,1,8_plus,Independent; Shy; Energetic,0,0,1,0,1,0,0,1,1,1,0,0,1,0,1,0,0,0,1,0,0,0.333333,1,0,0,1,1,0,1,0,0,1,0,1,0,0,0,1,0,1
*Maximus,dog,Labrador Retriever Mix,young,Brown,Friendly; Energetic; Playful; Affectionate,house_no_yard,moderate,experienced,0,1,4_7,Shy,0,0,1,0,1,0,0,1,0,1,0,1,0,0,1,0,0,1,0,0,0,0.0,0,0,0,0,1,0,0,0,0,1,0,1,0,1,0,1,0,0
*Ray,cat,Domestic Shorthair Mix,kitten_puppy,Black,Energetic; Playful; Affectionate,apartment,moderate,experienced,1,1,4_7,Affectionate; Calm,1,0,0,0,1,0,0,1,1,1,0,1,0,0,0,1,1,0,0,0,0,0.408248,1,0,1,0,0,0,0,1,0,0,0,1,0,1,0,1,0,1
*Eleven,cat,Domestic Shorthair Mix,kitten_puppy,White,Energetic; Playful; Affectionate,house_no_yard,relaxed,first_time,0,1,0_3,Protective; Independent; Playful,0,0,1,1,0,0,1,0,0,1,1,0,0,0,0,1,1,0,0,0,0,0.333333,1,0,0,0,0,1,1,0,1,0,0,1,0,1,0,1,0,1
*Darwin,cat,Domestic Shorthair Mix,young,Orange,Calm; Independent; Affectionate,apartment,high,first_time,0,1,4_7,Protective,1,0,0,0,0,1,1,0,0,1,0,1,0,0,0,1,0,1,0,0,0,0.0,0,0,0,0,0,0,0,0,1,0,1,0,0,0,1,1,0,1
Tiger,cat,Domestic Shorthair Mix,adult,Tabby,Calm; Independent; Affectionate,apartment,high,experienced,0,1,0_3,Playful; Energetic,1,0,0,0,0,1,0,1,0,1,1,0,0,0,0,1,0,0,1,0,0,0.0,0,0,0,1,0,1,0,0,0,0,1,0,0,0,1,1,0,1
Jesse,dog,Miniature Poodle Mix,adult,White,Friendly; Playful; Affectionate,house_no_yard,high,first_time,0,1,4_7,Calm,0,0,1,0,0,1,1,0,0,1,0,1,0,1,1,0,0,0,1,0,0,0.0,0,0,1,0,0,0,0,0,0,1,0,0,0,1,0,1,0,1
*Bashful,dog,Labrador Retriever Mix,kitten_puppy,Black,Friendly; Energetic; Playful; Affectionate,house_with_yard,moderate,first_time,0,0,4_7,Independent; Shy; Calm,0,1,0,0,1,0,1,0,0,0,0,1,0,1,1,0,1,0,0,0,0,0.0,1,0,1,0,1,0,1,0,0,1,0,1,0,1,0,1,0,1
Momo,dog,Tibetan Spaniel Mix,young,Tricolor,Friendly; Energetic; Playful; Affectionate,house_with_yard,relaxed,first_time,1,0,8_plus,Playful,0,1,0,1,0,0,1,0,1,0,0,0,1,0,1,0,0,1,0,0,0,0.5,0,0,0,0,0,1,0,0,0,1,0,1,0,1,0,1,0,1
Hickory,dog,Rottweiler Mix,kitten_puppy,Black,Friendly; Energetic; Playful,house_with_yard,high,first_time,0,1,4_7,Friendly,0,1,0,0,0,1,1,0,0,1,0,1,0,0,1,0,1,0,0,0,0,0.57735,1,1,0,0,0,0,0,0,0,1,0,1,0,1,0,0,0,1
Moejoe,cat,Domestic Shorthair Mix,kitten_puppy,Tabby,Energetic; Playful; Affectionate,house_no_yard,high,first_time,0,1,0_3,Protective; Affectionate; Calm,0,0,1,0,0,1,1,0,0,1,1,0,0,0,0,1,1,0,0,0,0,0.333333,0,0,1,0,0,0,0,1,1,0,0,1,0,1,0,1,0,1
Victoria,cat,Siamese Mix,kitten_puppy,Brown,Energetic; Playful; Affectionate,apartment,high,first_time,0,1,4_7,Protective; Independent; Affectionate,1,0,0,0,0,1,1,0,0,1,0,1,0,0,0,1,1,0,0,0,0,0.333333,0,0,0,0,0,0,1,1,1,0,0,1,0,1,0,1,0,1
Duke,dog,Labrador Retriever Mix,young,Brown,Friendly; Energetic; Playful; Affectionate,house_with_yard,relaxed,experienced,1,0,0_3,Playful,0,1,0,1,0,0,0,1,1,0,1,0,0,0,1,0,0,1,0,0,0,0.5,1,0,0,0,0,1,0,0,0,1,0,1,0,1,0,1,0,1
*Freddie,cat,Domestic Shorthair Mix,kitten_puppy,Gray,Energetic; Playful; Affectionate,house_with_yard,moderate,experienced,1,1,8_plus,Energetic,0,1,0,0,1,0,0,1,1,1,0,0,1,0,0,1,1,0,0,0,0,0.57735,0,0,0,1,0,0,0,0,0,0,0,1,0,1,0,1,0,1
Red,dog,Australian Cattle Dog Mix,adult,Orange,Friendly; Affectionate,house_no_yard,moderate,experienced,1,0,0_3,Protective; Calm; Playful,0,0,1,0,1,0,0,1,1,0,1,0,0,0,1,0,0,0,1,0,0,0.0,1,0,1,0,0,1,0,0,1,1,0,0,0,0,0,1,0,1
Sweet Pete,cat,Domestic Longhair Mix,kitten_puppy,Gray,Energetic; Playful; Affectionate,apartment,moderate,experienced,0,1,0_3,Shy; Energetic; Friendly,1,0,0,0,1,0,0,1,0,1,1,0,0,0,0,1,1,0,0,0,0,0.333333,0,1,0,1,1,0,0,0,0,0,0,1,0,1,0,1,0,1
*Buttercup,dog,Pit Bull Mix,kitten_puppy,White,Friendly; Energetic; Playful,house_no_yard,relaxed,experienced,0,0,8_plus,Friendly; Playful; Calm,0,0,1,1,0,0,0,1,0,0,0,0,1,0,1,0,1,0,0,0,0,0.666667,0,1,1,0,0,1,0,0,0,1,0,1,0,1,0,0,0,0
Shelter Rescue,dog,Pit Bull Mix,kitten_puppy,Black,Friendly; Energetic; Playful,house_no_yard,high,first_time,1,1,4_7,Protective; Playful,0,0,1,0,0,1,1,0,1,1,0,1,0,0,1,0,1,0,0,0,0,0.408248,0,0,0,0,0,1,0,0,1,1,0,1,0,1,0,0,0,1
Shelter Rescue,dog,Australian Cattle Dog Mix,kitten_puppy,Black,Friendly; Energetic; Playful,house_with_yard,relaxed,first_time,0,0,8_plus,Energetic; Independent; Playful,0,1,0,1,0,0,1,0,0,0,0,0,1,0,1,0,1,0,0,0,0,0.666667,0,0,0,1,0,1,1,0,0,1,0,1,0,1,0,0,0,1
*Jimmy,dog,Labrador Retriever Mix,young,Orange,Friendly; Energetic; Playful; Affectionate,house_no_yard,high,experienced,1,0,0_3,Playful,0,0,1,0,0,1,0,1,1,0,1,0,0,0,1,0,0,1,0,0,0,0.5,0,0,0,0,0,1,0,0,0,1,0,1,0,1,0,1,0,1
Cody,cat,Domestic Shorthair,young,White,Calm; Independent; Affectionate,house_with_yard,moderate,experienced,0,1,8_plus,Calm; Energetic,0,1,0,0,1,0,0,1,0,1,0,0,1,1,0,1,0,1,0,0,0,0.408248,0,0,1,1,0,0,0,0,0,0,1,0,0,0,1,1,0,1
*Katie,cat,Domestic Shorthair Mix,kitten_puppy,Orange,Energetic; Playful; Affectionate,apartment,high,experienced,1,1,0_3,Playful,1,0,0,0,0,1,0,1,1,1,1,0,0,0,0,1,1,0,0,0,0,0.57735,0,0,0,0,0,1,0,0,0,0,0,1,0,1,0,1,0,1
Stich,dog,Pit Bull/Pharaoh Hound,young,White,Friendly; Energetic; Playful,house_with_yard,high,experienced,0,0,8_plus,Protective; Friendly; Independent,0,1,0,0,0,1,0,1,0,0,0,0,1,0,1,0,0,1,0,0,0,0.333333,0,1,0,0,0,0,1,0,1,1,0,1,0,1,0,0,0,1
*Brianna,cat,Domestic Shorthair Mix,young,White,Calm; Independent; Affectionate,apartment,moderate,first_time,0,0,0_3,Shy; Affectionate; Energetic,1,0,0,0,1,0,1,0,0,0,1,0,0,0,0,1,0,1,0,0,0,0.333333,1,0,0,1,1,0,0,1,0,0,1,0,0,0,1,1,0,1
Holmes,cat,Siamese Mix,kitten_puppy,Brown,Energetic; Playful; Affectionate,house_no_yard,moderate,experienced,1,0,0_3,Energetic; Affectionate; Shy,0,0,1,0,1,0,0,1,1,0,1,0,0,0,0,1,1,0,0,0,0,0.666667,0,0,0,1,1,0,0,1,0,0,0,1,0,1,0,1,0,1
Lilith,dog,Staffordshire Mix,young,White,Friendly; Energetic; Playful,apartment,relaxed,experienced,0,0,0_3,Protective,1,0,0,1,0,0,0,1,0,0,1,0,0,0,1,0,0,1,0,0,0,0.0,0,0,0,0,0,0,0,0,1,1,0,1,0,1,0,0,0,0
Journey,dog,Chihuahua Shorthair Mix,adult,White,Friendly; Calm; Affectionate,apartment,moderate,experienced,0,0,8_plus,Energetic,1,0,0,0,1,0,0,1,0,0,0,0,1,0,1,0,0,0,1,0,0,0.0,0,0,0,1,0,0,0,0,0,1,1,0,0,0,0,1,0,1
Shelter Rescue,cat,Siamese Mix,young,Brown,Calm; Playful; Independent; Affectionate,house_no_yard,moderate,first_time,1,0,4_7,Friendly,0,0,1,0,1,0,1,0,1,0,0,1,0,0,0,1,0,1,0,0,0,0.0,0,1,0,0,0,0,0,0,0,0,1,0,0,1,1,1,0,0
*Quirky,dog,Labrador Retriever/Jack Russell Terrier,adult,Black,Friendly; Energetic; Playful; Affectionate,house_with_yard,high,experienced,0,1,4_7,Shy; Protective,0,1,0,0,0,1,0,1,0,1,0,1,0,0,1,0,0,0,1,0,0,0.0,0,0,0,0,1,0,0,0,1,1,0,1,0,1,0,1,0,1
*Dot,dog,Chihuahua Longhair,kitten_puppy,Tricolor,Friendly; Calm; Energetic; Playful; Affectionate,house_no_yard,high,first_time,0,0,4_7,Shy; Energetic; Affectionate,0,0,1,0,0,1,1,0,0,0,0,1,0,1,1,0,1,0,0,0,0,0.516398,0,0,0,1,1,0,0,1,0,1,1,1,0,1,0,1,0,1
*Allie,cat,Domestic Shorthair Mix,young,White,Calm; Independent; Affectionate,house_with_yard,relaxed,experienced,0,1,8_plus,Friendly; Shy,0,1,0,1,0,0,0,1,0,1,0,0,1,0,0,1,0,1,0,0,0,0.0,0,1,0,0,1,0,0,0,0,0,1,0,0,0,1,1,0,1
*Wellesley,cat,Domestic Shorthair Mix,kitten_puppy,Gray,Energetic; Playful; Affectionate,house_no_yard,high,experienced,0,0,8_plus,Independent; Friendly,0,0,1,0,0,1,0,1,0,0,0,0,1,1,0,1,1,0,0,0,0,0.0,0,1,0,0,0,0,1,0,0,0,0,1,0,1,0,1,0,0
*Joey,dog,Jack Russell Terrier Mix,young,White,Friendly; Energetic; Playful,house_with_yard,relaxed,first_time,0,0,0_3,Energetic; Playful,0,1,0,1,0,0,1,0,0,0,1,0,0,0,1,0,0,1,0,0,0,0.816497,0,0,0,1,0,1,0,0,0,1,0,1,0,1,0,0,0,1
Shelter Rescue,dog,Labrador Retriever Mix,young,Black,Friendly; Energetic; Playful; Affectionate,house_no_yard,relaxed,experienced,0,1,0_3,Shy; Protective; Independent,0,0,1,1,0,0,0,1,0,1,1,0,0,0,1,0,0,1,0,0,0,0.0,0,0,0,0,1,0,1,0,1,1,0,1,0,1,0,1,0,1
Shadow,cat,Domestic Shorthair Mix,senior,Tabby,Calm; Independent,house_with_yard,high,first_time,0,0,0_3,Playful; Energetic; Calm,0,1,0,0,0,1,1,0,0,0,1,0,0,0,0,1,0,0,0,1,0,0.408248,0,0,1,1,0,1,0,0,0,0,1,0,0,0,1,0,0,0
Shelter Rescue,cat,Domestic Shorthair Mix,kitten_puppy,Tricolor,Energetic; Playful; Affectionate,house_with_yard,relaxed,experienced,0,1,8_plus,Shy; Friendly; Playful,0,1,0,1,0,0,0,1,0,1,0,0,1,0,0,1,1,0,0,0,0,0.333333,0,1,0,0,1,1,0,0,0,0,0,1,0,1,0,1,0,0
*Bonnie,dog,Plott Hound Mix,adult,Brown,Friendly; Energetic; Affectionate,apartment,moderate,first_time,0,1,4_7,Shy,1,0,0,0,1,0,1,0,0,1,0,1,0,0,1,0,0,0,1,0,0,0.0,0,0,0,0,1,0,0,0,0,1,0,1,0,0,0,1,0,0
Chicken Lil,cat,Domestic Shorthair Mix,kitten_puppy,White,Energetic; Playful; Affectionate,apartment,high,first_time,0,1,4_7,Affectionate; Shy,1,0,0,0,0,1,1,0,0,1,0,1,0,0,0,1,1,0,0,0,0,0.408248,0,0,0,0,1,0,0,1,0,0,0,1,0,1,0,1,0,1
Spot,dog,Australian Cattle Dog/Labrador Retriever,young,Black,Friendly; Energetic; Playful; Affectionate,house_no_yard,high,first_time,0,1,4_7,Playful,0,0,1,0,0,1,1,0,0,1,0,1,0,0,1,0,0,1,0,0,0,0.5,1,0,0,0,0,1,0,0,0,1,0,1,0,1,0,1,0,1
*Fantine,dog,Carolina Dog Mix,kitten_puppy,Orange,Friendly; Energetic; Playful,house_no_yard,high,experienced,0,0,4_7,Friendly; Affectionate; Independent,0,0,1,0,0,1,0,1,0,0,0,1,0,0,1,0,1,0,0,0,0,0.333333,0,1,0,0,0,0,1,1,0,1,0,1,0,1,0,0,0,1
Fiona,dog,Pembroke Welsh Corgi Mix,adult,Brown,Friendly; Affectionate,apartment,high,experienced,0,0,8_plus,Calm; Energetic,1,0,0,0,0,1,0,1,0,0,0,0,1,1,1,0,0,0,1,0,0,0.0,0,0,1,1,0,0,0,0,0,1,0,0,0,0,0,1,0,0
*Sully,dog,Pit Bull Mix,young,Brown,Friendly; Energetic; Playful,apartment,high,first_time,1,1,0_3,Energetic; Protective,1,0,0,0,0,1,1,0,1,1,1,0,0,1,1,0,0,1,0,0,0,0.408248,1,0,0,1,0,0,0,0,1,1,0,1,0,1,0,0,0,1
Shelter Rescue,dog,Pointer/Labrador Retriever,young,White,Friendly; Energetic; Playful; Affectionate,house_with_yard,relaxed,experienced,0,1,8_plus,Calm; Playful,0,1,0,1,0,0,0,1,0,1,0,0,1,0,1,0,0,1,0,0,0,0.353553,0,0,1,0,0,1,0,0,0,1,0,1,0,1,0,1,0,1
Pamplemousse,cat,Snowshoe Mix,kitten_puppy,White,Energetic; Playful; Affectionate,house_no_yard,relaxed,first_time,1,1,8_plus,Affectionate,0,0,1,1,0,0,1,0,1,1,0,0,1,1,0,1,1,0,0,0,0,0.57735,0,0,0,0,0,0,0,1,0,0,0,1,0,1,0,1,0,0
Shelter Rescue,dog,Miniature Poodle Mix,young,White,Friendly; Energetic; Playful; Affectionate,house_with_yard,relaxed,first_time,0,0,8_plus,Affectionate; Shy; Independent,0,1,0,1,0,0,1,0,0,0,0,0,1,0,1,0,0,1,0,0,0,0.288675,1,0,0,0,1,0,1,1,0,1,0,1,0,1,0,1,0,1
*Owen,dog,Pit Bull Mix,adult,White,Friendly; Energetic; Affectionate,house_with_yard,moderate,experienced,0,1,8_plus,Shy; Playful,0,1,0,0,1,0,0,1,0,1,0,0,1,0,1,0,0,0,1,0,0,0.0,0,0,0,0,1,1,0,0,0,1,0,1,0,0,0,1,0,1
*Oreo,cat,Domestic Shorthair Mix,kitten_puppy,Black,Energetic; Playful; Affectionate,house_with_yard,high,experienced,0,1,4_7,Independent,0,1,0,0,0,1,0,1,0,1,0,1,0,0,0,1,1,0,0,0,0,0.0,1,0,0,0,0,0,1,0,0,0,0,1,0,1,0,1,0,1
*Franklin,cat,Domestic Shorthair Mix,kitten_puppy,Orange,Energetic; Playful; Affectionate,house_with_yard,relaxed,experienced,1,1,4_7,Shy; Protective,0,1,0,1,0,0,0,1,1,1,0,1,0,0,0,1,1,0,0,0,0,0.0,0,0,0,0,1,0,0,0,1,0,0,1,0,1,0,1,0,1
Sydney,cat,Domestic Shorthair Mix,senior,Black,Calm; Independent,house_no_yard,moderate,first_time,0,1,0_3,Calm; Energetic,0,0,1,0,1,0,1,0,0,1,1,0,0,0,0,1,0,0,0,1,0,0.5,0,0,1,1,0,0,0,0,0,0,1,0,0,0,1,0,0,1
Django,cat,Domestic Medium Hair Mix,kitten_puppy,Orange,Energetic; Playful; Affectionate,house_with_yard,moderate,experienced,0,1,8_plus,Shy; Energetic,0,1,0,0,1,0,0,1,0,1,0,0,1,1,0,1,1,0,0,0,0,0.408248,1,0,0,1,1,0,0,0,0,0,0,1,0,1,0,1,0,1
Rey,dog,Chihuahua Shorthair Mix,kitten_puppy,White,Friendly; Calm; Energetic; Playful; Affectionate,house_with_yard,high,experienced,1,0,0_3,Shy; Playful,0,1,0,0,0,1,0,1,1,0,1,0,0,0,1,0,1,0,0,0,0,0.316228,1,0,0,0,1,1,0,0,0,1,1,1,0,1,0,1,0,1
*Pachangas,dog,Miniature Poodle Mix,kitten_puppy,White,Friendly; Energetic; Playful; Affectionate,apartment,moderate,first_time,0,1,4_7,Friendly; Affectionate,1,0,0,0,1,0,1,0,0,1,0,1,0,0,1,0,1,0,0,0,0,0.707107,0,1,0,0,0,0,0,1,0,1,0,1,0,1,0,1,0,1
*Weaver,dog,Doberman Pinsch Mix,adult,Black,Friendly; Affectionate,house_with_yard,high,first_time,1,0,8_plus,Playful; Shy,0,1,0,0,0,1,1,0,1,0,0,0,1,0,1,0,0,0,1,0,0,0.0,0,0,0,0,1,1,0,0,0,1,0,0,0,0,0,1,0,0
Shelter Rescue,dog,Dachshund Mix,kitten_puppy,Black,Friendly; Calm; Energetic; Playful; Affectionate,house_with_yard,relaxed,experienced,1,0,8_plus,Protective; Affectionate,0,1,0,1,0,0,0,1,1,0,0,0,1,0,1,0,1,0,0,0,0,0.316228,0,0,0,0,0,0,0,1,1,1,1,1,0,1,0,1,0,1
Buddy,dog,Labrador Retriever/Boxer,kitten_puppy,Black,Friendly; Energetic; Playful; Affectionate,house_no_yard,high,first_time,1,0,8_plus,Energetic; Independent,0,0,1,0,0,1,1,0,1,0,0,0,1,0,1,0,1,0,0,0,0,0.353553,0,0,0,1,0,0,1,0,0,1,0,1,0,1,0,1,0,1
Shelter Rescue,cat,Domestic Medium Hair Mix,kitten_puppy,Tricolor,Energetic; Playful; Affectionate,house_no_yard,high,first_time,0,1,8_plus,Calm; Energetic; Friendly,0,0,1,0,0,1,1,0,0,1,0,0,1,0,0,1,1,0,0,0,0,0.333333,1,1,1,1,0,0,0,0,0,0,0,1,0,1,0,1,0,1
Shelter Rescue,dog,Belgian Malinois Mix,young,Black,Friendly; Energetic; Playful,house_no_yard,relaxed,experienced,1,1,4_7,Friendly,0,0,1,1,0,0,0,1,1,1,0,1,0,1,1,0,0,1,0,0,0,0.57735,0,1,0,0,0,0,0,0,0,1,0,1,0,1,0,0,0,1
*Leona,dog,Pit Bull,kitten_puppy,White,Friendly; Energetic; Playful,house_with_yard,relaxed,experienced,1,0,0_3,Shy; Playful,0,1,0,1,0,0,0,1,1,0,1,0,0,1,1,0,1,0,0,0,0,0.408248,1,0,0,0,1,1,0,0,0,1,0,1,0,1,0,0,0,1
Bobby,dog,Jack Russell Terrier Mix,kitten_puppy,White,Friendly; Energetic; Playful,house_with_yard,high,first_time,0,0,4_7,Affectionate,0,1,0,0,0,1,1,0,0,0,0,1,0,0,1,0,1,0,0,0,0,0.0,0,0,0,0,0,0,0,1,0,1,0,1,0,1,0,0,0,1
Lilly,cat,Domestic Shorthair Mix,kitten_puppy,Tricolor,Energetic; Playful; Affectionate,house_with_yard,high,first_time,0,1,8_plus,Independent; Playful,0,1,0,0,0,1,1,0,0,1,0,0,1,0,0,1,1,0,0,0,0,0.408248,0,0,0,0,0,1,1,0,0,0,0,1,0,1,0,1,0,1
Sally,dog,Labrador Retriever Mix,young,Black,Friendly; Energetic; Playful; Affectionate,house_no_yard,moderate,first_time,0,1,0_3,Calm; Playful; Affectionate,0,0,1,0,1,0,1,0,0,1,1,0,0,0,1,0,0,1,0,0,0,0.57735,1,0,1,0,0,1,0,1,0,1,0,1,0,1,0,1,0,1
Chula,dog,Miniature Poodle/Lhasa Apso,young,White,Friendly; Energetic; Playful; Affectionate,house_with_yard,moderate,first_time,0,0,4_7,Independent,0,1,0,0,1,0,1,0,0,0,0,1,0,0,1,0,0,1,0,0,0,0.0,0,0,0,0,0,0,1,0,0,1,0,1,0,1,0,1,0,1
Shelter Rescue,cat,Domestic Shorthair Mix,kitten_puppy,Tricolor,Energetic; Playful; Affectionate,apartment,high,experienced,0,0,0_3,Independent,1,0,0,0,0,1,0,1,0,0,1,0,0,1,0,1,1,0,0,0,0,0.0,0,0,0,0,0,0,1,0,0,0,0,1,0,1,0,1,0,1
*Fitzwilly,cat,Domestic Longhair Mix,kitten_puppy,Black,Energetic; Playful; Affectionate,house_no_yard,high,experienced,0,1,4_7,Friendly,0,0,1,0,0,1,0,1,0,1,0,1,0,0,0,1,1,0,0,0,0,0.0,1,1,0,0,0,0,0,0,0,0,0,1,0,1,0,1,0,1
Daisy,dog,Pit Bull Mix,young,Black,Friendly; Energetic; Playful,house_with_yard,moderate,first_time,1,0,8_plus,Shy,0,1,0,0,1,0,1,0,1,0,0,0,1,1,1,0,0,1,0,0,0,0.0,0,0,0,0,1,0,0,0,0,1,0,1,0,1,0,0,0,1
*Bilbo,cat,Domestic Medium Hair Mix,kitten_puppy,White,Energetic; Playful; Affectionate,house_with_yard,relaxed,experienced,0,0,4_7,Calm,0,1,0,1,0,0,0,1,0,0,0,1,0,0,0,1,1,0,0,0,0,0.0,0,0,1,0,0,0,0,0,0,0,0,1,0,1,0,1,0,0
Shelter Rescue,dog,Australian Cattle Dog/Boxer,kitten_puppy,White,Friendly; Energetic; Playful,house_no_yard,high,experienced,0,0,4_7,Affectionate,0,0,1,0,0,1,0,1,0,0,0,1,0,0,1,0,1,0,0,0,0,0.0,0,0,0,0,0,0,0,1,0,1,0,1,0,1,0,0,0,0
Cosmo,cat,Domestic Shorthair Mix,kitten_puppy,White,Energetic; Playful; Affectionate,apartment,high,experienced,1,0,8_plus,Affectionate; Playful; Independent,1,0,0,0,0,1,0,1,1,0,0,0,1,0,0,1,1,0,0,0,0,0.666667,0,0,0,0,0,1,1,1,0,0,0,1,0,1,0,1,0,1
Lucy,dog,Pit Bull Mix,young,White,Friendly; Energetic; Playful,house_no_yard,relaxed,first_time,0,0,0_3,Playful; Protective; Friendly,0,0,1,1,0,0,1,0,0,0,1,0,0,0,1,0,0,1,0,0,0,0.666667,1,1,0,0,0,1,0,0,1,1,0,1,0,1,0,0,0,1
Sissy,dog,Chihuahua Shorthair Mix,young,Brown,Friendly; Calm; Energetic; Playful; Affectionate,house_no_yard,high,experienced,0,0,0_3,Independent,0,0,1,0,0,1,0,1,0,0,1,0,0,0,1,0,0,1,0,0,0,0.0,0,0,0,0,0,0,1,0,0,1,1,1,0,1,0,1,0,1
*Star,cat,Domestic Shorthair Mix,kitten_puppy,Black,Energetic; Playful; Affectionate,apartment,moderate,first_time,1,0,0_3,Independent; Friendly,1,0,0,0,1,0,1,0,1,0,1,0,0,1,0,1,1,0,0,0,0,0.0,0,1,0,0,0,0,1,0,0,0,0,1,0,1,0,1,0,1
Sawyer,dog,Labrador Retriever Mix,kitten_puppy,White,Friendly; Energetic; Playful; Affectionate,house_with_yard,moderate,experienced,0,1,0_3,Shy; Playful,0,1,0,0,1,0,0,1,0,1,1,0,0,0,1,0,1,0,0,0,0,0.353553,1,0,0,0,1,1,0,0,0,1,0,1,0,1,0,1,0,1
Crag,dog,Labrador Retriever/Standard Schnauzer,adult,Black,Friendly; Playful; Affectionate,house_no_yard,high,experienced,0,0,4_7,Protective,0,0,1,0,0,1,0,1,0,0,0,1,0,0,1,0,0,0,1,0,0,0.0,0,0,0,0,0,0,0,0,1,1,0,0,0,1,0,1,0,0
Shelter Rescue,dog,Yorkshire Terrier Mix,young,Brown,Friendly; Energetic; Playful,apartment,high,first_time,0,0,0_3,Playful; Friendly,1,0,0,0,0,1,1,0,0,0,1,0,0,0,1,0,0,1,0,0,0,0.816497,0,1,0,0,0,1,0,0,0,1,0,1,0,1,0,0,0,1
Rothko,dog,Basenji Mix,kitten_puppy,Orange,Friendly; Energetic; Playful,apartment,moderate,first_time,0,0,8_plus,Affectionate; Protective,1,0,0,0,1,0,1,0,0,0,0,0,1,0,1,0,1,0,0,0,0,0.0,1,0,0,0,0,0,0,1,1,1,0,1,0,1,0,0,0,0
Shelter Rescue,dog,American Bulldog Mix,kitten_puppy,White,Friendly; Energetic; Playful,apartment,moderate,first_time,0,1,4_7,Energetic,1,0,0,0,1,0,1,0,0,1,0,1,0,0,1,0,1,0,0,0,0,0.57735,0,0,0,1,0,0,0,0,0,1,0,1,0,1,0,0,0,1
Sadie,dog,German Shepherd/Labrador Retriever,kitten_puppy,White,Friendly; Energetic; Playful; Affectionate; Protective,house_no_yard,moderate,first_time,0,0,8_plus,Playful; Energetic,0,0,1,0,1,0,1,0,0,0,0,0,1,1,1,0,1,0,0,0,0,0.632456,1,0,0,1,0,1,0,0,0,1,0,1,0,1,0,1,1,0
Lexi,dog,Boxer Mix,young,White,Friendly; Energetic; Playful,house_with_yard,relaxed,experienced,0,0,8_plus,Affectionate; Protective,0,1,0,1,0,0,0,1,0,0,0,0,1,1,1,0,0,1,0,0,0,0.0,0,0,0,0,0,0,0,1,1,1,0,1,0,1,0,0,0,0
*Paulie,dog,Dachshund/Chihuahua Shorthair,young,Brown,Friendly; Calm; Energetic; Playful; Affectionate,house_with_yard,moderate,first_time,0,0,0_3,Affectionate; Independent; Friendly,0,1,0,0,1,0,1,0,0,0,1,0,0,0,1,0,0,1,0,0,0,0.516398,1,1,0,0,0,0,1,1,0,1,1,1,0,1,0,1,0,1
Shelter Rescue,dog,Australian Shepherd Mix,kitten_puppy,White,Friendly; Energetic; Playful; Protective,apartment,relaxed,first_time,1,0,8_plus,Shy; Friendly,1,0,0,1,0,0,1,0,1,0,0,0,1,0,1,0,1,0,0,0,0,0.353553,0,1,0,0,1,0,0,0,0,1,0,1,0,1,0,0,1,0
Fonzi,cat,Domestic Shorthair Mix,kitten_puppy,Orange,Energetic; Playful; Affectionate,apartment,relaxed,experienced,0,1,4_7,Shy,1,0,0,1,0,0,0,1,0,1,0,1,0,0,0,1,1,0,0,0,0,0.0,0,0,0,0,1,0,0,0,0,0,0,1,0,1,0,1,0,1
Carl,dog,Labrador Retriever Mix,kitten_puppy,White,Friendly; Energetic; Playful; Affectionate,house_no_yard,high,first_time,0,0,0_3,Shy; Energetic,0,0,1,0,0,1,1,0,0,0,1,0,0,0,1,0,1,0,0,0,0,0.353553,0,0,0,1,1,0,0,0,0,1,0,1,0,1,0,1,0,1
Serabi,cat,Domestic Shorthair Mix,young,Tricolor,Calm; Independent; Affectionate,apartment,relaxed,experienced,0,1,8_plus,Shy; Playful; Friendly,1,0,0,1,0,0,0,1,0,1,0,0,1,1,0,1,0,1,0,0,0,0.0,1,1,0,0,1,1,0,0,0,0,1,0,0,0,1,1,0,1
Baby,dog,Chihuahua Shorthair Mix,adult,White,Friendly; Calm; Affectionate,house_with_yard,high,first_time,0,1,4_7,Independent,0,1,0,0,0,1,1,0,0,1,0,1,0,0,1,0,0,0,1,0,0,0.0,0,0,0,0,0,0,1,0,0,1,1,0,0,0,0,1,0,0
*Frosty,dog,Great Pyrenees Mix,kitten_puppy,White,Friendly; Energetic; Playful,house_with_yard,high,experienced,0,1,8_plus,Playful; Calm; Shy,0,1,0,0,0,1,0,1,0,1,0,0,1,0,1,0,1,0,0,0,0,0.333333,0,0,1,0,1,1,0,0,0,1,0,1,0,1,0,0,0,1
Shelter Rescue,dog,Black Mouth Cur/Siberian Husky,adult,Brown,Friendly; Energetic; Affectionate,house_with_yard,relaxed,experienced,0,1,8_plus,Affectionate,0,1,0,1,0,0,0,1,0,1,0,0,1,0,1,0,0,0,1,0,0,0.57735,0,0,0,0,0,0,0,1,0,1,0,1,0,0,0,1,0,1
*Magpie,dog,Boxer Mix,young,Black,Friendly; Energetic; Playful,apartment,moderate,experienced,1,1,0_3,Friendly,1,0,0,0,1,0,0,1,1,1,1,0,0,0,1,0,0,1,0,0,0,0.57735,0,1,0,0,0,0,0,0,0,1,0,1,0,1,0,0,0,1
Shelter Rescue,dog,Australian Cattle Dog Mix,young,Orange,Friendly; Energetic; Playful,house_no_yard,relaxed,experienced,0,1,0_3,Affectionate; Playful; Friendly,0,0,1,1,0,0,0,1,0,1,1,0,0,0,1,0,0,1,0,0,0,0.666667,0,1,0,0,0,1,0,1,0,1,0,1,0,1,0,0,0,1
Shelter Rescue,dog,Australian Cattle Dog Mix,kitten_puppy,Gray,Friendly; Energetic; Playful,house_with_yard,high,experienced,0,0,4_7,Shy; Playful; Independent,0,1,0,0,0,1,0,1,0,0,0,1,0,0,1,0,1,0,0,0,0,0.333333,0,0,0,0,1,1,1,0,0,1,0,1,0,1,0,0,0,1
*Della,dog,German Shepherd Mix,young,Brown,Friendly; Energetic; Playful; Protective,apartment,moderate,experienced,1,1,0_3,Independent; Protective,1,0,0,0,1,0,0,1,1,1,1,0,0,0,1,0,0,1,0,0,0,0.353553,0,0,0,0,0,0,1,0,1,1,0,1,0,1,0,0,1,0
Shelter Rescue,dog,Catahoula Mix,kitten_puppy,White,Friendly; Energetic; Playful,house_with_yard,moderate,first_time,1,0,0_3,Protective; Playful,0,1,0,0,1,0,1,0,1,0,1,0,0,0,1,0,1,0,0,0,0,0.408248,0,0,0,0,0,1,0,0,1,1,0,1,0,1,0,0,0,1
*Marble,cat,Domestic Medium Hair Mix,kitten_puppy,Black,Energetic; Playful; Affectionate,house_no_yard,relaxed,experienced,0,0,4_7,Energetic,0,0,1,1,0,0,0,1,0,0,0,1,0,0,0,1,1,0,0,0,0,0.57735,1,0,0,1,0,0,0,0,0,0,0,1,0,1,0,1,0,1
Shelter Rescue,cat,Domestic Shorthair Mix,adult,Gray,Calm; Independent; Affectionate,apartment,high,experienced,1,1,4_7,Independent,1,0,0,0,0,1,0,1,1,1,0,1,0,1,0,1,0,0,1,0,0,0.57735,0,0,0,0,0,0,1,0,0,0,1,0,0,0,1,1,0,1
*Cornelius,dog,Pit Bull Mix,young,White,Friendly; Energetic; Playful,house_no_yard,moderate,experienced,1,1,4_7,Energetic,0,0,1,0,1,0,0,1,1,1,0,1,0,0,1,0,0,1,0,0,0,0.57735,0,0,0,1,0,0,0,0,0,1,0,1,0,1,0,0,0,1
*Rocket,cat,Domestic Shorthair Mix,young,Orange,Calm; Independent; Affectionate,apartment,relaxed,experienced,1,1,8_plus,Playful; Affectionate,1,0,0,1,0,0,0,1,1,1,0,0,1,0,0,1,0,1,0,0,0,0.408248,1,0,0,0,0,1,0,1,0,0,1,0,0,0,1,1,0,1
Shelter Rescue,cat,Domestic Shorthair Mix,kitten_puppy,Gray,Energetic; Playful; Affectionate,house_no_yard,relaxed,experienced,0,1,0_3,Affectionate,0,0,1,1,0,0,0,1,0,1,1,0,0,1,0,1,1,0,0,0,0,0.57735,0,0,0,0,0,0,0,1,0,0,0,1,0,1,0,1,0,1
Major,dog,American Staffordshire Terrier,adult,White,Friendly; Energetic; Affectionate,house_with_yard,high,experienced,0,1,4_7,Affectionate; Energetic,0,1,0,0,0,1,0,1,0,1,0,1,0,0,1,0,0,0,1,0,0,0.816497,1,0,0,1,0,0,0,1,0,1,0,1,0,0,0,1,0,1
Shelter Rescue,cat,Domestic Shorthair Mix,kitten_puppy,Tricolor,Energetic; Playful; Affectionate,house_with_yard,relaxed,experienced,0,0,4_7,Calm,0,1,0,1,0,0,0,1,0,0,0,1,0,0,0,1,1,0,0,0,0,0.0,0,0,1,0,0,0,0,0,0,0,0,1,0,1,0,1,0,0
*Tommy,cat,Domestic Shorthair Mix,kitten_puppy,Orange,Energetic; Playful; Affectionate,house_with_yard,moderate,first_time,0,0,8_plus,Affectionate,0,1,0,0,1,0,1,0,0,0,0,0,1,0,0,1,1,0,0,0,0,0.57735,0,0,0,0,0,0,0,1,0,0,0,1,0,1,0,1,0,0
Shelter Rescue,cat,Domestic Shorthair Mix,kitten_puppy,White,Energetic; Playful; Affectionate,apartment,high,experienced,0,1,4_7,Friendly,1,0,0,0,0,1,0,1,0,1,0,1,0,0,0,1,1,0,0,0,0,0.0,0,1,0,0,0,0,0,0,0,0,0,1,0,1,0,1,0,1
*Gem,cat,Domestic Shorthair Mix,kitten_puppy,Brown,Energetic; Playful; Affectionate,house_with_yard,relaxed,experienced,1,1,0_3,Protective,0,1,0,1,0,0,0,1,1,1,1,0,0,0,0,1,1,0,0,0,0,0.0,1,0,0,0,0,0,0,0,1,0,0,1,0,1,0,1,0,1
*Leonito,cat,Domestic Shorthair Mix,kitten_puppy,Orange,Energetic; Playful; Affectionate,house_with_yard,high,first_time,0,1,4_7,Protective,0,1,0,0,0,1,1,0,0,1,0,1,0,0,0,1,1,0,0,0,0,0.0,1,0,0,0,0,0,0,0,1,0,0,1,0,1,0,1,0,1
Brownie,dog,Blue Lacy/Pointer,kitten_puppy,White,Friendly; Energetic; Playful,house_no_yard,moderate,first_time,1,1,4_7,Protective; Affectionate; Calm,0,0,1,0,1,0,1,0,1,1,0,1,0,0,1,0,1,0,0,0,0,0.0,0,0,1,0,0,0,0,1,1,1,0,1,0,1,0,0,0,1
Obama,dog,German Shepherd,adult,Black,Friendly; Energetic; Affectionate; Protective,house_with_yard,relaxed,experienced,1,0,8_plus,Friendly,0,1,0,1,0,0,0,1,1,0,0,0,1,0,1,0,0,0,1,0,0,0.5,0,1,0,0,0,0,0,0,0,1,0,1,0,0,0,1,1,1
Shelter Rescue,cat,Domestic Shorthair Mix,kitten_puppy,White,Energetic; Playful; Affectionate,house_no_yard,moderate,experienced,0,0,8_plus,Protective,0,0,1,0,1,0,0,1,0,0,0,0,1,0,0,1,1,0,0,0,0,0.0,0,0,0,0,0,0,0,0,1,0,0,1,0,1,0,1,0,0
Shelter Rescue,cat,Domestic Shorthair Mix,kitten_puppy,Orange,Energetic; Playful; Affectionate,house_no_yard,moderate,experienced,0,0,4_7,Protective,0,0,1,0,1,0,0,1,0,0,0,1,0,0,0,1,1,0,0,0,0,0.0,0,0,0,0,0,0,0,0,1,0,0,1,0,1,0,1,0,0
Obi,dog,Belgian Malinois Mix,kitten_puppy,Black,Friendly; Energetic; Playful,apartment,moderate,experienced,0,1,8_plus,Energetic,1,0,0,0,1,0,0,1,0,1,0,0,1,0,1,0,1,0,0,0,0,0.57735,0,0,0,1,0,0,0,0,0,1,0,1,0,1,0,0,0,0
*Lily,cat,Domestic Shorthair Mix,kitten_puppy,Black,Energetic; Playful; Affectionate,house_no_yard,high,experienced,0,0,8_plus,Energetic; Shy,0,0,1,0,0,1,0,1,0,0,0,0,1,0,0,1,1,0,0,0,0,0.408248,1,0,0,1,1,0,0,0,0,0,0,1,0,1,0,1,0,0
*Sheena,cat,Domestic Shorthair Mix,kitten_puppy,White,Energetic; Playful; Affectionate,house_with_yard,high,first_time,0,1,4_7,Calm,0,1,0,0,0,1,1,0,0,1,0,1,0,1,0,1,1,0,0,0,0,0.0,0,0,1,0,0,0,0,0,0,0,0,1,0,1,0,1,0,1
*Bach,cat,Domestic Shorthair Mix,kitten_puppy,Orange,Energetic; Playful; Affectionate,apartment,moderate,first_time,1,1,8_plus,Energetic; Shy,1,0,0,0,1,0,1,0,1,1,0,0,1,0,0,1,1,0,0,0,0,0.408248,1,0,0,1,1,0,0,0,0,0,0,1,0,1,0,1,0,1
Bandit,dog,Border Collie/Pointer,kitten_puppy,Tricolor,Friendly; Energetic; Playful,house_no_yard,high,first_time,0,1,8_plus,Friendly; Playful; Affectionate,0,0,1,0,0,1,1,0,0,1,0,0,1,0,1,0,1,0,0,0,0,0.666667,1,1,0,0,0,1,0,1,0,1,0,1,0,1,0,0,0,1
Jax,dog,Australian Shepherd Mix,young,Black,Friendly; Energetic; Playful; Protective,house_no_yard,high,first_time,0,1,4_7,Energetic; Friendly; Affectionate,0,0,1,0,0,1,1,0,0,1,0,1,0,0,1,0,0,1,0,0,0,0.57735,1,1,0,1,0,0,0,1,0,1,0,1,0,1,0,0,1,1
Isabella Eve,dog,Pit Bull Mix,young,White,Friendly; Energetic; Playful,house_no_yard,relaxed,experienced,0,0,0_3,Energetic,0,0,1,1,0,0,0,1,0,0,1,0,0,0,1,0,0,1,0,0,0,0.57735,0,0,0,1,0,0,0,0,0,1,0,1,0,1,0,0,0,0
Nova,dog,American Bulldog Mix,young,White,Friendly; Energetic; Playful,apartment,relaxed,experienced,1,0,4_7,Calm; Independent; Affectionate,1,0,0,1,0,0,0,1,1,0,0,1,0,0,1,0,0,1,0,0,0,0.0,0,0,1,0,0,0,1,1,0,1,0,1,0,1,0,0,0,0
*Angei,cat,Domestic Shorthair Mix,kitten_puppy,Tricolor,Energetic; Playful; Affectionate,house_no_yard,high,experienced,0,0,4_7,Independent; Playful; Protective,0,0,1,0,0,1,0,1,0,0,0,1,0,0,0,1,1,0,0,0,0,0.333333,0,0,0,0,0,1,1,0,1,0,0,1,0,1,0,1,0,1
Miles,dog,Akita Mix,adult,Black,Friendly; Affectionate,house_no_yard,high,first_time,1,1,4_7,Playful,0,0,1,0,0,1,1,0,1,1,0,1,0,0,1,0,0,0,1,0,0,0.0,1,0,0,0,0,1,0,0,0,1,0,0,0,0,0,1,0,1
Squeaker,cat,Domestic Shorthair Mix,kitten_puppy,Orange,Energetic; Playful; Affectionate,house_no_yard,relaxed,experienced,0,1,8_plus,Affectionate; Friendly,0,0,1,1,0,0,0,1,0,1,0,0,1,1,0,1,1,0,0,0,0,0.408248,0,1,0,0,0,0,0,1,0,0,0,1,0,1,0,1,0,0
*Lady,dog,Miniature Poodle Mix,adult,Black,Friendly; Playful; Affectionate,apartment,relaxed,first_time,0,1,8_plus,Friendly; Calm; Playful,1,0,0,1,0,0,1,0,0,1,0,0,1,0,1,0,0,0,1,0,0,0.666667,0,1,1,0,0,1,0,0,0,1,0,0,0,1,0,1,0,1
Cusca,dog,Chihuahua Shorthair,adult,Tricolor,Friendly; Calm; Affectionate,house_with_yard,moderate,first_time,0,0,8_plus,Independent; Affectionate; Protective,0,1,0,0,1,0,1,0,0,0,0,0,1,1,1,0,0,0,1,0,0,0.333333,0,0,0,0,0,0,1,1,1,1,1,0,0,0,0,1,0,1
Luc,dog,Harrier Mix,young,Brown,Friendly; Energetic; Playful,house_with_yard,high,first_time,1,1,8_plus,Protective; Independent; Calm,0,1,0,0,0,1,1,0,1,1,0,0,1,1,1,0,0,1,0,0,0,0.0,0,0,1,0,0,0,1,0,1,1,0,1,0,1,0,0,0,1
Bosco,dog,American Bulldog Mix,young,Black,Friendly; Energetic; Playful,apartment,relaxed,first_time,1,1,4_7,Protective,1,0,0,1,0,0,1,0,1,1,0,1,0,0,1,0,0,1,0,0,0,0.0,0,0,0,0,0,0,0,0,1,1,0,1,0,1,0,0,0,0
Shelter Rescue,dog,Cairn Terrier/Dachshund,young,Brown,Friendly; Calm; Energetic; Playful; Affectionate,apartment,moderate,first_time,1,1,8_plus,Affectionate; Shy; Friendly,1,0,0,0,1,0,1,0,1,1,0,0,1,0,1,0,0,1,0,0,0,0.516398,1,1,0,0,1,0,0,1,0,1,1,1,0,1,0,1,0,1
Shelter Rescue,dog,Border Collie Mix,kitten_puppy,Black,Friendly; Energetic; Playful,house_no_yard,high,first_time,0,1,8_plus,Playful; Independent,0,0,1,0,0,1,1,0,0,1,0,0,1,0,1,0,1,0,0,0,0,0.408248,0,0,0,0,0,1,1,0,0,1,0,1,0,1,0,0,0,1
Tina,cat,Domestic Shorthair Mix,adult,Tricolor,Calm; Independent; Affectionate,house_no_yard,high,experienced,0,0,0_3,Affectionate; Calm; Shy,0,0,1,0,0,1,0,1,0,0,1,0,0,0,0,1,0,0,1,0,0,0.666667,1,0,1,0,1,0,0,1,0,0,1,0,0,0,1,1,0,1
Mona,dog,Australian Cattle Dog,adult,Black,Friendly; Affectionate,house_with_yard,relaxed,first_time,1,0,4_7,Shy; Playful; Friendly,0,1,0,1,0,0,1,0,1,0,0,1,0,1,1,0,0,0,1,0,0,0.408248,1,1,0,0,1,1,0,0,0,1,0,0,0,0,0,1,0,1
*Molly,dog,Alaskan Husky Mix,young,Black,Friendly; Energetic; Playful,house_no_yard,high,experienced,0,0,0_3,Affectionate; Independent; Calm,0,0,1,0,0,1,0,1,0,0,1,0,0,0,1,0,0,1,0,0,0,0.0,0,0,1,0,0,0,1,1,0,1,0,1,0,1,0,0,0,0
Tharkerybinx,cat,Domestic Medium Hair Mix,kitten_puppy,Black,Energetic; Playful; Affectionate,apartment,moderate,experienced,1,1,8_plus,Calm; Energetic; Protective,1,0,0,0,1,0,0,1,1,1,0,0,1,0,0,1,1,0,0,0,0,0.333333,1,0,1,1,0,0,0,0,1,0,0,1,0,1,0,1,0,1
Shelter Rescue,dog,Labrador Retriever Mix,kitten_puppy,White,Friendly; Energetic; Playful; Affectionate,apartment,relaxed,experienced,1,1,8_plus,Calm; Playful,1,0,0,1,0,0,0,1,1,1,0,0,1,0,1,0,1,0,0,0,0,0.353553,0,0,1,0,0,1,0,0,0,1,0,1,0,1,0,1,0,0
Buttercup,dog,Chihuahua Shorthair Mix,senior,Brown,Friendly; Calm; Independent; Affectionate,house_with_yard,relaxed,first_time,0,1,0_3,Protective; Shy,0,1,0,1,0,0,1,0,0,1,1,0,0,0,1,0,0,0,0,1,0,0.0,0,0,0,0,1,0,0,0,1,1,1,0,0,0,1,1,0,1
*Moon Doggie,dog,Labrador Retriever/Doberman Pinsch,kitten_puppy,Black,Friendly; Energetic; Playful; Affectionate,house_with_yard,relaxed,first_time,1,1,0_3,Friendly; Protective,0,1,0,1,0,0,1,0,1,1,1,0,0,0,1,0,1,0,0,0,0,0.353553,1,1,0,0,0,0,0,0,1,1,0,1,0,1,0,1,0,1
Shelter Rescue,cat,American Shorthair Mix,kitten_puppy,Black,Energetic; Playful; Affectionate,apartment,relaxed,experienced,0,0,8_plus,Calm; Energetic; Protective,1,0,0,1,0,0,0,1,0,0,0,0,1,0,0,1,1,0,0,0,0,0.333333,1,0,1,1,0,0,0,0,1,0,0,1,0,1,0,1,0,0
*Willem Dafo,dog,Chihuahua Shorthair Mix,young,Black,Friendly; Calm; Energetic; Playful; Affectionate,apartment,high,experienced,1,1,4_7,Affectionate; Independent,1,0,0,0,0,1,0,1,1,1,0,1,0,0,1,0,0,1,0,0,0,0.316228,0,0,0,0,0,0,1,1,0,1,1,1,0,1,0,1,0,1
*Zelda,dog,Pit Bull Mix,young,White,Friendly; Energetic; Playful,house_with_yard,relaxed,experienced,0,1,8_plus,Shy; Affectionate; Friendly,0,1,0,1,0,0,0,1,0,1,0,0,1,0,1,0,0,1,0,0,0,0.333333,0,1,0,0,1,0,0,1,0,1,0,1,0,1,0,0,0,1
Dani,dog,Australian Cattle Dog,kitten_puppy,Black,Friendly; Energetic; Playful,apartment,moderate,first_time,1,0,4_7,Affectionate; Calm,1,0,0,0,1,0,1,0,1,0,0,1,0,0,1,0,1,0,0,0,0,0.0,0,0,1,0,0,0,0,1,0,1,0,1,0,1,0,0,0,0
Bella,dog,Labrador Retriever Mix,kitten_puppy,Black,Friendly; Energetic; Playful; Affectionate,apartment,relaxed,first_time,0,1,4_7,Protective; Energetic; Affectionate,1,0,0,1,0,0,1,0,0,1,0,1,0,0,1,0,1,0,0,0,0,0.57735,0,0,0,1,0,0,0,1,1,1,0,1,0,1,0,1,0,1
Shelter Rescue,dog,Yorkshire Terrier/Chihuahua Shorthair,adult,Black,Friendly; Calm; Energetic; Affectionate,house_no_yard,high,experienced,1,0,4_7,Affectionate; Independent; Protective,0,0,1,0,0,1,0,1,1,0,0,1,0,0,1,0,0,0,1,0,0,0.288675,0,0,0,0,0,0,1,1,1,1,1,1,0,0,0,1,0,1
*Freda,cat,Domestic Shorthair Mix,kitten_puppy,White,Energetic; Playful; Affectionate,house_no_yard,high,experienced,1,0,4_7,Independent; Shy; Protective,0,0,1,0,0,1,0,1,1,0,0,1,0,0,0,1,1,0,0,0,0,0.0,0,0,0,0,1,0,1,0,1,0,0,1,0,1,0,1,0,1
*Elliot,cat,Domestic Shorthair Mix,kitten_puppy,White,Energetic; Playful; Affectionate,house_with_yard,high,experienced,1,0,8_plus,Calm; Shy; Energetic,0,1,0,0,0,1,0,1,1,0,0,0,1,0,0,1,1,0,0,0,0,0.333333,0,0,1,1,1,0,0,0,0,0,0,1,0,1,0,1,0,1
*Jaqueline,dog,Staffordshire Mix,adult,Orange,Friendly; Affectionate,apartment,high,experienced,1,1,8_plus,Energetic,1,0,0,0,0,1,0,1,1,1,0,0,1,0,1,0,0,0,1,0,0,0.0,0,0,0,1,0,0,0,0,0,1,0,0,0,0,0,1,0,0
Princess,dog,Maltese/Miniature Poodle,young,White,Friendly; Calm; Energetic; Playful; Affectionate,house_no_yard,moderate,experienced,0,0,4_7,Affectionate; Energetic; Playful,0,0,1,0,1,0,0,1,0,0,0,1,0,0,1,0,0,1,0,0,0,0.774597,0,0,0,1,0,1,0,1,0,1,1,1,0,1,0,1,0,1
Shelter Rescue,cat,Domestic Longhair Mix,adult,Gray,Calm; Independent; Affectionate,house_no_yard,relaxed,experienced,0,1,8_plus,Energetic; Protective; Shy,0,0,1,1,0,0,0,1,0,1,0,0,1,0,0,1,0,0,1,0,0,0.0,0,0,0,1,1,0,0,0,1,0,1,0,0,0,1,1,0,1
Cleo,dog,Great Pyrenees Mix,kitten_puppy,White,Friendly; Energetic; Playful,house_with_yard,moderate,experienced,0,0,8_plus,Calm; Shy; Protective,0,1,0,0,1,0,0,1,0,0,0,0,1,0,1,0,1,0,0,0,0,0.0,0,0,1,0,1,0,0,0,1,1,0,1,0,1,0,0,0,0
Piglet,dog,Labrador Retriever Mix,kitten_puppy,Black,Friendly; Energetic; Playful; Affectionate,apartment,high,first_time,1,0,8_plus,Calm,1,0,0,0,0,1,1,0,1,0,0,0,1,0,1,0,1,0,0,0,0,0.0,1,0,1,0,0,0,0,0,0,1,0,1,0,1,0,1,0,0
Shelter Rescue,dog,Dachshund Wirehair/Miniature Schnauzer,young,Gray,Friendly; Calm; Energetic; Playful; Affectionate,house_no_yard,relaxed,experienced,1,1,0_3,Playful; Affectionate; Friendly,0,0,1,1,0,0,0,1,1,1,1,0,0,0,1,0,0,1,0,0,0,0.774597,0,1,0,0,0,1,0,1,0,1,1,1,0,1,0,1,0,1
Shelter Rescue,cat,Domestic Shorthair Mix,kitten_puppy,Black,Energetic; Playful; Affectionate,house_no_yard,relaxed,experienced,1,1,8_plus,Energetic,0,0,1,1,0,0,0,1,1,1,0,0,1,0,0,1,1,0,0,0,0,0.57735,0,0,0,1,0,0,0,0,0,0,0,1,0,1,0,1,0,0
*Finn,dog,Labrador Retriever Mix,kitten_puppy,White,Friendly; Energetic; Playful; Affectionate,apartment,moderate,first_time,0,0,0_3,Playful; Affectionate; Protective,1,0,0,0,1,0,1,0,0,0,1,0,0,1,1,0,1,0,0,0,0,0.57735,0,0,0,0,0,1,0,1,1,1,0,1,0,1,0,1,0,1
*Allie,dog,Bulldog/Australian Cattle Dog,kitten_puppy,Black,Friendly; Energetic; Playful,house_no_yard,relaxed,experienced,0,1,0_3,Affectionate,0,0,1,1,0,0,0,1,0,1,1,0,0,0,1,0,1,0,0,0,0,0.0,0,0,0,0,0,0,0,1,0,1,0,1,0,1,0,0,0,1
*Reynosa,cat,Domestic Shorthair Mix,kitten_puppy,White,Energetic; Playful; Affectionate,house_no_yard,relaxed,first_time,1,0,0_3,Playful; Calm; Shy,0,0,1,1,0,0,1,0,1,0,1,0,0,0,0,1,1,0,0,0,0,0.333333,0,0,1,0,1,1,0,0,0,0,0,1,0,1,0,1,0,1
Shelter Rescue,dog,Chihuahua Shorthair Mix,kitten_puppy,White,Friendly; Calm; Energetic; Playful; Affectionate,house_no_yard,high,experienced,1,1,8_plus,Independent; Calm,0,0,1,0,0,1,0,1,1,1,0,0,1,0,1,0,1,0,0,0,0,0.316228,0,0,1,0,0,0,1,0,0,1,1,1,0,1,0,1,0,1
*Pear,dog,Labrador Retriever Mix,kitten_puppy,Brown,Friendly; Energetic; Playful; Affectionate,house_with_yard,relaxed,experienced,1,0,0_3,Playful; Friendly; Energetic,0,1,0,1,0,0,0,1,1,0,1,0,0,0,1,0,1,0,0,0,0,0.866025,0,1,0,1,0,1,0,0,0,1,0,1,0,1,0,1,0,1
*Captain,cat,Domestic Shorthair Mix,kitten_puppy,White,Energetic; Playful; Affectionate,house_no_yard,relaxed,experienced,1,0,8_plus,Affectionate; Shy,0,0,1,1,0,0,0,1,1,0,0,0,1,0,0,1,1,0,0,0,0,0.408248,0,0,0,0,1,0,0,1,0,0,0,1,0,1,0,1,0,0
Shelter Rescue,cat,Domestic Shorthair Mix,kitten_puppy,Tabby,Energetic; Playful; Affectionate,house_no_yard,high,first_time,1,0,4_7,Playful,0,0,1,0,0,1,1,0,1,0,0,1,0,0,0,1,1,0,0,0,0,0.57735,0,0,0,0,0,1,0,0,0,0,0,1,0,1,0,1,0,1
*Denali,dog,Great Pyrenees Mix,young,White,Friendly; Energetic; Playful,house_no_yard,high,first_time,0,0,0_3,Protective,0,0,1,0,0,1,1,0,0,0,1,0,0,0,1,0,0,1,0,0,0,0.0,0,0,0,0,0,0,0,0,1,1,0,1,0,1,0,0,0,1
*Phoebe,cat,Domestic Shorthair Mix,young,Tabby,Calm; Independent; Affectionate,apartment,relaxed,first_time,0,1,8_plus,Playful; Affectionate,1,0,0,1,0,0,1,0,0,1,0,0,1,0,0,1,0,1,0,0,0,0.408248,1,0,0,0,0,1,0,1,0,0,1,0,0,0,1,1,0,1
Nono,cat,Domestic Shorthair Mix,kitten_puppy,Black,Energetic; Playful; Affectionate,house_with_yard,relaxed,first_time,0,1,0_3,Friendly; Calm; Energetic,0,1,0,1,0,0,1,0,0,1,1,0,0,0,0,1,1,0,0,0,0,0.333333,0,1,1,1,0,0,0,0,0,0,0,1,0,1,0,1,0,1
Shelter Rescue,dog,Siberian Husky,young,Brown,Friendly; Energetic; Playful,house_with_yard,relaxed,first_time,1,1,4_7,Calm,0,1,0,1,0,0,1,0,1,1,0,1,0,0,1,0,0,1,0,0,0,0.0,0,0,1,0,0,0,0,0,0,1,0,1,0,1,0,0,0,1
*Cher,dog,Pit Bull Mix,young,White,Friendly; Energetic; Playful,house_with_yard,relaxed,experienced,0,1,4_7,Independent; Friendly,0,1,0,1,0,0,0,1,0,1,0,1,0,1,1,0,0,1,0,0,0,0.408248,0,1,0,0,0,0,1,0,0,1,0,1,0,1,0,0,0,1
Shelter Rescue,dog,Labrador Retriever Mix,kitten_puppy,Black,Friendly; Energetic; Playful; Affectionate,apartment,high,first_time,1,0,0_3,Protective; Affectionate,1,0,0,0,0,1,1,0,1,0,1,0,0,0,1,0,1,0,0,0,0,0.353553,0,0,0,0,0,0,0,1,1,1,0,1,0,1,0,1,0,1
Shelter Rescue,dog,Miniature Pinscher Mix,adult,Black,Friendly; Affectionate,house_with_yard,moderate,experienced,1,0,0_3,Affectionate; Protective,0,1,0,0,1,0,0,1,1,0,1,0,0,0,1,0,0,0,1,0,0,0.5,1,0,0,0,0,0,0,1,1,1,0,0,0,0,0,1,0,1
Seabass,dog,Siberian Husky,young,Black,Friendly; Energetic; Playful,house_no_yard,moderate,first_time,0,0,0_3,Playful; Calm; Protective,0,0,1,0,1,0,1,0,0,0,1,0,0,0,1,0,0,1,0,0,0,0.333333,1,0,1,0,0,1,0,0,1,1,0,1,0,1,0,0,0,1
Cowardlylion,cat,Domestic Shorthair Mix,kitten_puppy,Black,Energetic; Playful; Affectionate,house_with_yard,relaxed,experienced,1,1,4_7,Playful; Energetic,0,1,0,1,0,0,0,1,1,1,0,1,0,0,0,1,1,0,0,0,0,0.816497,0,0,0,1,0,1,0,0,0,0,0,1,0,1,0,1,0,1
*Rosie,dog,Chihuahua Shorthair/Toy Fox Terrier,kitten_puppy,Tricolor,Friendly; Calm; Energetic; Playful; Affectionate,apartment,moderate,first_time,0,1,8_plus,Independent; Affectionate; Playful,1,0,0,0,1,0,1,0,0,1,0,0,1,0,1,0,1,0,0,0,0,0.516398,0,0,0,0,0,1,1,1,0,1,1,1,0,1,0,1,0,1
Orion,cat,Siamese Mix,adult,Brown,Calm; Playful; Independent; Affectionate,house_with_yard,moderate,first_time,0,0,8_plus,Affectionate,0,1,0,0,1,0,1,0,0,0,0,0,1,0,0,1,0,0,1,0,0,0.5,0,0,0,0,0,0,0,1,0,0,1,0,0,1,1,1,0,1
Buda,dog,Pit Bull Mix,kitten_puppy,White,Friendly; Energetic; Playful,house_no_yard,high,experienced,0,1,8_plus,Protective; Calm,0,0,1,0,0,1,0,1,0,1,0,0,1,0,1,0,1,0,0,0,0,0.0,1,0,1,0,0,0,0,0,1,1,0,1,0,1,0,0,0,0
Batman,cat,Domestic Shorthair Mix,kitten_puppy,Black,Energetic; Playful; Affectionate,house_with_yard,high,first_time,1,0,8_plus,Playful,0,1,0,0,0,1,1,0,1,0,0,0,1,0,0,1,1,0,0,0,0,0.57735,0,0,0,0,0,1,0,0,0,0,0,1,0,1,0,1,0,1
*Scarlett,dog,Australian Shepherd Mix,young,White,Friendly; Energetic; Playful; Protective,apartment,relaxed,experienced,1,0,8_plus,Energetic; Independent,1,0,0,1,0,0,0,1,1,0,0,0,1,0,1,0,0,1,0,0,0,0.353553,1,0,0,1,0,0,1,0,0,1,0,1,0,1,0,0,1,0
Pickles,dog,Miniature Schnauzer/Miniature Poodle,adult,White,Friendly; Playful; Affectionate,house_no_yard,moderate,experienced,0,1,0_3,Playful; Energetic; Affectionate,0,0,1,0,1,0,0,1,0,1,1,0,0,0,1,0,0,0,1,0,0,0.666667,0,0,0,1,0,1,0,1,0,1,0,0,0,1,0,1,0,1
*Raphaela,cat,Domestic Medium Hair Mix,kitten_puppy,White,Energetic; Playful; Affectionate,apartment,relaxed,first_time,0,0,4_7,Affectionate,1,0,0,1,0,0,1,0,0,0,0,1,0,0,0,1,1,0,0,0,0,0.57735,0,0,0,0,0,0,0,1,0,0,0,1,0,1,0,1,0,1
Rory,cat,Domestic Shorthair Mix,kitten_puppy,Orange,Energetic; Playful; Affectionate,apartment,moderate,experienced,0,0,0_3,Protective; Independent; Affectionate,1,0,0,0,1,0,0,1,0,0,1,0,0,0,0,1,1,0,0,0,0,0.333333,0,0,0,0,0,0,1,1,1,0,0,1,0,1,0,1,0,1
Dallie,dog,Chihuahua Shorthair Mix,kitten_puppy,Orange,Friendly; Calm; Energetic; Playful; Affectionate,house_no_yard,moderate,first_time,1,0,0_3,Playful,0,0,1,0,1,0,1,0,1,0,1,0,0,0,1,0,1,0,0,0,0,0.447214,0,0,0,0,0,1,0,0,0,1,1,1,0,1,0,1,0,1
Buster,dog,American Bulldog Mix,young,White,Friendly; Energetic; Playful,house_no_yard,high,first_time,0,1,0_3,Shy; Energetic; Playful,0,0,1,0,0,1,1,0,0,1,1,0,0,1,1,0,0,1,0,0,0,0.666667,1,0,0,1,1,1,0,0,0,1,0,1,0,1,0,0,0,1
Leia,dog,Australian Shepherd Mix,adult,White,Friendly; Energetic; Affectionate; Protective,apartment,relaxed,first_time,1,1,0_3,Energetic; Independent; Friendly,1,0,0,1,0,0,1,0,1,1,1,0,0,0,1,0,0,0,1,0,0,0.57735,0,1,0,1,0,0,1,0,0,1,0,1,0,0,0,1,1,1
Reginald,dog,Plott Hound Mix,young,Black,Friendly; Energetic; Playful,apartment,high,experienced,1,0,8_plus,Calm; Shy; Energetic,1,0,0,0,0,1,0,1,1,0,0,0,1,0,1,0,0,1,0,0,0,0.333333,0,0,1,1,1,0,0,0,0,1,0,1,0,1,0,0,0,0
Bailey,dog,Australian Shepherd Mix,adult,White,Friendly; Energetic; Affectionate; Protective,house_no_yard,high,first_time,1,1,8_plus,Shy,0,0,1,0,0,1,1,0,1,1,0,0,1,0,1,0,0,0,1,0,0,0.0,1,0,0,0,1,0,0,0,0,1,0,1,0,0,0,1,1,1
Shelter Rescue,dog,Labrador Retriever Mix,kitten_puppy,Black,Friendly; Energetic; Playful; Affectionate,house_with_yard,moderate,experienced,0,0,8_plus,Affectionate,0,1,0,0,1,0,0,1,0,0,0,0,1,0,1,0,1,0,0,0,0,0.5,0,0,0,0,0,0,0,1,0,1,0,1,0,1,0,1,0,0
Cricket,cat,Domestic Shorthair Mix,kitten_puppy,Black,Energetic; Playful; Affectionate,house_no_yard,moderate,first_time,0,1,4_7,Energetic,0,0,1,0,1,0,1,0,0,1,0,1,0,0,0,1,1,0,0,0,0,0.57735,0,0,0,1,0,0,0,0,0,0,0,1,0,1,0,1,0,1
*Petunia,cat,Domestic Shorthair Mix,young,Tabby,Calm; Independent; Affectionate,house_no_yard,relaxed,first_time,1,1,0_3,Friendly; Independent; Affectionate,0,0,1,1,0,0,1,0,1,1,1,0,0,0,0,1,0,1,0,0,0,0.666667,0,1,0,0,0,0,1,1,0,0,1,0,0,0,1,1,0,1
Saki,dog,Australian Shepherd/Labrador Retriever,young,White,Friendly; Energetic; Playful; Affectionate; Protective,house_no_yard,high,experienced,0,0,8_plus,Energetic; Playful,0,0,1,0,0,1,0,1,0,0,0,0,1,1,1,0,0,1,0,0,0,0.632456,0,0,0,1,0,1,0,0,0,1,0,1,0,1,0,1,1,1
Maverick,cat,Domestic Shorthair Mix,young,Gray,Calm; Independent; Affectionate,apartment,moderate,experienced,1,0,4_7,Energetic; Protective,1,0,0,0,1,0,0,1,1,0,0,1,0,0,0,1,0,1,0,0,0,0.0,1,0,0,1,0,0,0,0,1,0,1,0,0,0,1,1,0,0
Black,dog,Labrador Retriever Mix,young,Black,Friendly; Energetic; Playful; Affectionate,house_with_yard,high,first_time,1,1,8_plus,Calm; Independent; Shy,0,1,0,0,0,1,1,0,1,1,0,0,1,0,1,0,0,1,0,0,0,0.0,0,0,1,0,1,0,1,0,0,1,0,1,0,1,0,1,0,1
*Avalon,dog,Catahoula Mix,young,White,Friendly; Energetic; Playful,house_no_yard,relaxed,experienced,0,1,8_plus,Protective; Playful; Energetic,0,0,1,1,0,0,0,1,0,1,0,0,1,0,1,0,0,1,0,0,0,0.666667,1,0,0,1,0,1,0,0,1,1,0,1,0,1,0,0,0,1
*Molly,cat,Domestic Shorthair Mix,kitten_puppy,White,Energetic; Playful; Affectionate,apartment,relaxed,experienced,1,1,4_7,Independent,1,0,0,1,0,0,0,1,1,1,0,1,0,0,0,1,1,0,0,0,0,0.0,0,0,0,0,0,0,1,0,0,0,0,1,0,1,0,1,0,1
*Bluebonnet,cat,Russian Blue,young,Gray,Calm; Independent; Affectionate,apartment,high,experienced,0,0,0_3,Playful; Friendly; Protective,1,0,0,0,0,1,0,1,0,0,1,0,0,0,0,1,0,1,0,0,0,0.0,0,1,0,0,0,1,0,0,1,0,1,0,0,0,1,1,0,1
*Pinochle,cat,Domestic Shorthair Mix,kitten_puppy,Tricolor,Energetic; Playful; Affectionate,house_with_yard,high,first_time,0,1,4_7,Affectionate,0,1,0,0,0,1,1,0,0,1,0,1,0,0,0,1,1,0,0,0,0,0.57735,1,0,0,0,0,0,0,1,0,0,0,1,0,1,0,1,0,1
Shelter Rescue,cat,Domestic Shorthair Mix,kitten_puppy,White,Energetic; Playful; Affectionate,house_with_yard,relaxed,experienced,0,0,8_plus,Energetic,0,1,0,1,0,0,0,1,0,0,0,0,1,0,0,1,1,0,0,0,0,0.57735,1,0,0,1,0,0,0,0,0,0,0,1,0,1,0,1,0,1
Fin,dog,Anatol Shepherd Mix,kitten_puppy,White,Friendly; Energetic; Playful; Protective,apartment,relaxed,experienced,1,0,8_plus,Calm,1,0,0,1,0,0,0,1,1,0,0,0,1,0,1,0,1,0,0,0,0,0.0,0,0,1,0,0,0,0,0,0,1,0,1,0,1,0,0,1,0
*Butters,cat,Domestic Shorthair Mix,kitten_puppy,Orange,Energetic; Playful; Affectionate,house_no_yard,moderate,first_time,1,0,8_plus,Friendly; Protective; Shy,0,0,1,0,1,0,1,0,1,0,0,0,1,0,0,1,1,0,0,0,0,0.0,0,1,0,0,1,0,0,0,1,0,0,1,0,1,0,1,0,0
Shelter Rescue,dog,Dachshund Mix,kitten_puppy,Tricolor,Friendly; Calm; Energetic; Playful; Affectionate,house_with_yard,high,first_time,0,1,8_plus,Protective,0,1,0,0,0,1,1,0,0,1,0,0,1,0,1,0,1,0,0,0,0,0.0,0,0,0,0,0,0,0,0,1,1,1,1,0,1,0,1,0,1
*Stephanie,cat,Domestic Shorthair Mix,kitten_puppy,Tricolor,Energetic; Playful; Affectionate,house_no_yard,high,first_time,1,0,4_7,Friendly,0,0,1,0,0,1,1,0,1,0,0,1,0,0,0,1,1,0,0,0,0,0.0,0,1,0,0,0,0,0,0,0,0,0,1,0,1,0,1,0,1
Shelter Rescue,dog,Australian Cattle Dog/Collie Rough,young,Orange,Friendly; Energetic; Playful,house_no_yard,moderate,experienced,1,0,8_plus,Friendly; Shy; Independent,0,0,1,0,1,0,0,1,1,0,0,0,1,0,1,0,0,1,0,0,0,0.333333,0,1,0,0,1,0,1,0,0,1,0,1,0,1,0,0,0,0
*Ebony,dog,Italian Greyhound Mix,kitten_puppy,Black,Friendly; Energetic; Playful,house_with_yard,high,experienced,1,1,0_3,Shy; Calm,0,1,0,0,0,1,0,1,1,1,1,0,0,0,1,0,1,0,0,0,0,0.0,0,0,1,0,1,0,0,0,0,1,0,1,0,1,0,0,0,1
Olive,dog,Border Collie Mix,kitten_puppy,Black,Friendly; Energetic; Playful,house_no_yard,relaxed,first_time,0,0,8_plus,Friendly; Shy; Playful,0,0,1,1,0,0,1,0,0,0,0,0,1,0,1,0,1,0,0,0,0,0.666667,0,1,0,0,1,1,0,0,0,1,0,1,0,1,0,0,0,0
Shelter Rescue,cat,Domestic Medium Hair Mix,kitten_puppy,Orange,Energetic; Playful; Affectionate,house_with_yard,relaxed,experienced,1,0,8_plus,Independent,0,1,0,1,0,0,0,1,1,0,0,0,1,0,0,1,1,0,0,0,0,0.0,0,0,0,0,0,0,1,0,0,0,0,1,0,1,0,1,0,0
Karma,dog,Plott Hound Mix,kitten_puppy,White,Friendly; Energetic; Playful,house_with_yard,moderate,first_time,0,1,0_3,Calm; Protective; Friendly,0,1,0,0,1,0,1,0,0,1,1,0,0,0,1,0,1,0,0,0,0,0.333333,0,1,1,0,0,0,0,0,1,1,0,1,0,1,0,0,0,1
*Ranger,cat,Domestic Medium Hair Mix,kitten_puppy,Black,Energetic; Playful; Affectionate,house_no_yard,relaxed,first_time,1,1,0_3,Affectionate,0,0,1,1,0,0,1,0,1,1,1,0,0,0,0,1,1,0,0,0,0,0.57735,0,0,0,0,0,0,0,1,0,0,0,1,0,1,0,1,0,1
Stitch,dog,Yorkshire Terrier Mix,kitten_puppy,Brown,Friendly; Energetic; Playful,apartment,moderate,experienced,1,0,0_3,Shy; Calm,1,0,0,0,1,0,0,1,1,0,1,0,0,0,1,0,1,0,0,0,0,0.0,0,0,1,0,1,0,0,0,0,1,0,1,0,1,0,0,0,0
Dolly,dog,Bichon Frise Mix,adult,White,Friendly; Calm; Affectionate,apartment,relaxed,first_time,0,1,8_plus,Playful; Independent; Friendly,1,0,0,1,0,0,1,0,0,1,0,0,1,0,1,0,0,0,1,0,0,0.333333,0,1,0,0,0,1,1,0,0,1,1,0,0,0,0,1,0,1
Chabo,dog,Labrador Retriever Mix,young,Black,Friendly; Energetic; Playful; Affectionate,house_no_yard,high,experienced,0,0,0_3,Energetic,0,0,1,0,0,1,0,1,0,0,1,0,0,1,1,0,0,1,0,0,0,0.5,1,0,0,1,0,0,0,0,0,1,0,1,0,1,0,1,0,1
*Breck,dog,Rat Terrier Mix,young,Black,Friendly; Energetic; Playful,house_no_yard,high,experienced,0,0,8_plus,Playful,0,0,1,0,0,1,0,1,0,0,0,0,1,0,1,0,0,1,0,0,0,0.57735,0,0,0,0,0,1,0,0,0,1,0,1,0,1,0,0,0,1
*Beauregard,cat,Domestic Shorthair Mix,young,Gray,Calm; Independent; Affectionate,house_no_yard,moderate,first_time,1,1,0_3,Affectionate; Independent,0,0,1,0,1,0,1,0,1,1,1,0,0,0,0,1,0,1,0,0,0,0.816497,0,0,0,0,0,0,1,1,0,0,1,0,0,0,1,1,0,1
Ink,dog,Toy Poodle Mix,kitten_puppy,Black,Friendly; Energetic; Playful; Affectionate,house_no_yard,relaxed,experienced,0,1,8_plus,Energetic; Playful,0,0,1,1,0,0,0,1,0,1,0,0,1,0,1,0,1,0,0,0,0,0.707107,0,0,0,1,0,1,0,0,0,1,0,1,0,1,0,1,0,0
*Dozer,dog,Pit Bull Mix,young,White,Friendly; Energetic; Playful,apartment,high,first_time,0,1,4_7,Shy; Playful; Affectionate,1,0,0,0,0,1,1,0,0,1,0,1,0,0,1,0,0,1,0,0,0,0.333333,0,0,0,0,1,1,0,1,0,1,0,1,0,1,0,0,0,1
Shelter Rescue,cat,Domestic Medium Hair Mix,kitten_puppy,Black,Energetic; Playful; Affectionate,house_with_yard,high,first_time,1,0,4_7,Protective; Playful,0,1,0,0,0,1,1,0,1,0,0,1,0,0,0,1,1,0,0,0,0,0.408248,0,0,0,0,0,1,0,0,1,0,0,1,0,1,0,1,0,1
Socks,cat,Domestic Longhair Mix,young,White,Calm; Independent; Affectionate,house_with_yard,high,first_time,0,1,0_3,Friendly,0,1,0,0,0,1,1,0,0,1,1,0,0,1,0,1,0,1,0,0,0,0.0,0,1,0,0,0,0,0,0,0,0,1,0,0,0,1,1,0,1
Queen,dog,Yorkshire Terrier Mix,kitten_puppy,Black,Friendly; Energetic; Playful,apartment,high,first_time,0,1,8_plus,Calm,1,0,0,0,0,1,1,0,0,1,0,0,1,1,1,0,1,0,0,0,0,0.0,1,0,1,0,0,0,0,0,0,1,0,1,0,1,0,0,0,0
Shelter Rescue,cat,Domestic Medium Hair Mix,kitten_puppy,Black,Energetic; Playful; Affectionate,house_no_yard,moderate,first_time,1,0,4_7,Energetic; Calm; Shy,0,0,1,0,1,0,1,0,1,0,0,1,0,0,0,1,1,0,0,0,0,0.333333,1,0,1,1,1,0,0,0,0,0,0,1,0,1,0,1,0,1
*Blossom,cat,Domestic Shorthair Mix,kitten_puppy,Tabby,Energetic; Playful; Affectionate,house_with_yard,relaxed,experienced,0,0,4_7,Playful,0,1,0,1,0,0,0,1,0,0,0,1,0,1,0,1,1,0,0,0,0,0.57735,1,0,0,0,0,1,0,0,0,0,0,1,0,1,0,1,0,1
Luna,dog,Miniature Schnauzer/Maltese,young,White,Friendly; Calm; Energetic; Playful; Affectionate,house_with_yard,high,experienced,1,1,4_7,Playful; Calm; Protective,0,1,0,0,0,1,0,1,1,1,0,1,0,0,1,0,0,1,0,0,0,0.516398,0,0,1,0,0,1,0,0,1,1,1,1,0,1,0,1,0,1
Shorty,dog,Chihuahua Shorthair Mix,young,Brown,Friendly; Calm; Energetic; Playful; Affectionate,house_with_yard,relaxed,first_time,0,1,0_3,Friendly,0,1,0,1,0,0,1,0,0,1,1,0,0,0,1,0,0,1,0,0,0,0.447214,0,1,0,0,0,0,0,0,0,1,1,1,0,1,0,1,0,1
*Eloise,cat,Siamese Mix,young,Brown,Calm; Playful; Independent; Affectionate,house_no_yard,moderate,experienced,0,1,0_3,Shy; Independent,0,0,1,0,1,0,0,1,0,1,1,0,0,0,0,1,0,1,0,0,0,0.353553,0,0,0,0,1,0,1,0,0,0,1,0,0,1,1,1,0,1
Podrick,cat,Domestic Shorthair Mix,kitten_puppy,Orange,Energetic; Playful; Affectionate,house_no_yard,high,first_time,0,0,4_7,Shy; Energetic,0,0,1,0,0,1,1,0,0,0,0,1,0,1,0,1,1,0,0,0,0,0.408248,0,0,0,1,1,0,0,0,0,0,0,1,0,1,0,1,0,1
*Katie,dog,Labrador Retriever Mix,kitten_puppy,Black,Friendly; Energetic; Playful; Affectionate,house_no_yard,high,experienced,0,1,0_3,Calm,0,0,1,0,0,1,0,1,0,1,1,0,0,0,1,0,1,0,0,0,0,0.0,0,0,1,0,0,0,0,0,0,1,0,1,0,1,0,1,0,1
*Frita,dog,Rat Terrier Mix,adult,Black,Friendly; Energetic; Affectionate,apartment,moderate,first_time,1,0,4_7,Energetic; Shy; Independent,1,0,0,0,1,0,1,0,1,0,0,1,0,0,1,0,0,0,1,0,0,0.333333,0,0,0,1,1,0,1,0,0,1,0,1,0,0,0,1,0,0
*Willy,cat,Domestic Shorthair Mix,kitten_puppy,White,Energetic; Playful; Affectionate,house_with_yard,moderate,first_time,0,1,4_7,Independent; Affectionate; Playful,0,1,0,0,1,0,1,0,0,1,0,1,0,0,0,1,1,0,0,0,0,0.666667,1,0,0,0,0,1,1,1,0,0,0,1,0,1,0,1,0,1
Jackson,dog,Border Collie/Labrador Retriever,young,Black,Friendly; Energetic; Playful; Affectionate,house_with_yard,moderate,experienced,0,0,0_3,Shy; Protective,0,1,0,0,1,0,0,1,0,0,1,0,0,1,1,0,0,1,0,0,0,0.0,1,0,0,0,1,0,0,0,1,1,0,1,0,1,0,1,0,1
*Greta,dog,German Shepherd Mix,adult,Black,Friendly; Energetic; Affectionate; Protective,house_no_yard,moderate,experienced,0,0,0_3,Calm,0,0,1,0,1,0,0,1,0,0,1,0,0,0,1,0,0,0,1,0,0,0.0,0,0,1,0,0,0,0,0,0,1,0,1,0,0,0,1,1,0
*Sam,cat,Domestic Shorthair Mix,kitten_puppy,Tabby,Energetic; Playful; Affectionate,apartment,relaxed,first_time,0,1,4_7,Friendly,1,0,0,1,0,0,1,0,0,1,0,1,0,0,0,1,1,0,0,0,0,0.0,0,1,0,0,0,0,0,0,0,0,0,1,0,1,0,1,0,1
Boots,cat,Domestic Shorthair Mix,young,Orange,Calm; Independent; Affectionate,house_no_yard,relaxed,experienced,1,0,4_7,Friendly,0,0,1,1,0,0,0,1,1,0,0,1,0,0,0,1,0,1,0,0,0,0.0,0,1,0,0,0,0,0,0,0,0,1,0,0,0,1,1,0,0
Beaux,cat,Domestic Shorthair Mix,kitten_puppy,Tabby,Energetic; Playful; Affectionate,house_with_yard,relaxed,first_time,1,0,0_3,Affectionate,0,1,0,1,0,0,1,0,1,0,1,0,0,0,0,1,1,0,0,0,0,0.57735,0,0,0,0,0,0,0,1,0,0,0,1,0,1,0,1,0,1
Chiquita,dog,Chihuahua Shorthair,adult,Brown,Friendly; Calm; Affectionate,apartment,high,experienced,0,1,0_3,Playful; Independent; Energetic,1,0,0,0,0,1,0,1,0,1,1,0,0,0,1,0,0,0,1,0,0,0.0,0,0,0,1,0,1,1,0,0,1,1,0,0,0,0,1,0,1
Bobby,dog,Catahoula Mix,kitten_puppy,White,Friendly; Energetic; Playful,house_with_yard,relaxed,first_time,1,1,8_plus,Shy; Calm,0,1,0,1,0,0,1,0,1,1,0,0,1,0,1,0,1,0,0,0,0,0.0,0,0,1,0,1,0,0,0,0,1,0,1,0,1,0,0,0,1
Bandit,dog,Pointer/Basset Hound,senior,White,Friendly; Calm; Energetic; Independent; Affectionate,house_with_yard,high,experienced,0,1,0_3,Energetic; Playful; Independent,0,1,0,0,0,1,0,1,0,1,1,0,0,0,1,0,0,0,0,1,0,0.516398,0,0,0,1,0,1,1,0,0,1,1,1,0,0,1,1,0,1
Charlie,cat,Domestic Shorthair Mix,senior,Black,Calm; Independent,apartment,high,first_time,0,1,4_7,Protective,1,0,0,0,0,1,1,0,0,1,0,1,0,0,0,1,0,0,0,1,0,0.0,0,0,0,0,0,0,0,0,1,0,1,0,0,0,1,0,0,1
Bellator,cat,Domestic Shorthair Mix,kitten_puppy,White,Energetic; Playful; Affectionate,house_no_yard,high,first_time,1,0,4_7,Calm; Independent,0,0,1,0,0,1,1,0,1,0,0,1,0,0,0,1,1,0,0,0,0,0.0,0,0,1,0,0,0,1,0,0,0,0,1,0,1,0,1,0,1
*Faulkner,dog,Redbone Hound Mix,young,Brown,Friendly; Energetic; Playful,house_no_yard,high,experienced,1,1,0_3,Protective,0,0,1,0,0,1,0,1,1,1,1,0,0,0,1,0,0,1,0,0,0,0.0,1,0,0,0,0,0,0,0,1,1,0,1,0,1,0,0,0,1
Mittens,cat,Domestic Shorthair Mix,kitten_puppy,Black,Energetic; Playful; Affectionate,house_with_yard,high,experienced,0,0,0_3,Friendly,0,1,0,0,0,1,0,1,0,0,1,0,0,0,0,1,1,0,0,0,0,0.0,0,1,0,0,0,0,0,0,0,0,0,1,0,1,0,1,0,1
Zach,dog,Labrador Retriever Mix,kitten_puppy,Black,Friendly; Energetic; Playful; Affectionate,apartment,high,experienced,1,1,0_3,Independent; Calm,1,0,0,0,0,1,0,1,1,1,1,0,0,0,1,0,1,0,0,0,0,0.0,0,0,1,0,0,0,1,0,0,1,0,1,0,1,0,1,0,1
Bella,dog,Border Collie Mix,adult,Orange,Friendly; Energetic; Affectionate,house_no_yard,high,first_time,1,0,8_plus,Affectionate; Independent,0,0,1,0,0,1,1,0,1,0,0,0,1,0,1,0,0,0,1,0,0,0.408248,1,0,0,0,0,0,1,1,0,1,0,1,0,0,0,1,0,1
Shelter Rescue,cat,Domestic Shorthair Mix,young,Tricolor,Calm; Independent; Affectionate,house_with_yard,moderate,experienced,0,1,8_plus,Affectionate,0,1,0,0,1,0,0,1,0,1,0,0,1,1,0,1,0,1,0,0,0,0.57735,0,0,0,0,0,0,0,1,0,0,1,0,0,0,1,1,0,1
*Sandy,cat,Domestic Medium Hair Mix,young,Tricolor,Calm; Independent; Affectionate,house_no_yard,high,experienced,0,0,4_7,Independent; Shy; Friendly,0,0,1,0,0,1,0,1,0,0,0,1,0,0,0,1,0,1,0,0,0,0.333333,0,1,0,0,1,0,1,0,0,0,1,0,0,0,1,1,0,0
*Jackson,dog,Australian Cattle Dog/Labrador Retriever,kitten_puppy,White,Friendly; Energetic; Playful; Affectionate,house_no_yard,moderate,first_time,0,1,4_7,Calm; Playful,0,0,1,0,1,0,1,0,0,1,0,1,0,0,1,0,1,0,0,0,0,0.353553,0,0,1,0,0,1,0,0,0,1,0,1,0,1,0,1,0,1
Shelter Rescue,dog,Labrador Retriever Mix,kitten_puppy,Brown,Friendly; Energetic; Playful; Affectionate,apartment,relaxed,experienced,0,1,8_plus,Independent; Shy,1,0,0,1,0,0,0,1,0,1,0,0,1,0,1,0,1,0,0,0,0,0.0,0,0,0,0,1,0,1,0,0,1,0,1,0,1,0,1,0,0
*Gromit,dog,Anatol Shepherd Mix,kitten_puppy,White,Friendly; Energetic; Playful; Protective,house_with_yard,relaxed,first_time,1,0,0_3,Protective; Friendly,0,1,0,1,0,0,1,0,1,0,1,0,0,0,1,0,1,0,0,0,0,0.707107,0,1,0,0,0,0,0,0,1,1,0,1,0,1,0,0,1,1
Shelter Rescue,cat,Domestic Shorthair Mix,kitten_puppy,Tabby,Energetic; Playful; Affectionate,house_with_yard,high,first_time,1,1,8_plus,Shy; Energetic,0,1,0,0,0,1,1,0,1,1,0,0,1,0,0,1,1,0,0,0,0,0.408248,0,0,0,1,1,0,0,0,0,0,0,1,0,1,0,1,0,1
Marley,dog,Labrador Retriever Mix,kitten_puppy,White,Friendly; Energetic; Playful; Affectionate,house_no_yard,relaxed,experienced,0,0,8_plus,Calm; Playful,0,0,1,1,0,0,0,1,0,0,0,0,1,0,1,0,1,0,0,0,0,0.353553,1,0,1,0,0,1,0,0,0,1,0,1,0,1,0,1,0,0
*Fluffer,cat,Domestic Longhair Mix,kitten_puppy,Tricolor,Energetic; Playful; Affectionate,apartment,high,first_time,0,1,8_plus,Shy,1,0,0,0,0,1,1,0,0,1,0,0,1,0,0,1,1,0,0,0,0,0.0,1,0,0,0,1,0,0,0,0,0,0,1,0,1,0,1,0,1
Silas,cat,Domestic Shorthair Mix,young,Gray,Calm; Independent; Affectionate,house_with_yard,moderate,experienced,1,0,0_3,Shy; Protective,0,1,0,0,1,0,0,1,1,0,1,0,0,1,0,1,0,1,0,0,0,0.0,0,0,0,0,1,0,0,0,1,0,1,0,0,0,1,1,0,0
Blue,dog,Pit Bull Mix,adult,Black,Friendly; Energetic; Affectionate,apartment,high,first_time,0,1,4_7,Affectionate,1,0,0,0,0,1,1,0,0,1,0,1,0,0,1,0,0,0,1,0,0,0.57735,0,0,0,0,0,0,0,1,0,1,0,1,0,0,0,1,0,1
Rocky,dog,Chihuahua Shorthair Mix,kitten_puppy,White,Friendly; Calm; Energetic; Playful; Affectionate,apartment,relaxed,first_time,1,1,0_3,Calm; Friendly; Protective,1,0,0,1,0,0,1,0,1,1,1,0,0,0,1,0,1,0,0,0,0,0.516398,0,1,1,0,0,0,0,0,1,1,1,1,0,1,0,1,0,1
Shelter Rescue,dog,Chihuahua Shorthair Mix,kitten_puppy,White,Friendly; Calm; Energetic; Playful; Affectionate,apartment,high,experienced,1,1,0_3,Playful,1,0,0,0,0,1,0,1,1,1,1,0,0,0,1,0,1,0,0,0,0,0.447214,0,0,0,0,0,1,0,0,0,1,1,1,0,1,0,1,0,1
Max,dog,German Shepherd Mix,adult,Brown,Friendly; Energetic; Affectionate; Protective,house_no_yard,high,first_time,1,0,4_7,Playful; Energetic,0,0,1,0,0,1,1,0,1,0,0,1,0,0,1,0,0,0,1,0,0,0.353553,0,0,0,1,0,1,0,0,0,1,0,1,0,0,0,1,1,1
Halo,cat,Domestic Shorthair Mix,young,White,Calm; Independent; Affectionate,apartment,high,experienced,0,1,4_7,Independent; Affectionate; Shy,1,0,0,0,0,1,0,1,0,1,0,1,0,0,0,1,0,1,0,0,0,0.666667,1,0,0,0,1,0,1,1,0,0,1,0,0,0,1,1,0,1
*Nacho,dog,Pit Bull Mix,young,Black,Friendly; Energetic; Playful,house_no_yard,high,experienced,0,0,4_7,Friendly; Playful,0,0,1,0,0,1,0,1,0,0,0,1,0,0,1,0,0,1,0,0,0,0.816497,1,1,0,0,0,1,0,0,0,1,0,1,0,1,0,0,0,1
Loki,dog,Swedish Vallhund Mix,adult,Brown,Friendly; Affectionate,apartment,moderate,first_time,0,0,0_3,Calm; Shy,1,0,0,0,1,0,1,0,0,0,1,0,0,0,1,0,0,0,1,0,0,0.0,0,0,1,0,1,0,0,0,0,1,0,0,0,0,0,1,0,1
*Posey,cat,Domestic Shorthair Mix,kitten_puppy,Tricolor,Energetic; Playful; Affectionate,apartment,high,experienced,1,0,4_7,Protective; Friendly; Calm,1,0,0,0,0,1,0,1,1,0,0,1,0,0,0,1,1,0,0,0,0,0.0,0,1,1,0,0,0,0,0,1,0,0,1,0,1,0,1,0,1
Porter,dog,Labrador Retriever Mix,kitten_puppy,Black,Friendly; Energetic; Playful; Affectionate,house_no_yard,moderate,first_time,1,1,8_plus,Affectionate; Energetic,0,0,1,0,1,0,1,0,1,1,0,0,1,0,1,0,1,0,0,0,0,0.707107,0,0,0,1,0,0,0,1,0,1,0,1,0,1,0,1,0,1
Ferguson,cat,Domestic Longhair Mix,kitten_puppy,White,Energetic; Playful; Affectionate,house_no_yard,relaxed,first_time,0,0,8_plus,Energetic; Calm,0,0,1,1,0,0,1,0,0,0,0,0,1,0,0,1,1,0,0,0,0,0.408248,0,0,1,1,0,0,0,0,0,0,0,1,0,1,0,1,0,0
*Sasha,cat,Domestic Shorthair Mix,kitten_puppy,Tricolor,Energetic; Playful; Affectionate,apartment,moderate,first_time,0,1,4_7,Protective; Playful; Independent,1,0,0,0,1,0,1,0,0,1,0,1,0,1,0,1,1,0,0,0,0,0.333333,1,0,0,0,0,1,1,0,1,0,0,1,0,1,0,1,0,1
Shelter Rescue,dog,Chihuahua Shorthair,adult,Brown,Friendly; Calm; Affectionate,house_no_yard,high,experienced,0,0,8_plus,Friendly; Playful,0,0,1,0,0,1,0,1,0,0,0,0,1,0,1,0,0,0,1,0,0,0.408248,1,1,0,0,0,1,0,0,0,1,1,0,0,0,0,1,0,1
Talia,dog,Black Mouth Cur Mix,young,Brown,Friendly; Energetic; Playful,house_with_yard,high,experienced,0,1,0_3,Independent; Calm,0,1,0,0,0,1,0,1,0,1,1,0,0,0,1,0,0,1,0,0,0,0.0,0,0,1,0,0,0,1,0,0,1,0,1,0,1,0,0,0,1
Chubs,dog,Pit Bull Mix,young,White,Friendly; Energetic; Playful,house_with_yard,relaxed,first_time,1,0,8_plus,Energetic; Calm; Independent,0,1,0,1,0,0,1,0,1,0,0,0,1,0,1,0,0,1,0,0,0,0.333333,1,0,1,1,0,0,1,0,0,1,0,1,0,1,0,0,0,1
*Raffi,cat,Domestic Shorthair Mix,kitten_puppy,Orange,Energetic; Playful; Affectionate,apartment,relaxed,first_time,0,1,4_7,Calm; Shy; Independent,1,0,0,1,0,0,1,0,0,1,0,1,0,1,0,1,1,0,0,0,0,0.0,1,0,1,0,1,0,1,0,0,0,0,1,0,1,0,1,0,1
Penny Jane,cat,Domestic Shorthair Mix,kitten_puppy,Tricolor,Energetic; Playful; Affectionate,house_with_yard,relaxed,first_time,1,1,4_7,Playful; Friendly; Calm,0,1,0,1,0,0,1,0,1,1,0,1,0,1,0,1,1,0,0,0,0,0.333333,1,1,1,0,0,1,0,0,0,0,0,1,0,1,0,1,0,1
Pumkin,cat,Domestic Shorthair Mix,kitten_puppy,Orange,Energetic; Playful; Affectionate,apartment,moderate,experienced,0,0,0_3,Independent; Playful,1,0,0,0,1,0,0,1,0,0,1,0,0,0,0,1,1,0,0,0,0,0.408248,0,0,0,0,0,1,1,0,0,0,0,1,0,1,0,1,0,1
*Tony,cat,Domestic Shorthair Mix,kitten_puppy,Tabby,Energetic; Playful; Affectionate,house_with_yard,moderate,first_time,1,1,4_7,Friendly; Affectionate; Calm,0,1,0,0,1,0,1,0,1,1,0,1,0,0,0,1,1,0,0,0,0,0.333333,0,1,1,0,0,0,0,1,0,0,0,1,0,1,0,1,0,1
Shelter Rescue,dog,Boxer Mix,kitten_puppy,White,Friendly; Energetic; Playful,house_no_yard,moderate,first_time,0,0,8_plus,Calm,0,0,1,0,1,0,1,0,0,0,0,0,1,0,1,0,1,0,0,0,0,0.0,0,0,1,0,0,0,0,0,0,1,0,1,0,1,0,0,0,0
Kimbo,dog,Labrador Retriever Mix,young,Black,Friendly; Energetic; Playful; Affectionate,house_no_yard,moderate,experienced,1,0,8_plus,Energetic; Independent; Affectionate,0,0,1,0,1,0,0,1,1,0,0,0,1,1,1,0,0,1,0,0,0,0.57735,0,0,0,1,0,0,1,1,0,1,0,1,0,1,0,1,0,1
*Randall,cat,Domestic Shorthair Mix,kitten_puppy,Black,Energetic; Playful; Affectionate,house_with_yard,relaxed,experienced,1,0,4_7,Calm,0,1,0,1,0,0,0,1,1,0,0,1,0,0,0,1,1,0,0,0,0,0.0,1,0,1,0,0,0,0,0,0,0,0,1,0,1,0,1,0,1
*Mckinley,cat,Domestic Shorthair Mix,young,Orange,Calm; Independent; Affectionate,house_no_yard,moderate,experienced,0,1,0_3,Playful; Calm,0,0,1,0,1,0,0,1,0,1,1,0,0,0,0,1,0,1,0,0,0,0.408248,1,0,1,0,0,1,0,0,0,0,1,0,0,0,1,1,0,1
Cooper,dog,Australian Shepherd Mix,adult,Gray,Friendly; Energetic; Affectionate; Protective,house_no_yard,relaxed,first_time,0,0,8_plus,Protective; Independent,0,0,1,1,0,0,1,0,0,0,0,0,1,0,1,0,0,0,1,0,0,0.353553,0,0,0,0,0,0,1,0,1,1,0,1,0,0,0,1,1,0
*Marty,dog,Golden Retriever Mix,young,Orange,Friendly; Energetic; Playful; Affectionate,house_with_yard,high,first_time,0,0,0_3,Friendly; Affectionate; Playful,0,1,0,0,0,1,1,0,0,0,1,0,0,0,1,0,0,1,0,0,0,0.866025,0,1,0,0,0,1,0,1,0,1,0,1,0,1,0,1,0,1
*Teddy,dog,Pit Bull Mix,young,White,Friendly; Energetic; Playful,apartment,relaxed,experienced,1,1,0_3,Independent; Affectionate,1,0,0,1,0,0,0,1,1,1,1,0,0,0,1,0,0,1,0,0,0,0.0,1,0,0,0,0,0,1,1,0,1,0,1,0,1,0,0,0,0
*Rocket,dog,Cairn Terrier Mix,kitten_puppy,Black,Friendly; Energetic; Playful,house_with_yard,high,first_time,1,1,0_3,Independent,0,1,0,0,0,1,1,0,1,1,1,0,0,0,1,0,1,0,0,0,0,0.0,0,0,0,0,0,0,1,0,0,1,0,1,0,1,0,0,0,1
Bailey,dog,Labrador Retriever Mix,kitten_puppy,Brown,Friendly; Energetic; Playful; Affectionate,house_with_yard,moderate,first_time,0,0,4_7,Protective; Friendly; Independent,0,1,0,0,1,0,1,0,0,0,0,1,0,1,1,0,1,0,0,0,0,0.288675,0,1,0,0,0,0,1,0,1,1,0,1,0,1,0,1,0,1
*Zack,dog,Border Collie Mix,kitten_puppy,Black,Friendly; Energetic; Playful,house_with_yard,high,experienced,0,0,8_plus,Calm; Shy,0,1,0,0,0,1,0,1,0,0,0,0,1,0,1,0,1,0,0,0,0,0.0,1,0,1,0,1,0,0,0,0,1,0,1,0,1,0,0,0,0
*Lex,cat,Siamese Mix,young,Brown,Calm; Playful; Independent; Affectionate,house_with_yard,relaxed,experienced,0,1,4_7,Calm; Playful; Shy,0,1,0,1,0,0,0,1,0,1,0,1,0,1,0,1,0,1,0,0,0,0.57735,0,0,1,0,1,1,0,0,0,0,1,0,0,1,1,1,0,1
Zach,cat,Domestic Shorthair Mix,kitten_puppy,Orange,Energetic; Playful; Affectionate,house_with_yard,moderate,experienced,0,0,4_7,Energetic; Shy,0,1,0,0,1,0,0,1,0,0,0,1,0,0,0,1,1,0,0,0,0,0.408248,0,0,0,1,1,0,0,0,0,0,0,1,0,1,0,1,0,1
Archie,dog,Great Pyrenees/Labrador Retriever,kitten_puppy,Brown,Friendly; Energetic; Playful; Affectionate,house_with_yard,moderate,first_time,1,0,4_7,Energetic; Playful,0,1,0,0,1,0,1,0,1,0,0,1,0,0,1,0,1,0,0,0,0,0.707107,0,0,0,1,0,1,0,0,0,1,0,1,0,1,0,1,0,1
*Ralphie,dog,Border Collie Mix,kitten_puppy,Black,Friendly; Energetic; Playful,apartment,moderate,experienced,0,0,0_3,Energetic; Affectionate,1,0,0,0,1,0,0,1,0,0,1,0,0,0,1,0,1,0,0,0,0,0.408248,1,0,0,1,0,0,0,1,0,1,0,1,0,1,0,0,0,1
Lucky,dog,Cairn Terrier Mix,young,White,Friendly; Energetic; Playful,house_no_yard,moderate,first_time,0,1,4_7,Independent; Protective; Calm,0,0,1,0,1,0,1,0,0,1,0,1,0,0,1,0,0,1,0,0,0,0.0,1,0,1,0,0,0,1,0,1,1,0,1,0,1,0,0,0,1
*Maverick,dog,Plott Hound,adult,Brown,Friendly; Energetic; Affectionate,house_with_yard,moderate,experienced,0,1,0_3,Affectionate,0,1,0,0,1,0,0,1,0,1,1,0,0,0,1,0,0,0,1,0,0,0.57735,0,0,0,0,0,0,0,1,0,1,0,1,0,0,0,1,0,1
Oreo,cat,Domestic Shorthair Mix,kitten_puppy,Black,Energetic; Playful; Affectionate,house_with_yard,moderate,experienced,1,0,8_plus,Affectionate,0,1,0,0,1,0,0,1,1,0,0,0,1,0,0,1,1,0,0,0,0,0.57735,1,0,0,0,0,0,0,1,0,0,0,1,0,1,0,1,0,1
*Sprinkles,cat,Domestic Shorthair Mix,kitten_puppy,Gray,Energetic; Playful; Affectionate,house_with_yard,relaxed,experienced,0,1,4_7,Energetic; Affectionate,0,1,0,1,0,0,0,1,0,1,0,1,0,1,0,1,1,0,0,0,0,0.816497,0,0,0,1,0,0,0,1,0,0,0,1,0,1,0,1,0,1
Shelter Rescue,dog,Labrador Retriever Mix,kitten_puppy,White,Friendly; Energetic; Playful; Affectionate,apartment,moderate,first_time,0,1,4_7,Affectionate; Energetic; Friendly,1,0,0,0,1,0,1,0,0,1,0,1,0,1,1,0,1,0,0,0,0,0.866025,1,1,0,1,0,0,0,1,0,1,0,1,0,1,0,1,0,1
Regan,cat,Domestic Shorthair Mix,kitten_puppy,White,Energetic; Playful; Affectionate,house_with_yard,moderate,first_time,1,1,4_7,Shy; Playful,0,1,0,0,1,0,1,0,1,1,0,1,0,0,0,1,1,0,0,0,0,0.408248,1,0,0,0,1,1,0,0,0,0,0,1,0,1,0,1,0,1
Olive,dog,Dachshund Wirehair Mix,young,Tricolor,Friendly; Calm; Energetic; Playful; Affectionate,house_no_yard,moderate,first_time,1,1,4_7,Shy; Friendly; Protective,0,0,1,0,1,0,1,0,1,1,0,1,0,0,1,0,0,1,0,0,0,0.258199,1,1,0,0,1,0,0,0,1,1,1,1,0,1,0,1,0,1
*Kirkland,dog,Pit Bull Mix,kitten_puppy,White,Friendly; Energetic; Playful,house_with_yard,relaxed,first_time,0,0,0_3,Calm,0,1,0,1,0,0,1,0,0,0,1,0,0,0,1,0,1,0,0,0,0,0.0,0,0,1,0,0,0,0,0,0,1,0,1,0,1,0,0,0,1
Yoda,dog,Jack Russell Terrier/Pug,young,White,Friendly; Calm; Energetic; Playful; Affectionate,apartment,moderate,first_time,1,1,4_7,Calm; Independent,1,0,0,0,1,0,1,0,1,1,0,1,0,0,1,0,0,1,0,0,0,0.316228,0,0,1,0,0,0,1,0,0,1,1,1,0,1,0,1,0,1
Shelter Rescue,cat,Siamese Mix,kitten_puppy,Brown,Energetic; Playful; Affectionate,apartment,high,experienced,1,1,8_plus,Affectionate; Independent,1,0,0,0,0,1,0,1,1,1,0,0,1,1,0,1,1,0,0,0,0,0.408248,1,0,0,0,0,0,1,1,0,0,0,1,0,1,0,1,0,1
Versace,dog,Pit Bull Mix,young,White,Friendly; Energetic; Playful,house_no_yard,relaxed,experienced,0,1,8_plus,Protective; Affectionate; Shy,0,0,1,1,0,0,0,1,0,1,0,0,1,0,1,0,0,1,0,0,0,0.0,1,0,0,0,1,0,0,1,1,1,0,1,0,1,0,0,0,0
Berkley,cat,Domestic Shorthair Mix,kitten_puppy,Gray,Energetic; Playful; Affectionate,house_with_yard,moderate,experienced,0,0,0_3,Shy; Independent,0,1,0,0,1,0,0,1,0,0,1,0,0,1,0,1,1,0,0,0,0,0.0,1,0,0,0,1,0,1,0,0,0,0,1,0,1,0,1,0,1
*Marty,dog,Labrador Retriever Mix,young,Black,Friendly; Energetic; Playful; Affectionate,apartment,moderate,first_time,1,0,8_plus,Shy,1,0,0,0,1,0,1,0,1,0,0,0,1,0,1,0,0,1,0,0,0,0.0,0,0,0,0,1,0,0,0,0,1,0,1,0,1,0,1,0,0
Chico,dog,Pit Bull Mix,young,Black,Friendly; Energetic; Playful,house_with_yard,high,experienced,1,0,0_3,Friendly,0,1,0,0,0,1,0,1,1,0,1,0,0,0,1,0,0,1,0,0,0,0.57735,0,1,0,0,0,0,0,0,0,1,0,1,0,1,0,0,0,1
Snowbell,dog,Great Pyrenees/Labrador Retriever,young,White,Friendly; Energetic; Playful; Affectionate,house_no_yard,relaxed,first_time,0,0,4_7,Playful; Shy,0,0,1,1,0,0,1,0,0,0,0,1,0,0,1,0,0,1,0,0,0,0.353553,1,0,0,0,1,1,0,0,0,1,0,1,0,1,0,1,0,1
*Rory,cat,Domestic Shorthair Mix,kitten_puppy,White,Energetic; Playful; Affectionate,house_with_yard,high,experienced,0,1,4_7,Affectionate,0,1,0,0,0,1,0,1,0,1,0,1,0,0,0,1,1,0,0,0,0,0.57735,0,0,0,0,0,0,0,1,0,0,0,1,0,1,0,1,0,1
Shelter Rescue,dog,Yorkshire Terrier Mix,adult,Black,Friendly; Energetic; Affectionate,house_no_yard,moderate,first_time,0,0,0_3,Playful; Affectionate,0,0,1,0,1,0,1,0,0,0,1,0,0,0,1,0,0,0,1,0,0,0.408248,1,0,0,0,0,1,0,1,0,1,0,1,0,0,0,1,0,1
Shelter Rescue,dog,German Shepherd Mix,kitten_puppy,Black,Friendly; Energetic; Playful; Protective,apartment,high,first_time,0,1,0_3,Calm; Energetic; Playful,1,0,0,0,0,1,1,0,0,1,1,0,0,0,1,0,1,0,0,0,0,0.57735,1,0,1,1,0,1,0,0,0,1,0,1,0,1,0,0,1,1
Rocky,dog,Field Spaniel Mix,young,Black,Friendly; Energetic; Playful; Affectionate,house_no_yard,moderate,experienced,0,1,4_7,Affectionate; Friendly; Calm,0,0,1,0,1,0,0,1,0,1,0,1,0,1,1,0,0,1,0,0,0,0.57735,1,1,1,0,0,0,0,1,0,1,0,1,0,1,0,1,0,1
*Gemma,dog,Pit Bull Mix,young,White,Friendly; Energetic; Playful,house_with_yard,moderate,experienced,1,1,4_7,Independent,0,1,0,0,1,0,0,1,1,1,0,1,0,0,1,0,0,1,0,0,0,0.0,0,0,0,0,0,0,1,0,0,1,0,1,0,1,0,0,0,1
Stella,dog,Pit Bull Mix,young,Gray,Friendly; Energetic; Playful,house_with_yard,moderate,experienced,1,0,0_3,Shy; Friendly,0,1,0,0,1,0,0,1,1,0,1,0,0,0,1,0,0,1,0,0,0,0.408248,1,1,0,0,1,0,0,0,0,1,0,1,0,1,0,0,0,1
Shelter Rescue,cat,Domestic Shorthair Mix,kitten_puppy,Tabby,Energetic; Playful; Affectionate,house_no_yard,high,experienced,0,0,4_7,Friendly; Independent,0,0,1,0,0,1,0,1,0,0,0,1,0,0,0,1,1,0,0,0,0,0.0,0,1,0,0,0,0,1,0,0,0,0,1,0,1,0,1,0,0
Lola,dog,Black/Tan Hound,young,Black,Friendly; Energetic; Playful,house_with_yard,high,first_time,1,1,8_plus,Shy; Affectionate; Playful,0,1,0,0,0,1,1,0,1,1,0,0,1,1,1,0,0,1,0,0,0,0.333333,1,0,0,0,1,1,0,1,0,1,0,1,0,1,0,0,0,1
Justinian,cat,Domestic Shorthair Mix,kitten_puppy,White,Energetic; Playful; Affectionate,house_with_yard,moderate,experienced,1,1,8_plus,Protective,0,1,0,0,1,0,0,1,1,1,0,0,1,0,0,1,1,0,0,0,0,0.0,0,0,0,0,0,0,0,0,1,0,0,1,0,1,0,1,0,0
Violet,cat,Domestic Shorthair Mix,kitten_puppy,Black,Energetic; Playful; Affectionate,apartment,relaxed,first_time,0,1,0_3,Protective; Friendly; Energetic,1,0,0,1,0,0,1,0,0,1,1,0,0,0,0,1,1,0,0,0,0,0.333333,1,1,0,1,0,0,0,0,1,0,0,1,0,1,0,1,0,1
*Gabrielle,cat,Domestic Shorthair Mix,young,Tricolor,Calm; Independent; Affectionate,house_with_yard,high,first_time,0,1,0_3,Protective; Friendly; Affectionate,0,1,0,0,0,1,1,0,0,1,1,0,0,1,0,1,0,1,0,0,0,0.333333,1,1,0,0,0,0,0,1,1,0,1,0,0,0,1,1,0,1
*Henry,cat,Domestic Shorthair Mix,kitten_puppy,White,Energetic; Playful; Affectionate,house_no_yard,high,first_time,0,0,8_plus,Shy; Energetic,0,0,1,0,0,1,1,0,0,0,0,0,1,0,0,1,1,0,0,0,0,0.408248,0,0,0,1,1,0,0,0,0,0,0,1,0,1,0,1,0,0
Egypt,dog,Chihuahua Shorthair/Pug,young,Black,Friendly; Calm; Energetic; Playful; Affectionate,apartment,relaxed,experienced,0,1,4_7,Friendly,1,0,0,1,0,0,0,1,0,1,0,1,0,1,1,0,0,1,0,0,0,0.447214,0,1,0,0,0,0,0,0,0,1,1,1,0,1,0,1,0,1
Jazz,dog,Cairn Terrier/Yorkshire Terrier,kitten_puppy,Black,Friendly; Energetic; Playful,house_with_yard,relaxed,first_time,1,1,4_7,Protective; Energetic; Affectionate,0,1,0,1,0,0,1,0,1,1,0,1,0,0,1,0,1,0,0,0,0,0.333333,0,0,0,1,0,0,0,1,1,1,0,1,0,1,0,0,0,1
Toothless,cat,Domestic Shorthair Mix,kitten_puppy,Black,Energetic; Playful; Affectionate,house_with_yard,moderate,experienced,0,0,4_7,Friendly; Playful,0,1,0,0,1,0,0,1,0,0,0,1,0,0,0,1,1,0,0,0,0,0.408248,0,1,0,0,0,1,0,0,0,0,0,1,0,1,0,1,0,1
Oliver,cat,Domestic Shorthair Mix,kitten_puppy,Tabby,Energetic; Playful; Affectionate,apartment,moderate,experienced,1,1,4_7,Shy; Protective; Calm,1,0,0,0,1,0,0,1,1,1,0,1,0,1,0,1,1,0,0,0,0,0.0,0,0,1,0,1,0,0,0,1,0,0,1,0,1,0,1,0,1
*Fiera,dog,Dalmatian Mix,young,Black,Friendly; Energetic; Playful,house_no_yard,moderate,first_time,0,0,8_plus,Protective; Independent,0,0,1,0,1,0,1,0,0,0,0,0,1,1,1,0,0,1,0,0,0,0.0,0,0,0,0,0,0,1,0,1,1,0,1,0,1,0,0,0,0
Mason,cat,Domestic Medium Hair Mix,kitten_puppy,Orange,Energetic; Playful; Affectionate,house_with_yard,high,experienced,0,0,0_3,Shy; Independent; Protective,0,1,0,0,0,1,0,1,0,0,1,0,0,0,0,1,1,0,0,0,0,0.0,0,0,0,0,1,0,1,0,1,0,0,1,0,1,0,1,0,1
Shelter Rescue,cat,Domestic Medium Hair Mix,kitten_puppy,White,Energetic; Playful; Affectionate,house_with_yard,high,first_time,1,0,8_plus,Independent; Energetic; Protective,0,1,0,0,0,1,1,0,1,0,0,0,1,0,0,1,1,0,0,0,0,0.333333,1,0,0,1,0,0,1,0,1,0,0,1,0,1,0,1,0,1
Lincoln,dog,Beagle/Pug,young,Brown,Friendly; Calm; Energetic; Playful; Affectionate,house_no_yard,moderate,experienced,1,1,0_3,Playful,0,0,1,0,1,0,0,1,1,1,1,0,0,0,1,0,0,1,0,0,0,0.447214,1,0,0,0,0,1,0,0,0,1,1,1,0,1,0,1,0,1
*Leo,cat,Domestic Shorthair Mix,kitten_puppy,Orange,Energetic; Playful; Affectionate,apartment,relaxed,experienced,1,0,0_3,Playful; Independent,1,0,0,1,0,0,0,1,1,0,1,0,0,0,0,1,1,0,0,0,0,0.408248,1,0,0,0,0,1,1,0,0,0,0,1,0,1,0,1,0,1
*South,dog,Labrador Retriever/Australian Shepherd,kitten_puppy,Black,Friendly; Energetic; Playful; Affectionate; Protective,house_with_yard,high,first_time,0,0,4_7,Independent; Energetic,0,1,0,0,0,1,1,0,0,0,0,1,0,0,1,0,1,0,0,0,0,0.316228,0,0,0,1,0,0,1,0,0,1,0,1,0,1,0,1,1,1
Mccree,dog,German Shepherd Mix,young,Black,Friendly; Energetic; Playful; Protective,house_no_yard,moderate,experienced,0,1,8_plus,Calm; Friendly; Shy,0,0,1,0,1,0,0,1,0,1,0,0,1,0,1,0,0,1,0,0,0,0.288675,0,1,1,0,1,0,0,0,0,1,0,1,0,1,0,0,1,0
Darcey,dog,Dachshund/Beagle,adult,White,Friendly; Calm; Playful; Affectionate,house_with_yard,moderate,first_time,0,1,4_7,Playful; Energetic; Independent,0,1,0,0,1,0,1,0,0,1,0,1,0,0,1,0,0,0,1,0,0,0.288675,0,0,0,1,0,1,1,0,0,1,1,0,0,1,0,1,0,1
*Highway,cat,Domestic Shorthair Mix,kitten_puppy,Tricolor,Energetic; Playful; Affectionate,house_with_yard,relaxed,experienced,0,0,0_3,Protective; Friendly; Playful,0,1,0,1,0,0,0,1,0,0,1,0,0,0,0,1,1,0,0,0,0,0.333333,1,1,0,0,0,1,0,0,1,0,0,1,0,1,0,1,0,1
*Trooper,dog,Labrador Retriever Mix,kitten_puppy,Black,Friendly; Energetic; Playful; Affectionate,house_with_yard,high,first_time,0,1,0_3,Friendly,0,1,0,0,0,1,1,0,0,1,1,0,0,0,1,0,1,0,0,0,0,0.5,1,1,0,0,0,0,0,0,0,1,0,1,0,1,0,1,0,1
Oliver,dog,Yorkshire Terrier,senior,Gray,Friendly; Calm; Energetic; Independent; Affectionate,house_no_yard,high,first_time,0,1,8_plus,Calm,0,0,1,0,0,1,1,0,0,1,0,0,1,0,1,0,0,0,0,1,0,0.447214,0,0,1,0,0,0,0,0,0,1,1,1,0,0,1,1,0,1
Toby,dog,Cairn Terrier Mix,adult,Brown,Friendly; Energetic; Affectionate,apartment,relaxed,experienced,1,0,0_3,Shy; Protective,1,0,0,1,0,0,0,1,1,0,1,0,0,0,1,0,0,0,1,0,0,0.0,0,0,0,0,1,0,0,0,1,1,0,1,0,0,0,1,0,0
*Reno,dog,Queensland Heeler Mix,kitten_puppy,Black,Friendly; Energetic; Playful,house_with_yard,relaxed,experienced,0,1,8_plus,Playful,0,1,0,1,0,0,0,1,0,1,0,0,1,1,1,0,1,0,0,0,0,0.57735,0,0,0,0,0,1,0,0,0,1,0,1,0,1,0,0,0,1
*Dylan,cat,Domestic Shorthair Mix,young,Tabby,Calm; Independent; Affectionate,apartment,high,experienced,0,1,0_3,Independent,1,0,0,0,0,1,0,1,0,1,1,0,0,0,0,1,0,1,0,0,0,0.57735,0,0,0,0,0,0,1,0,0,0,1,0,0,0,1,1,0,1
*Amelia,cat,Domestic Shorthair Mix,kitten_puppy,Black,Energetic; Playful; Affectionate,apartment,high,experienced,1,1,0_3,Playful; Shy,1,0,0,0,0,1,0,1,1,1,1,0,0,0,0,1,1,0,0,0,0,0.408248,0,0,0,0,1,1,0,0,0,0,0,1,0,1,0,1,0,1
*Lucy,dog,Catahoula Mix,young,Brown,Friendly; Energetic; Playful,house_with_yard,moderate,experienced,1,1,8_plus,Calm; Protective; Playful,0,1,0,0,1,0,0,1,1,1,0,0,1,0,1,0,0,1,0,0,0,0.333333,0,0,1,0,0,1,0,0,1,1,0,1,0,1,0,0,0,1
*Yoshi,dog,Dachshund Wirehair Mix,kitten_puppy,White,Friendly; Calm; Energetic; Playful; Affectionate,apartment,high,experienced,1,0,4_7,Protective; Friendly,1,0,0,0,0,1,0,1,1,0,0,1,0,0,1,0,1,0,0,0,0,0.316228,0,1,0,0,0,0,0,0,1,1,1,1,0,1,0,1,0,1
Jasmine,dog,German Shepherd/Labrador Retriever,kitten_puppy,White,Friendly; Energetic; Playful; Affectionate; Protective,apartment,high,experienced,1,0,8_plus,Friendly; Playful; Energetic,1,0,0,0,0,1,0,1,1,0,0,0,1,0,1,0,1,0,0,0,0,0.774597,0,1,0,1,0,1,0,0,0,1,0,1,0,1,0,1,1,0
*Flower,dog,Labrador Retriever Mix,kitten_puppy,Black,Friendly; Energetic; Playful; Affectionate,house_no_yard,relaxed,experienced,0,0,0_3,Playful; Protective; Calm,0,0,1,1,0,0,0,1,0,0,1,0,0,0,1,0,1,0,0,0,0,0.288675,1,0,1,0,0,1,0,0,1,1,0,1,0,1,0,1,0,1
*Alessandra,cat,Domestic Shorthair Mix,kitten_puppy,Black,Energetic; Playful; Affectionate,house_with_yard,high,experienced,0,0,0_3,Energetic,0,1,0,0,0,1,0,1,0,0,1,0,0,0,0,1,1,0,0,0,0,0.57735,0,0,0,1,0,0,0,0,0,0,0,1,0,1,0,1,0,1
Udo,dog,German Shepherd Mix,kitten_puppy,Black,Friendly; Energetic; Playful; Protective,house_no_yard,high,experienced,0,0,8_plus,Energetic; Playful,0,0,1,0,0,1,0,1,0,0,0,0,1,0,1,0,1,0,0,0,0,0.707107,0,0,0,1,0,1,0,0,0,1,0,1,0,1,0,0,1,0
Rover,dog,Border Terrier Mix,adult,Brown,Friendly; Energetic; Affectionate,house_with_yard,moderate,first_time,1,1,8_plus,Protective,0,1,0,0,1,0,1,0,1,1,0,0,1,0,1,0,0,0,1,0,0,0.0,0,0,0,0,0,0,0,0,1,1,0,1,0,0,0,1,0,1
Shelter Rescue,cat,Domestic Shorthair Mix,adult,Orange,Calm; Independent; Affectionate,house_no_yard,moderate,first_time,0,0,8_plus,Energetic; Playful,0,0,1,0,1,0,1,0,0,0,0,0,1,0,0,1,0,0,1,0,0,0.0,0,0,0,1,0,1,0,0,0,0,1,0,0,0,1,1,0,1
*Bosley,cat,Domestic Shorthair Mix,kitten_puppy,Gray,Energetic; Playful; Affectionate,apartment,relaxed,experienced,0,1,0_3,Protective; Playful; Friendly,1,0,0,1,0,0,0,1,0,1,1,0,0,0,0,1,1,0,0,0,0,0.333333,0,1,0,0,0,1,0,0,1,0,0,1,0,1,0,1,0,1
Raven,dog,Pit Bull Mix,kitten_puppy,White,Friendly; Energetic; Playful,house_with_yard,relaxed,first_time,0,0,8_plus,Energetic; Independent; Playful,0,1,0,1,0,0,1,0,0,0,0,0,1,0,1,0,1,0,0,0,0,0.666667,0,0,0,1,0,1,1,0,0,1,0,1,0,1,0,0,0,1
*Aoi,cat,Russian Blue Mix,kitten_puppy,Gray,Energetic; Playful; Affectionate,house_with_yard,high,experienced,0,0,0_3,Calm; Shy; Energetic,0,1,0,0,0,1,0,1,0,0,1,0,0,0,0,1,1,0,0,0,0,0.333333,0,0,1,1,1,0,0,0,0,0,0,1,0,1,0,1,0,1
*Robinson,dog,Black Mouth Cur Mix,young,White,Friendly; Energetic; Playful,house_no_yard,relaxed,experienced,0,0,8_plus,Playful,0,0,1,1,0,0,0,1,0,0,0,0,1,0,1,0,0,1,0,0,0,0.57735,0,0,0,0,0,1,0,0,0,1,0,1,0,1,0,0,0,0
Shelter Rescue,dog,Chihuahua Shorthair Mix,adult,Brown,Friendly; Calm; Affectionate,house_no_yard,relaxed,experienced,0,1,0_3,Playful,0,0,1,1,0,0,0,1,0,1,1,0,0,0,1,0,0,0,1,0,0,0.0,0,0,0,0,0,1,0,0,0,1,1,0,0,0,0,1,0,1
Roxy,dog,Staffordshire Mix,young,White,Friendly; Energetic; Playful,house_with_yard,high,experienced,0,0,8_plus,Friendly; Energetic,0,1,0,0,0,1,0,1,0,0,0,0,1,0,1,0,0,1,0,0,0,0.816497,0,1,0,1,0,0,0,0,0,1,0,1,0,1,0,0,0,1
Skyy,dog,Pit Bull Mix,adult,Black,Friendly; Energetic; Affectionate,house_with_yard,moderate,first_time,1,0,8_plus,Shy; Friendly; Playful,0,1,0,0,1,0,1,0,1,0,0,0,1,0,1,0,0,0,1,0,0,0.333333,0,1,0,0,1,1,0,0,0,1,0,1,0,0,0,1,0,1
Sadie,cat,Domestic Shorthair Mix,adult,Tricolor,Calm; Independent; Affectionate,house_no_yard,high,experienced,1,1,0_3,Energetic; Friendly,0,0,1,0,0,1,0,1,1,1,1,0,0,0,0,1,0,0,1,0,0,0.0,0,1,0,1,0,0,0,0,0,0,1,0,0,0,1,1,0,0
*Ivan,cat,Domestic Shorthair Mix,young,White,Calm; Independent; Affectionate,house_no_yard,moderate,first_time,1,0,0_3,Energetic; Calm,0,0,1,0,1,0,1,0,1,0,1,0,0,0,0,1,0,1,0,0,0,0.408248,1,0,1,1,0,0,0,0,0,0,1,0,0,0,1,1,0,1
Sloan,dog,Labrador Retriever Mix,young,Black,Friendly; Energetic; Playful; Affectionate,house_with_yard,high,first_time,0,0,0_3,Affectionate,0,1,0,0,0,1,1,0,0,0,1,0,0,1,1,0,0,1,0,0,0,0.5,0,0,0,0,0,0,0,1,0,1,0,1,0,1,0,1,0,1
*Phoebe,cat,Domestic Shorthair Mix,kitten_puppy,White,Energetic; Playful; Affectionate,house_no_yard,moderate,first_time,0,0,4_7,Shy; Friendly,0,0,1,0,1,0,1,0,0,0,0,1,0,0,0,1,1,0,0,0,0,0.0,0,1,0,0,1,0,0,0,0,0,0,1,0,1,0,1,0,0
Max,dog,Labrador Retriever Mix,young,White,Friendly; Energetic; Playful; Affectionate,house_no_yard,moderate,experienced,1,1,4_7,Friendly; Playful,0,0,1,0,1,0,0,1,1,1,0,1,0,0,1,0,0,1,0,0,0,0.707107,0,1,0,0,0,1,0,0,0,1,0,1,0,1,0,1,0,1
Chiquita,dog,Cairn Terrier/Chihuahua Shorthair,kitten_puppy,White,Friendly; Calm; Energetic; Playful; Affectionate,apartment,moderate,experienced,0,0,8_plus,Playful; Independent; Shy,1,0,0,0,1,0,0,1,0,0,0,0,1,0,1,0,1,0,0,0,0,0.258199,0,0,0,0,1,1,1,0,0,1,1,1,0,1,0,1,0,0
Riley,dog,Golden Retriever/Labrador Retriever,young,Orange,Friendly; Energetic; Playful; Affectionate,house_no_yard,relaxed,first_time,1,0,8_plus,Shy; Friendly,0,0,1,1,0,0,1,0,1,0,0,0,1,0,1,0,0,1,0,0,0,0.353553,0,1,0,0,1,0,0,0,0,1,0,1,0,1,0,1,0,1
*Abby,dog,Beagle Mix,adult,Tricolor,Friendly; Playful; Affectionate,house_with_yard,moderate,experienced,0,0,0_3,Calm,0,1,0,0,1,0,0,1,0,0,1,0,0,0,1,0,0,0,1,0,0,0.0,0,0,1,0,0,0,0,0,0,1,0,0,0,1,0,1,0,1
Molly,cat,Domestic Shorthair Mix,kitten_puppy,Gray,Energetic; Playful; Affectionate,apartment,relaxed,first_time,0,0,8_plus,Friendly,1,0,0,1,0,0,1,0,0,0,0,0,1,0,0,1,1,0,0,0,0,0.0,0,1,0,0,0,0,0,0,0,0,0,1,0,1,0,1,0,0
*Murphy,dog,Australian Shepherd Mix,young,Black,Friendly; Energetic; Playful; Protective,apartment,relaxed,experienced,0,1,4_7,Calm; Independent; Shy,1,0,0,1,0,0,0,1,0,1,0,1,0,0,1,0,0,1,0,0,0,0.0,1,0,1,0,1,0,1,0,0,1,0,1,0,1,0,0,1,0
Booker,dog,Dutch Shepherd/Anatol Shepherd,young,White,Friendly; Energetic; Playful; Protective,apartment,high,first_time,0,1,0_3,Playful; Energetic,1,0,0,0,0,1,1,0,0,1,1,0,0,0,1,0,0,1,0,0,0,0.707107,0,0,0,1,0,1,0,0,0,1,0,1,0,1,0,0,1,1
Chico,dog,Pit Bull Mix,kitten_puppy,White,Friendly; Energetic; Playful,house_with_yard,relaxed,first_time,1,0,4_7,Affectionate; Energetic,0,1,0,1,0,0,1,0,1,0,0,1,0,1,1,0,1,0,0,0,0,0.408248,1,0,0,1,0,0,0,1,0,1,0,1,0,1,0,0,0,1
Einstein,dog,Great Pyrenees/Labrador Retriever,kitten_puppy,White,Friendly; Energetic; Playful; Affectionate,house_no_yard,high,experienced,1,0,0_3,Affectionate,0,0,1,0,0,1,0,1,1,0,1,0,0,0,1,0,1,0,0,0,0,0.5,0,0,0,0,0,0,0,1,0,1,0,1,0,1,0,1,0,1
Paul,cat,Domestic Shorthair Mix,adult,Black,Calm; Independent; Affectionate,apartment,moderate,experienced,1,0,4_7,Friendly; Affectionate; Calm,1,0,0,0,1,0,0,1,1,0,0,1,0,0,0,1,0,0,1,0,0,0.666667,0,1,1,0,0,0,0,1,0,0,1,0,0,0,1,1,0,1
*Pink,dog,Pit Bull Mix,adult,Black,Friendly; Energetic; Affectionate,house_with_yard,moderate,first_time,1,0,8_plus,Friendly,0,1,0,0,1,0,1,0,1,0,0,0,1,1,1,0,0,0,1,0,0,0.57735,0,1,0,0,0,0,0,0,0,1,0,1,0,0,0,1,0,1
*Fitz,cat,Domestic Shorthair Mix,kitten_puppy,Black,Energetic; Playful; Affectionate,house_no_yard,relaxed,experienced,1,0,4_7,Independent; Friendly; Playful,0,0,1,1,0,0,0,1,1,0,0,1,0,1,0,1,1,0,0,0,0,0.333333,0,1,0,0,0,1,1,0,0,0,0,1,0,1,0,1,0,0
Garrus,cat,Domestic Medium Hair Mix,kitten_puppy,Black,Energetic; Playful; Affectionate,house_no_yard,high,experienced,0,0,0_3,Protective; Independent,0,0,1,0,0,1,0,1,0,0,1,0,0,0,0,1,1,0,0,0,0,0.0,0,0,0,0,0,0,1,0,1,0,0,1,0,1,0,1,0,1
Pee Wee,cat,Domestic Shorthair Mix,young,Black,Calm; Independent; Affectionate,house_with_yard,relaxed,experienced,0,0,4_7,Playful; Energetic; Friendly,0,1,0,1,0,0,0,1,0,0,0,1,0,1,0,1,0,1,0,0,0,0.0,0,1,0,1,0,1,0,0,0,0,1,0,0,0,1,1,0,0
Capone,dog,Pit Bull Mix,kitten_puppy,White,Friendly; Energetic; Playful,apartment,moderate,first_time,1,1,0_3,Energetic; Playful,1,0,0,0,1,0,1,0,1,1,1,0,0,0,1,0,1,0,0,0,0,0.816497,0,0,0,1,0,1,0,0,0,1,0,1,0,1,0,0,0,1
Shelter Rescue,dog,Dachshund Mix,young,Orange,Friendly; Calm; Energetic; Playful; Affectionate,house_with_yard,moderate,first_time,1,0,8_plus,Playful,0,1,0,0,1,0,1,0,1,0,0,0,1,0,1,0,0,1,0,0,0,0.447214,0,0,0,0,0,1,0,0,0,1,1,1,0,1,0,1,0,1
*Mario,cat,Domestic Longhair Mix,kitten_puppy,Orange,Energetic; Playful; Affectionate,house_no_yard,relaxed,first_time,1,0,0_3,Affectionate,0,0,1,1,0,0,1,0,1,0,1,0,0,1,0,1,1,0,0,0,0,0.57735,0,0,0,0,0,0,0,1,0,0,0,1,0,1,0,1,0,1
*Glenda,dog,Rat Terrier/Chihuahua Shorthair,young,Tricolor,Friendly; Calm; Energetic; Playful; Affectionate,house_no_yard,high,experienced,0,0,8_plus,Playful,0,0,1,0,0,1,0,1,0,0,0,0,1,0,1,0,0,1,0,0,0,0.447214,0,0,0,0,0,1,0,0,0,1,1,1,0,1,0,1,0,1
Chia,cat,Japanese Bobtail Mix,kitten_puppy,Tricolor,Energetic; Playful; Affectionate,apartment,high,experienced,0,0,0_3,Energetic; Calm; Playful,1,0,0,0,0,1,0,1,0,0,1,0,0,0,0,1,1,0,0,0,0,0.666667,0,0,1,1,0,1,0,0,0,0,0,1,0,1,0,1,0,1
Shelter Rescue,cat,Devon Rex Mix,adult,Brown,Calm; Independent; Affectionate,apartment,relaxed,first_time,0,0,4_7,Protective,1,0,0,1,0,0,1,0,0,0,0,1,0,0,0,1,0,0,1,0,0,0.0,0,0,0,0,0,0,0,0,1,0,1,0,0,0,1,1,0,1
*Wellington,cat,Domestic Medium Hair Mix,adult,Orange,Calm; Independent; Affectionate,house_no_yard,moderate,experienced,0,0,0_3,Affectionate; Shy,0,0,1,0,1,0,0,1,0,0,1,0,0,1,0,1,0,0,1,0,0,0.408248,0,0,0,0,1,0,0,1,0,0,1,0,0,0,1,1,0,1
Shelter Rescue,dog,Australian Shepherd Mix,kitten_puppy,Black,Friendly; Energetic; Playful; Protective,house_no_yard,high,first_time,0,1,4_7,Calm; Energetic; Friendly,0,0,1,0,0,1,1,0,0,1,0,1,0,0,1,0,1,0,0,0,0,0.57735,0,1,1,1,0,0,0,0,0,1,0,1,0,1,0,0,1,1
Abby,dog,Dachshund Mix,young,Brown,Friendly; Calm; Energetic; Playful; Affectionate,house_no_yard,moderate,experienced,1,1,4_7,Friendly; Calm,0,0,1,0,1,0,0,1,1,1,0,1,0,1,1,0,0,1,0,0,0,0.632456,0,1,1,0,0,0,0,0,0,1,1,1,0,1,0,1,0,1
*Nevil,cat,Domestic Medium Hair Mix,adult,Orange,Calm; Independent; Affectionate,apartment,high,experienced,0,1,8_plus,Affectionate; Playful,1,0,0,0,0,1,0,1,0,1,0,0,1,0,0,1,0,0,1,0,0,0.408248,0,0,0,0,0,1,0,1,0,0,1,0,0,0,1,1,0,1
*Sif,dog,Pointer Mix,kitten_puppy,Black,Friendly; Energetic; Playful,house_no_yard,high,experienced,0,1,8_plus,Shy,0,0,1,0,0,1,0,1,0,1,0,0,1,0,1,0,1,0,0,0,0,0.0,0,0,0,0,1,0,0,0,0,1,0,1,0,1,0,0,0,0
Buddy,dog,American Pit Bull Terrier Mix,young,White,Friendly; Energetic; Playful,house_with_yard,moderate,experienced,1,1,4_7,Shy; Independent; Affectionate,0,1,0,0,1,0,0,1,1,1,0,1,0,0,1,0,0,1,0,0,0,0.0,1,0,0,0,1,0,1,1,0,1,0,1,0,1,0,0,0,1
*Ryder,dog,Labrador Retriever/Beagle,adult,White,Friendly; Playful; Affectionate,house_no_yard,relaxed,experienced,1,1,4_7,Friendly,0,0,1,1,0,0,0,1,1,1,0,1,0,1,1,0,0,0,1,0,0,0.57735,1,1,0,0,0,0,0,0,0,1,0,0,0,1,0,1,0,1
Dakota,dog,Silky Terrier,senior,Black,Friendly; Calm; Energetic; Independent; Affectionate,apartment,relaxed,first_time,1,1,0_3,Friendly,1,0,0,1,0,0,1,0,1,1,1,0,0,0,1,0,0,0,0,1,0,0.447214,1,1,0,0,0,0,0,0,0,1,1,1,0,0,1,1,0,1
Lady White,dog,Pit Bull Mix,kitten_puppy,Brown,Friendly; Energetic; Playful,house_no_yard,moderate,first_time,0,1,0_3,Protective,0,0,1,0,1,0,1,0,0,1,1,0,0,0,1,0,1,0,0,0,0,0.0,0,0,0,0,0,0,0,0,1,1,0,1,0,1,0,0,0,1
Daisy,cat,Snowshoe Mix,kitten_puppy,Brown,Energetic; Playful; Affectionate,apartment,relaxed,first_time,1,0,8_plus,Friendly,1,0,0,1,0,0,1,0,1,0,0,0,1,1,0,1,1,0,0,0,0,0.0,0,1,0,0,0,0,0,0,0,0,0,1,0,1,0,1,0,0
Sassy,cat,Domestic Shorthair,adult,Tricolor,Calm; Independent; Affectionate,house_no_yard,high,experienced,0,1,0_3,Shy; Playful; Energetic,0,0,1,0,0,1,0,1,0,1,1,0,0,0,0,1,0,0,1,0,0,0.0,1,0,0,1,1,1,0,0,0,0,1,0,0,0,1,1,0,1
Shelter Rescue,cat,Domestic Shorthair Mix,kitten_puppy,Tabby,Energetic; Playful; Affectionate,apartment,moderate,first_time,0,1,0_3,Energetic; Friendly,1,0,0,0,1,0,1,0,0,1,1,0,0,0,0,1,1,0,0,0,0,0.408248,1,1,0,1,0,0,0,0,0,0,0,1,0,1,0,1,0,1
*Jasmine,cat,Domestic Shorthair Mix,kitten_puppy,Black,Energetic; Playful; Affectionate,house_with_yard,moderate,first_time,1,1,0_3,Playful,0,1,0,0,1,0,1,0,1,1,1,0,0,0,0,1,1,0,0,0,0,0.57735,0,0,0,0,0,1,0,0,0,0,0,1,0,1,0,1,0,1
*Bogo,dog,Australian Cattle Dog/Labrador Retriever,young,Brown,Friendly; Energetic; Playful; Affectionate,apartment,relaxed,first_time,0,1,0_3,Affectionate,1,0,0,1,0,0,1,0,0,1,1,0,0,0,1,0,0,1,0,0,0,0.5,0,0,0,0,0,0,0,1,0,1,0,1,0,1,0,1,0,1
Zeus,dog,Pit Bull Mix,young,White,Friendly; Energetic; Playful,apartment,moderate,first_time,0,1,0_3,Independent; Playful,1,0,0,0,1,0,1,0,0,1,1,0,0,0,1,0,0,1,0,0,0,0.408248,0,0,0,0,0,1,1,0,0,1,0,1,0,1,0,0,0,0
Pablo,cat,Domestic Shorthair Mix,young,White,Calm; Independent; Affectionate,house_with_yard,moderate,experienced,0,1,4_7,Calm,0,1,0,0,1,0,0,1,0,1,0,1,0,0,0,1,0,1,0,0,0,0.57735,1,0,1,0,0,0,0,0,0,0,1,0,0,0,1,1,0,1
*Cookie,cat,Domestic Shorthair Mix,kitten_puppy,Tricolor,Energetic; Playful; Affectionate,apartment,high,experienced,0,0,4_7,Affectionate,1,0,0,0,0,1,0,1,0,0,0,1,0,0,0,1,1,0,0,0,0,0.57735,1,0,0,0,0,0,0,1,0,0,0,1,0,1,0,1,0,1
Cheyenne,dog,Australian Cattle Dog Mix,kitten_puppy,Black,Friendly; Energetic; Playful,house_no_yard,moderate,first_time,0,1,0_3,Playful; Protective; Shy,0,0,1,0,1,0,1,0,0,1,1,0,0,1,1,0,1,0,0,0,0,0.333333,0,0,0,0,1,1,0,0,1,1,0,1,0,1,0,0,0,1
Shelter Rescue,dog,Boxer Mix,kitten_puppy,White,Friendly; Energetic; Playful,apartment,high,experienced,1,1,8_plus,Independent,1,0,0,0,0,1,0,1,1,1,0,0,1,0,1,0,1,0,0,0,0,0.0,1,0,0,0,0,0,1,0,0,1,0,1,0,1,0,0,0,0
Petey,dog,Jack Russell Terrier Mix,young,White,Friendly; Energetic; Playful,house_with_yard,moderate,experienced,0,0,4_7,Affectionate,0,1,0,0,1,0,0,1,0,0,0,1,0,1,1,0,0,1,0,0,0,0.0,0,0,0,0,0,0,0,1,0,1,0,1,0,1,0,0,0,0
*Hailey,dog,Pit Bull Mix,young,White,Friendly; Energetic; Playful,house_with_yard,relaxed,experienced,1,0,0_3,Friendly,0,1,0,1,0,0,0,1,1,0,1,0,0,0,1,0,0,1,0,0,0,0.57735,0,1,0,0,0,0,0,0,0,1,0,1,0,1,0,0,0,1
Penelope,dog,Labrador Retriever Mix,kitten_puppy,Black,Friendly; Energetic; Playful; Affectionate,house_no_yard,moderate,first_time,1,1,0_3,Playful,0,0,1,0,1,0,1,0,1,1,1,0,0,0,1,0,1,0,0,0,0,0.5,0,0,0,0,0,1,0,0,0,1,0,1,0,1,0,1,0,1
Shelter Rescue,cat,Domestic Medium Hair Mix,kitten_puppy,White,Energetic; Playful; Affectionate,apartment,high,experienced,1,0,0_3,Energetic; Calm,1,0,0,0,0,1,0,1,1,0,1,0,0,0,0,1,1,0,0,0,0,0.408248,0,0,1,1,0,0,0,0,0,0,0,1,0,1,0,1,0,1
Eddie,dog,Dachshund Mix,adult,Orange,Friendly; Calm; Affectionate,apartment,high,experienced,0,0,0_3,Affectionate; Energetic; Protective,1,0,0,0,0,1,0,1,0,0,1,0,0,1,1,0,0,0,1,0,0,0.333333,1,0,0,1,0,0,0,1,1,1,1,0,0,0,0,1,0,1
Ginger,dog,American Bulldog Mix,kitten_puppy,Tricolor,Friendly; Energetic; Playful,house_no_yard,moderate,experienced,0,0,0_3,Protective; Playful,0,0,1,0,1,0,0,1,0,0,1,0,0,0,1,0,1,0,0,0,0,0.408248,0,0,0,0,0,1,0,0,1,1,0,1,0,1,0,0,0,1
*Micro,cat,Domestic Shorthair Mix,kitten_puppy,Black,Energetic; Playful; Affectionate,apartment,high,experienced,1,0,0_3,Friendly; Protective,1,0,0,0,0,1,0,1,1,0,1,0,0,0,0,1,1,0,0,0,0,0.0,0,1,0,0,0,0,0,0,1,0,0,1,0,1,0,1,0,1
Max,dog,German Shepherd Mix,adult,Brown,Friendly; Energetic; Affectionate; Protective,apartment,high,first_time,1,1,4_7,Protective,1,0,0,0,0,1,1,0,1,1,0,1,0,1,1,0,0,0,1,0,0,0.5,0,0,0,0,0,0,0,0,1,1,0,1,0,0,0,1,1,1
Hazel,dog,Australian Cattle Dog Mix,adult,White,Friendly; Affectionate,apartment,relaxed,first_time,1,0,0_3,Protective,1,0,0,1,0,0,1,0,1,0,1,0,0,0,1,0,0,0,1,0,0,0.0,1,0,0,0,0,0,0,0,1,1,0,0,0,0,0,1,0,1
Sunshine,cat,Domestic Shorthair Mix,kitten_puppy,Orange,Energetic; Playful; Affectionate,house_no_yard,moderate,first_time,0,0,8_plus,Protective; Calm,0,0,1,0,1,0,1,0,0,0,0,0,1,1,0,1,1,0,0,0,0,0.0,0,0,1,0,0,0,0,0,1,0,0,1,0,1,0,1,0,0
*Wintress,cat,Domestic Shorthair Mix,kitten_puppy,Tabby,Energetic; Playful; Affectionate,house_with_yard,high,first_time,1,1,0_3,Calm; Friendly; Affectionate,0,1,0,0,0,1,1,0,1,1,1,0,0,0,0,1,1,0,0,0,0,0.333333,0,1,1,0,0,0,0,1,0,0,0,1,0,1,0,1,0,1
Murphy,cat,Domestic Shorthair Mix,adult,White,Calm; Independent; Affectionate,house_with_yard,moderate,experienced,1,1,8_plus,Playful; Energetic; Friendly,0,1,0,0,1,0,0,1,1,1,0,0,1,0,0,1,0,0,1,0,0,0.0,0,1,0,1,0,1,0,0,0,0,1,0,0,0,1,1,0,0
*Bonnie,dog,Chihuahua Shorthair Mix,young,White,Friendly; Calm; Energetic; Playful; Affectionate,apartment,moderate,experienced,1,0,0_3,Shy; Energetic,1,0,0,0,1,0,0,1,1,0,1,0,0,0,1,0,0,1,0,0,0,0.316228,0,0,0,1,1,0,0,0,0,1,1,1,0,1,0,1,0,1
*Kiwi,cat,Domestic Longhair Mix,kitten_puppy,White,Energetic; Playful; Affectionate,house_with_yard,moderate,experienced,0,1,4_7,Calm; Shy,0,1,0,0,1,0,0,1,0,1,0,1,0,1,0,1,1,0,0,0,0,0.0,0,0,1,0,1,0,0,0,0,0,0,1,0,1,0,1,0,1
*Mance,cat,Domestic Shorthair Mix,kitten_puppy,Gray,Energetic; Playful; Affectionate,house_no_yard,moderate,experienced,1,1,8_plus,Shy; Playful; Friendly,0,0,1,0,1,0,0,1,1,1,0,0,1,0,0,1,1,0,0,0,0,0.333333,0,1,0,0,1,1,0,0,0,0,0,1,0,1,0,1,0,0
*Durant,cat,Domestic Shorthair Mix,kitten_puppy,Black,Energetic; Playful; Affectionate,apartment,moderate,first_time,1,0,8_plus,Calm; Affectionate,1,0,0,0,1,0,1,0,1,0,0,0,1,0,0,1,1,0,0,0,0,0.408248,0,0,1,0,0,0,0,1,0,0,0,1,0,1,0,1,0,0
*Elton,dog,Chow Chow/American Eskimo,adult,White,Friendly; Affectionate,house_with_yard,high,first_time,0,1,0_3,Independent; Protective; Playful,0,1,0,0,0,1,1,0,0,1,1,0,0,0,1,0,0,0,1,0,0,0.0,0,0,0,0,0,1,1,0,1,1,0,0,0,0,0,1,0,1
Lola,cat,Domestic Longhair Mix,kitten_puppy,Tabby,Energetic; Playful; Affectionate,house_with_yard,moderate,first_time,1,0,8_plus,Playful; Protective,0,1,0,0,1,0,1,0,1,0,0,0,1,1,0,1,1,0,0,0,0,0.408248,0,0,0,0,0,1,0,0,1,0,0,1,0,1,0,1,0,0
*Olivia,cat,Domestic Shorthair Mix,young,White,Calm; Independent; Affectionate,house_no_yard,moderate,experienced,0,0,0_3,Energetic; Friendly,0,0,1,0,1,0,0,1,0,0,1,0,0,0,0,1,0,1,0,0,0,0.0,0,1,0,1,0,0,0,0,0,0,1,0,0,0,1,1,0,0
*Max,cat,Domestic Shorthair Mix,kitten_puppy,Gray,Energetic; Playful; Affectionate,house_with_yard,high,experienced,0,1,4_7,Energetic,0,1,0,0,0,1,0,1,0,1,0,1,0,0,0,1,1,0,0,0,0,0.57735,0,0,0,1,0,0,0,0,0,0,0,1,0,1,0,1,0,1
Oscar,dog,Border Terrier Mix,kitten_puppy,Gray,Friendly; Energetic; Playful,house_with_yard,relaxed,experienced,0,1,0_3,Friendly; Calm; Independent,0,1,0,1,0,0,0,1,0,1,1,0,0,0,1,0,1,0,0,0,0,0.333333,0,1,1,0,0,0,1,0,0,1,0,1,0,1,0,0,0,1
*Meg,dog,English Pointer Mix,kitten_puppy,White,Friendly; Energetic; Playful,apartment,moderate,first_time,1,1,4_7,Friendly,1,0,0,0,1,0,1,0,1,1,0,1,0,1,1,0,1,0,0,0,0,0.57735,1,1,0,0,0,0,0,0,0,1,0,1,0,1,0,0,0,1
Oliver,cat,Domestic Shorthair Mix,young,Orange,Calm; Independent; Affectionate,apartment,relaxed,first_time,0,0,4_7,Protective; Playful; Independent,1,0,0,1,0,0,1,0,0,0,0,1,0,0,0,1,0,1,0,0,0,0.333333,0,0,0,0,0,1,1,0,1,0,1,0,0,0,1,1,0,1
Shelter Rescue,cat,American Shorthair Mix,kitten_puppy,Black,Energetic; Playful; Affectionate,house_with_yard,relaxed,experienced,0,1,4_7,Protective; Independent,0,1,0,1,0,0,0,1,0,1,0,1,0,1,0,1,1,0,0,0,0,0.0,0,0,0,0,0,0,1,0,1,0,0,1,0,1,0,1,0,1
Shelter Rescue,dog,Dachshund/Manchester Terrier,kitten_puppy,White,Friendly; Calm; Energetic; Playful; Affectionate,apartment,relaxed,experienced,0,0,4_7,Calm; Playful,1,0,0,1,0,0,0,1,0,0,0,1,0,0,1,0,1,0,0,0,0,0.632456,1,0,1,0,0,1,0,0,0,1,1,1,0,1,0,1,0,1
Shelter Rescue,cat,Domestic Shorthair Mix,kitten_puppy,Black,Energetic; Playful; Affectionate,house_no_yard,moderate,experienced,0,0,8_plus,Playful,0,0,1,0,1,0,0,1,0,0,0,0,1,0,0,1,1,0,0,0,0,0.57735,0,0,0,0,0,1,0,0,0,0,0,1,0,1,0,1,0,0
*Lobster,dog,Pit Bull Mix,young,Brown,Friendly; Energetic; Playful,apartment,moderate,first_time,1,0,0_3,Friendly; Protective; Shy,1,0,0,0,1,0,1,0,1,0,1,0,0,0,1,0,0,1,0,0,0,0.333333,0,1,0,0,1,0,0,0,1,1,0,1,0,1,0,0,0,0
*Lina,cat,Domestic Shorthair Mix,kitten_puppy,Black,Energetic; Playful; Affectionate,apartment,high,experienced,0,0,8_plus,Shy,1,0,0,0,0,1,0,1,0,0,0,0,1,0,0,1,1,0,0,0,0,0.0,0,0,0,0,1,0,0,0,0,0,0,1,0,1,0,1,0,0
*Fraggle,cat,Domestic Shorthair,kitten_puppy,Tabby,Energetic; Playful; Affectionate,house_no_yard,high,experienced,0,0,0_3,Calm; Energetic; Affectionate,0,0,1,0,0,1,0,1,0,0,1,0,0,0,0,1,1,0,0,0,0,0.666667,0,0,1,1,0,0,0,1,0,0,0,1,0,1,0,1,0,1
*Tortuga,cat,Domestic Medium Hair Mix,young,Tricolor,Calm; Independent; Affectionate,house_no_yard,moderate,experienced,0,0,0_3,Calm; Friendly,0,0,1,0,1,0,0,1,0,0,1,0,0,0,0,1,0,1,0,0,0,0.408248,1,1,1,0,0,0,0,0,0,0,1,0,0,0,1,1,0,1
*Jag,cat,Domestic Shorthair Mix,kitten_puppy,Black,Energetic; Playful; Affectionate,house_no_yard,high,experienced,1,1,8_plus,Protective,0,0,1,0,0,1,0,1,1,1,0,0,1,0,0,1,1,0,0,0,0,0.0,0,0,0,0,0,0,0,0,1,0,0,1,0,1,0,1,0,0
Shelter Rescue,cat,Domestic Medium Hair Mix,kitten_puppy,Orange,Energetic; Playful; Affectionate,apartment,relaxed,experienced,0,1,8_plus,Protective; Calm; Friendly,1,0,0,1,0,0,0,1,0,1,0,0,1,1,0,1,1,0,0,0,0,0.0,0,1,1,0,0,0,0,0,1,0,0,1,0,1,0,1,0,0
Shelter Rescue,dog,Chihuahua Shorthair/Jack Russell Terrier,kitten_puppy,Brown,Friendly; Calm; Energetic; Playful; Affectionate,apartment,relaxed,first_time,1,1,0_3,Energetic,1,0,0,1,0,0,1,0,1,1,1,0,0,1,1,0,1,0,0,0,0,0.447214,1,0,0,1,0,0,0,0,0,1,1,1,0,1,0,1,0,1
*Sabrina,cat,Domestic Shorthair Mix,kitten_puppy,Black,Energetic; Playful; Affectionate,house_no_yard,high,experienced,0,0,0_3,Energetic; Protective,0,0,1,0,0,1,0,1,0,0,1,0,0,0,0,1,1,0,0,0,0,0.408248,0,0,0,1,0,0,0,0,1,0,0,1,0,1,0,1,0,1
Remy,dog,Chihuahua Shorthair Mix,young,Black,Friendly; Calm; Energetic; Playful; Affectionate,apartment,high,experienced,0,1,4_7,Shy,1,0,0,0,0,1,0,1,0,1,0,1,0,1,1,0,0,1,0,0,0,0.0,0,0,0,0,1,0,0,0,0,1,1,1,0,1,0,1,0,1
*Cammie,dog,German Shepherd Mix,young,Black,Friendly; Energetic; Playful; Protective,house_no_yard,relaxed,experienced,1,1,4_7,Energetic,0,0,1,1,0,0,0,1,1,1,0,1,0,1,1,0,0,1,0,0,0,0.5,0,0,0,1,0,0,0,0,0,1,0,1,0,1,0,0,1,1
Copper,dog,Golden Retriever/Labrador Retriever,adult,White,Friendly; Playful; Affectionate,apartment,moderate,experienced,0,1,0_3,Independent; Protective; Shy,1,0,0,0,1,0,0,1,0,1,1,0,0,0,1,0,0,0,1,0,0,0.0,0,0,0,0,1,0,1,0,1,1,0,0,0,1,0,1,0,1
Buda,dog,Pit Bull Mix,young,White,Friendly; Energetic; Playful,apartment,moderate,experienced,0,1,0_3,Energetic,1,0,0,0,1,0,0,1,0,1,1,0,0,1,1,0,0,1,0,0,0,0.57735,0,0,0,1,0,0,0,0,0,1,0,1,0,1,0,0,0,0
Shelter Rescue,cat,Domestic Shorthair Mix,kitten_puppy,White,Energetic; Playful; Affectionate,house_with_yard,moderate,experienced,0,0,8_plus,Energetic,0,1,0,0,1,0,0,1,0,0,0,0,1,0,0,1,1,0,0,0,0,0.57735,1,0,0,1,0,0,0,0,0,0,0,1,0,1,0,1,0,1
Rory,dog,Great Pyrenees/Anatol Shepherd,young,White,Friendly; Energetic; Playful; Protective,house_with_yard,high,first_time,0,1,0_3,Independent; Energetic; Friendly,0,1,0,0,0,1,1,0,0,1,1,0,0,0,1,0,0,1,0,0,0,0.57735,0,1,0,1,0,0,1,0,0,1,0,1,0,1,0,0,1,1
Belle,dog,Pit Bull Mix,kitten_puppy,White,Friendly; Energetic; Playful,house_with_yard,high,first_time,0,1,4_7,Calm; Playful,0,1,0,0,0,1,1,0,0,1,0,1,0,0,1,0,1,0,0,0,0,0.408248,0,0,1,0,0,1,0,0,0,1,0,1,0,1,0,0,0,1
Brisk,dog,Boxer Mix,adult,White,Friendly; Energetic; Affectionate,house_with_yard,moderate,first_time,0,1,4_7,Independent; Playful; Energetic,0,1,0,0,1,0,1,0,0,1,0,1,0,1,1,0,0,0,1,0,0,0.333333,0,0,0,1,0,1,1,0,0,1,0,1,0,0,0,1,0,1
Chadwick,cat,Domestic Shorthair Mix,adult,Gray,Calm; Independent; Affectionate,apartment,moderate,experienced,0,1,4_7,Friendly; Independent,1,0,0,0,1,0,0,1,0,1,0,1,0,0,0,1,0,0,1,0,0,0.408248,1,1,0,0,0,0,1,0,0,0,1,0,0,0,1,1,0,1
Figaro,cat,Domestic Shorthair Mix,kitten_puppy,Black,Energetic; Playful; Affectionate,house_with_yard,high,experienced,0,0,8_plus,Energetic,0,1,0,0,0,1,0,1,0,0,0,0,1,0,0,1,1,0,0,0,0,0.57735,0,0,0,1,0,0,0,0,0,0,0,1,0,1,0,1,0,1
Shelter Rescue,cat,Domestic Shorthair Mix,kitten_puppy,Tabby,Energetic; Playful; Affectionate,house_no_yard,moderate,experienced,0,0,0_3,Protective; Friendly; Energetic,0,0,1,0,1,0,0,1,0,0,1,0,0,1,0,1,1,0,0,0,0,0.333333,1,1,0,1,0,0,0,0,1,0,0,1,0,1,0,1,0,1
*Jeffrey,cat,Domestic Shorthair Mix,kitten_puppy,Tabby,Energetic; Playful; Affectionate,apartment,high,first_time,0,0,8_plus,Playful; Calm,1,0,0,0,0,1,1,0,0,0,0,0,1,0,0,1,1,0,0,0,0,0.408248,0,0,1,0,0,1,0,0,0,0,0,1,0,1,0,1,0,0
Sirus,dog,Chihuahua Shorthair Mix,adult,Black,Friendly; Calm; Affectionate,house_with_yard,high,first_time,1,0,4_7,Affectionate,0,1,0,0,0,1,1,0,1,0,0,1,0,0,1,0,0,0,1,0,0,0.57735,1,0,0,0,0,0,0,1,0,1,1,0,0,0,0,1,0,1
*Cotton,cat,Domestic Shorthair Mix,kitten_puppy,Black,Energetic; Playful; Affectionate,apartment,relaxed,experienced,0,1,0_3,Friendly,1,0,0,1,0,0,0,1,0,1,1,0,0,0,0,1,1,0,0,0,0,0.0,0,1,0,0,0,0,0,0,0,0,0,1,0,1,0,1,0,1
*Remy,dog,Patterdale Terr Mix,kitten_puppy,Black,Friendly; Energetic; Playful,apartment,moderate,experienced,1,1,4_7,Playful; Protective; Friendly,1,0,0,0,1,0,0,1,1,1,0,1,0,1,1,0,1,0,0,0,0,0.666667,0,1,0,0,0,1,0,0,1,1,0,1,0,1,0,0,0,1
*Tom,cat,Domestic Shorthair Mix,kitten_puppy,Orange,Energetic; Playful; Affectionate,house_no_yard,high,first_time,0,0,8_plus,Protective; Shy,0,0,1,0,0,1,1,0,0,0,0,0,1,0,0,1,1,0,0,0,0,0.0,0,0,0,0,1,0,0,0,1,0,0,1,0,1,0,1,0,0
Sam,dog,American Bulldog Mix,adult,White,Friendly; Energetic; Affectionate,house_no_yard,relaxed,first_time,0,0,0_3,Independent,0,0,1,1,0,0,1,0,0,0,1,0,0,0,1,0,0,0,1,0,0,0.0,0,0,0,0,0,0,1,0,0,1,0,1,0,0,0,1,0,1
Goldie,dog,Pbgv Mix,kitten_puppy,White,Friendly; Energetic; Playful,apartment,high,experienced,1,0,4_7,Friendly; Calm,1,0,0,0,0,1,0,1,1,0,0,1,0,0,1,0,1,0,0,0,0,0.408248,1,1,1,0,0,0,0,0,0,1,0,1,0,1,0,0,0,1
Ornery,cat,Domestic Shorthair Mix,kitten_puppy,Black,Energetic; Playful; Affectionate,apartment,high,first_time,0,1,4_7,Friendly,1,0,0,0,0,1,1,0,0,1,0,1,0,0,0,1,1,0,0,0,0,0.0,0,1,0,0,0,0,0,0,0,0,0,1,0,1,0,1,0,1
*Dora,dog,Beagle Mix,kitten_puppy,Brown,Friendly; Energetic; Playful; Affectionate,apartment,moderate,first_time,0,1,4_7,Friendly; Energetic,1,0,0,0,1,0,1,0,0,1,0,1,0,0,1,0,1,0,0,0,0,0.707107,0,1,0,1,0,0,0,0,0,1,0,1,0,1,0,1,0,1
Shelter Rescue,dog,Pembroke Welsh Corgi Mix,young,Tricolor,Friendly; Energetic; Playful,apartment,moderate,first_time,1,1,8_plus,Affectionate,1,0,0,0,1,0,1,0,1,1,0,0,1,1,1,0,0,1,0,0,0,0.0,0,0,0,0,0,0,0,1,0,1,0,1,0,1,0,0,0,0
Diamond,dog,Chihuahua Shorthair Mix,young,Black,Friendly; Calm; Energetic; Playful; Affectionate,apartment,high,first_time,1,1,8_plus,Playful; Friendly; Independent,1,0,0,0,0,1,1,0,1,1,0,0,1,0,1,0,0,1,0,0,0,0.516398,0,1,0,0,0,1,1,0,0,1,1,1,0,1,0,1,0,1
*Jules,dog,Pit Bull Mix,adult,Brown,Friendly; Energetic; Affectionate,house_with_yard,relaxed,experienced,0,1,0_3,Playful; Friendly; Calm,0,1,0,1,0,0,0,1,0,1,1,0,0,0,1,0,0,0,1,0,0,0.333333,1,1,1,0,0,1,0,0,0,1,0,1,0,0,0,1,0,1
Shelter Rescue,cat,Domestic Shorthair Mix,kitten_puppy,Tabby,Energetic; Playful; Affectionate,apartment,moderate,first_time,0,0,0_3,Protective,1,0,0,0,1,0,1,0,0,0,1,0,0,0,0,1,1,0,0,0,0,0.0,1,0,0,0,0,0,0,0,1,0,0,1,0,1,0,1,0,1
Bowser,dog,Pit Bull Mix,kitten_puppy,White,Friendly; Energetic; Playful,house_no_yard,relaxed,experienced,1,1,0_3,Playful; Energetic,0,0,1,1,0,0,0,1,1,1,1,0,0,0,1,0,1,0,0,0,0,0.816497,1,0,0,1,0,1,0,0,0,1,0,1,0,1,0,0,0,1
*Stubbs,dog,Pit Bull Mix,young,White,Friendly; Energetic; Playful,apartment,moderate,first_time,0,1,0_3,Playful,1,0,0,0,1,0,1,0,0,1,1,0,0,0,1,0,0,1,0,0,0,0.57735,0,0,0,0,0,1,0,0,0,1,0,1,0,1,0,0,0,1
Zoey,dog,Queensland Heeler Mix,young,White,Friendly; Energetic; Playful,apartment,high,experienced,0,0,8_plus,Shy; Friendly; Affectionate,1,0,0,0,0,1,0,1,0,0,0,0,1,0,1,0,0,1,0,0,0,0.333333,1,1,0,0,1,0,0,1,0,1,0,1,0,1,0,0,0,0
Cricket,dog,Rat Terrier Mix,young,Tricolor,Friendly; Energetic; Playful,house_no_yard,high,experienced,0,0,0_3,Friendly; Playful,0,0,1,0,0,1,0,1,0,0,1,0,0,0,1,0,0,1,0,0,0,0.816497,0,1,0,0,0,1,0,0,0,1,0,1,0,1,0,0,0,1
*Murphy,cat,Domestic Shorthair Mix,kitten_puppy,Gray,Energetic; Playful; Affectionate,apartment,relaxed,experienced,0,1,8_plus,Calm; Independent; Shy,1,0,0,1,0,0,0,1,0,1,0,0,1,0,0,1,1,0,0,0,0,0.0,0,0,1,0,1,0,1,0,0,0,0,1,0,1,0,1,0,0
Rakscha,dog,Catahoula Mix,adult,White,Friendly; Affectionate,house_with_yard,high,experienced,1,1,4_7,Calm; Affectionate; Playful,0,1,0,0,0,1,0,1,1,1,0,1,0,1,1,0,0,0,1,0,0,0.408248,0,0,1,0,0,1,0,1,0,1,0,0,0,0,0,1,0,1
*Millie,dog,Great Pyrenees Mix,young,White,Friendly; Energetic; Playful,apartment,relaxed,first_time,0,0,8_plus,Independent,1,0,0,1,0,0,1,0,0,0,0,0,1,0,1,0,0,1,0,0,0,0.0,1,0,0,0,0,0,1,0,0,1,0,1,0,1,0,0,0,0
Ray,dog,Border Collie,kitten_puppy,Black,Friendly; Energetic; Playful,house_no_yard,relaxed,experienced,1,0,8_plus,Independent; Calm,0,0,1,1,0,0,0,1,1,0,0,0,1,0,1,0,1,0,0,0,0,0.0,0,0,1,0,0,0,1,0,0,1,0,1,0,1,0,0,0,0
*Dylan,cat,Domestic Shorthair Mix,kitten_puppy,Black,Energetic; Playful; Affectionate,apartment,high,first_time,0,1,8_plus,Friendly,1,0,0,0,0,1,1,0,0,1,0,0,1,0,0,1,1,0,0,0,0,0.0,0,1,0,0,0,0,0,0,0,0,0,1,0,1,0,1,0,0
*Jasmine,dog,Plott Hound Mix,young,Orange,Friendly; Energetic; Playful,house_with_yard,relaxed,experienced,1,0,0_3,Energetic,0,1,0,1,0,0,0,1,1,0,1,0,0,0,1,0,0,1,0,0,0,0.57735,0,0,0,1,0,0,0,0,0,1,0,1,0,1,0,0,0,1
Zoe,cat,Domestic Shorthair Mix,young,Orange,Calm; Independent; Affectionate,house_no_yard,moderate,experienced,1,0,0_3,Shy,0,0,1,0,1,0,0,1,1,0,1,0,0,0,0,1,0,1,0,0,0,0.0,0,0,0,0,1,0,0,0,0,0,1,0,0,0,1,1,0,0
*Softie,dog,Rottweiler Mix,young,Black,Friendly; Energetic; Playful,house_with_yard,moderate,first_time,0,1,0_3,Playful,0,1,0,0,1,0,1,0,0,1,1,0,0,0,1,0,0,1,0,0,0,0.57735,0,0,0,0,0,1,0,0,0,1,0,1,0,1,0,0,0,1
*Frost,dog,German Shepherd Mix,adult,White,Friendly; Energetic; Affectionate; Protective,apartment,relaxed,experienced,1,0,4_7,Energetic; Playful,1,0,0,1,0,0,0,1,1,0,0,1,0,1,1,0,0,0,1,0,0,0.353553,0,0,0,1,0,1,0,0,0,1,0,1,0,0,0,1,1,0
*Moose,dog,Rottweiler Mix,young,Black,Friendly; Energetic; Playful,house_with_yard,moderate,first_time,0,1,0_3,Affectionate; Playful,0,1,0,0,1,0,1,0,0,1,1,0,0,0,1,0,0,1,0,0,0,0.408248,0,0,0,0,0,1,0,1,0,1,0,1,0,1,0,0,0,1
*Seven,cat,Domestic Shorthair Mix,kitten_puppy,Tricolor,Energetic; Playful; Affectionate,apartment,relaxed,first_time,0,1,4_7,Protective; Calm,1,0,0,1,0,0,1,0,0,1,0,1,0,0,0,1,1,0,0,0,0,0.0,0,0,1,0,0,0,0,0,1,0,0,1,0,1,0,1,0,1
*Kole,cat,Domestic Shorthair Mix,kitten_puppy,Black,Energetic; Playful; Affectionate,apartment,high,experienced,0,0,8_plus,Shy,1,0,0,0,0,1,0,1,0,0,0,0,1,1,0,1,1,0,0,0,0,0.0,1,0,0,0,1,0,0,0,0,0,0,1,0,1,0,1,0,0
Bagheera,cat,Domestic Longhair Mix,young,Black,Calm; Independent; Affectionate,house_with_yard,high,first_time,0,0,8_plus,Shy; Energetic; Independent,0,1,0,0,0,1,1,0,0,0,0,0,1,1,0,1,0,1,0,0,0,0.333333,0,0,0,1,1,0,1,0,0,0,1,0,0,0,1,1,0,1
*Lilly,cat,Domestic Shorthair Mix,adult,Tricolor,Calm; Independent; Affectionate,apartment,high,first_time,0,1,0_3,Shy,1,0,0,0,0,1,1,0,0,1,1,0,0,0,0,1,0,0,1,0,0,0.0,0,0,0,0,1,0,0,0,0,0,1,0,0,0,1,1,0,1
Luke,dog,Labrador Retriever Mix,young,White,Friendly; Energetic; Playful; Affectionate,house_no_yard,high,experienced,0,0,8_plus,Shy; Calm,0,0,1,0,0,1,0,1,0,0,0,0,1,0,1,0,0,1,0,0,0,0.0,0,0,1,0,1,0,0,0,0,1,0,1,0,1,0,1,0,0
*Daphne,dog,Labrador Retriever Mix,young,Black,Friendly; Energetic; Playful; Affectionate,apartment,high,experienced,1,1,0_3,Shy,1,0,0,0,0,1,0,1,1,1,1,0,0,0,1,0,0,1,0,0,0,0.0,0,0,0,0,1,0,0,0,0,1,0,1,0,1,0,1,0,1
Oso,dog,Australian Shepherd Mix,adult,Brown,Friendly; Energetic; Affectionate; Protective,house_no_yard,moderate,first_time,0,0,8_plus,Calm,0,0,1,0,1,0,1,0,0,0,0,0,1,1,1,0,0,0,1,0,0,0.0,1,0,1,0,0,0,0,0,0,1,0,1,0,0,0,1,1,0
Shelter Rescue,dog,Beagle,adult,Black,Friendly; Playful; Affectionate,house_no_yard,moderate,experienced,0,1,8_plus,Affectionate; Playful,0,0,1,0,1,0,0,1,0,1,0,0,1,1,1,0,0,0,1,0,0,0.816497,1,0,0,0,0,1,0,1,0,1,0,0,0,1,0,1,0,1
Shelter Rescue,dog,English Bulldog Mix,young,White,Friendly; Energetic; Playful,house_with_yard,moderate,experienced,0,0,4_7,Affectionate; Protective,0,1,0,0,1,0,0,1,0,0,0,1,0,1,1,0,0,1,0,0,0,0.0,0,0,0,0,0,0,0,1,1,1,0,1,0,1,0,0,0,0
Hanna,dog,Australian Cattle Dog Mix,kitten_puppy,Gray,Friendly; Energetic; Playful,apartment,relaxed,experienced,0,1,0_3,Shy,1,0,0,1,0,0,0,1,0,1,1,0,0,1,1,0,1,0,0,0,0,0.0,1,0,0,0,1,0,0,0,0,1,0,1,0,1,0,0,0,0
Shelter Rescue,cat,Domestic Shorthair Mix,kitten_puppy,White,Energetic; Playful; Affectionate,house_no_yard,moderate,experienced,1,0,4_7,Protective; Calm; Friendly,0,0,1,0,1,0,0,1,1,0,0,1,0,0,0,1,1,0,0,0,0,0.0,0,1,1,0,0,0,0,0,1,0,0,1,0,1,0,1,0,0
Chiquis,dog,Labrador Retriever/Pit Bull,kitten_puppy,Black,Friendly; Energetic; Playful; Affectionate,house_with_yard,moderate,first_time,0,1,0_3,Friendly; Calm; Affectionate,0,1,0,0,1,0,1,0,0,1,1,0,0,1,1,0,1,0,0,0,0,0.57735,0,1,1,0,0,0,0,1,0,1,0,1,0,1,0,1,0,1
Martin,dog,Chihuahua Shorthair/Cardigan Welsh Corgi,young,Tricolor,Friendly; Calm; Energetic; Playful; Affectionate,house_no_yard,moderate,first_time,0,0,0_3,Playful; Protective,0,0,1,0,1,0,1,0,0,0,1,0,0,0,1,0,0,1,0,0,0,0.316228,0,0,0,0,0,1,0,0,1,1,1,1,0,1,0,1,0,1
*Odessa,cat,Domestic Shorthair Mix,kitten_puppy,Tabby,Energetic; Playful; Affectionate,house_no_yard,relaxed,experienced,0,1,8_plus,Playful; Energetic; Calm,0,0,1,1,0,0,0,1,0,1,0,0,1,0,0,1,1,0,0,0,0,0.666667,1,0,1,1,0,1,0,0,0,0,0,1,0,1,0,1,0,1
*Roy,cat,Domestic Shorthair Mix,kitten_puppy,Tabby,Energetic; Playful; Affectionate,house_no_yard,moderate,first_time,1,1,8_plus,Friendly; Energetic,0,0,1,0,1,0,1,0,1,1,0,0,1,0,0,1,1,0,0,0,0,0.408248,1,1,0,1,0,0,0,0,0,0,0,1,0,1,0,1,0,0
Panchito,dog,Chihuahua Shorthair Mix,young,White,Friendly; Calm; Energetic; Playful; Affectionate,apartment,relaxed,experienced,0,1,0_3,Affectionate,1,0,0,1,0,0,0,1,0,1,1,0,0,0,1,0,0,1,0,0,0,0.447214,1,0,0,0,0,0,0,1,0,1,1,1,0,1,0,1,0,1
*Denali,dog,Australian Cattle Dog Mix,young,Black,Friendly; Energetic; Playful,house_with_yard,high,first_time,0,1,4_7,Affectionate,0,1,0,0,0,1,1,0,0,1,0,1,0,1,1,0,0,1,0,0,0,0.0,0,0,0,0,0,0,0,1,0,1,0,1,0,1,0,0,0,1
Harry,cat,Domestic Shorthair Mix,adult,Orange,Calm; Independent; Affectionate,house_no_yard,moderate,first_time,0,0,8_plus,Independent,0,0,1,0,1,0,1,0,0,0,0,0,1,0,0,1,0,0,1,0,0,0.57735,0,0,0,0,0,0,1,0,0,0,1,0,0,0,1,1,0,1
*Ivan,cat,Domestic Shorthair Mix,young,Black,Calm; Independent; Affectionate,house_no_yard,high,experienced,0,1,4_7,Energetic,0,0,1,0,0,1,0,1,0,1,0,1,0,0,0,1,0,1,0,0,0,0.0,1,0,0,1,0,0,0,0,0,0,1,0,0,0,1,1,0,0
*Niko,dog,Manchester Terrier Mix,young,White,Friendly; Energetic; Playful,house_with_yard,relaxed,first_time,1,1,0_3,Friendly; Calm; Playful,0,1,0,1,0,0,1,0,1,1,1,0,0,0,1,0,0,1,0,0,0,0.666667,1,1,1,0,0,1,0,0,0,1,0,1,0,1,0,0,0,1
Yeti,cat,Domestic Shorthair Mix,adult,White,Calm; Independent; Affectionate,house_with_yard,high,experienced,0,0,4_7,Playful; Friendly,0,1,0,0,0,1,0,1,0,0,0,1,0,0,0,1,0,0,1,0,0,0.0,0,1,0,0,0,1,0,0,0,0,1,0,0,0,1,1,0,0
*Nina,cat,Domestic Shorthair Mix,kitten_puppy,Tricolor,Energetic; Playful; Affectionate,apartment,moderate,experienced,0,0,4_7,Friendly; Affectionate; Energetic,1,0,0,0,1,0,0,1,0,0,0,1,0,1,0,1,1,0,0,0,0,0.666667,0,1,0,1,0,0,0,1,0,0,0,1,0,1,0,1,0,1
Maggie,dog,Pit Bull/Catahoula,young,Black,Friendly; Energetic; Playful,apartment,moderate,experienced,0,1,8_plus,Shy; Energetic; Affectionate,1,0,0,0,1,0,0,1,0,1,0,0,1,0,1,0,0,1,0,0,0,0.333333,0,0,0,1,1,0,0,1,0,1,0,1,0,1,0,0,0,0
Nicky,dog,Chihuahua Shorthair Mix,kitten_puppy,Black,Friendly; Calm; Energetic; Playful; Affectionate,house_with_yard,relaxed,experienced,1,1,0_3,Affectionate; Energetic; Friendly,0,1,0,1,0,0,0,1,1,1,1,0,0,0,1,0,1,0,0,0,0,0.774597,0,1,0,1,0,0,0,1,0,1,1,1,0,1,0,1,0,1
Shelter Rescue,dog,Labrador Retriever Mix,kitten_puppy,Brown,Friendly; Energetic; Playful; Affectionate,house_with_yard,high,first_time,1,0,4_7,Energetic; Independent; Friendly,0,1,0,0,0,1,1,0,1,0,0,1,0,1,1,0,1,0,0,0,0,0.57735,0,1,0,1,0,0,1,0,0,1,0,1,0,1,0,1,0,1
*Rosie,dog,Pit Bull Mix,adult,White,Friendly; Energetic; Affectionate,house_no_yard,relaxed,experienced,0,1,4_7,Playful; Shy; Calm,0,0,1,1,0,0,0,1,0,1,0,1,0,1,1,0,0,0,1,0,0,0.0,0,0,1,0,1,1,0,0,0,1,0,1,0,0,0,1,0,0
Shadow,dog,Pointer Mix,adult,Black,Friendly; Energetic; Affectionate,house_no_yard,high,first_time,1,1,8_plus,Energetic; Playful,0,0,1,0,0,1,1,0,1,1,0,0,1,0,1,0,0,0,1,0,0,0.408248,0,0,0,1,0,1,0,0,0,1,0,1,0,0,0,1,0,1
*Ophelia,cat,Domestic Shorthair Mix,kitten_puppy,Black,Energetic; Playful; Affectionate,house_with_yard,relaxed,experienced,0,0,8_plus,Shy,0,1,0,1,0,0,0,1,0,0,0,0,1,1,0,1,1,0,0,0,0,0.0,0,0,0,0,1,0,0,0,0,0,0,1,0,1,0,1,0,0
Shelter Rescue,cat,Domestic Medium Hair Mix,kitten_puppy,Black,Energetic; Playful; Affectionate,house_with_yard,moderate,first_time,1,1,8_plus,Shy; Friendly,0,1,0,0,1,0,1,0,1,1,0,0,1,0,0,1,1,0,0,0,0,0.0,0,1,0,0,1,0,0,0,0,0,0,1,0,1,0,1,0,0
Mina,cat,Domestic Longhair Mix,young,White,Calm; Independent; Affectionate,house_with_yard,high,experienced,0,1,0_3,Playful; Friendly; Calm,0,1,0,0,0,1,0,1,0,1,1,0,0,0,0,1,0,1,0,0,0,0.333333,0,1,1,0,0,1,0,0,0,0,1,0,0,0,1,1,0,1
Jasper,dog,Labrador Retriever Mix,young,Black,Friendly; Energetic; Playful; Affectionate,apartment,moderate,experienced,0,1,8_plus,Energetic; Friendly; Shy,1,0,0,0,1,0,0,1,0,1,0,0,1,0,1,0,0,1,0,0,0,0.57735,0,1,0,1,1,0,0,0,0,1,0,1,0,1,0,1,0,0
Snoop,dog,Border Collie,adult,Black,Friendly; Energetic; Affectionate,apartment,moderate,experienced,0,0,4_7,Affectionate; Energetic,1,0,0,0,1,0,0,1,0,0,0,1,0,0,1,0,0,0,1,0,0,0.816497,0,0,0,1,0,0,0,1,0,1,0,1,0,0,0,1,0,0
Shelter Rescue,cat,Domestic Shorthair Mix,adult,Orange,Calm; Independent; Affectionate,apartment,moderate,first_time,1,0,4_7,Friendly; Independent,1,0,0,0,1,0,1,0,1,0,0,1,0,0,0,1,0,0,1,0,0,0.408248,1,1,0,0,0,0,1,0,0,0,1,0,0,0,1,1,0,1
Layla,dog,German Shepherd Mix,kitten_puppy,Black,Friendly; Energetic; Playful; Protective,apartment,high,first_time,1,1,0_3,Affectionate; Friendly; Independent,1,0,0,0,0,1,1,0,1,1,1,0,0,1,1,0,1,0,0,0,0,0.288675,0,1,0,0,0,0,1,1,0,1,0,1,0,1,0,0,1,1
*Jemma,cat,Domestic Shorthair Mix,kitten_puppy,White,Energetic; Playful; Affectionate,house_no_yard,relaxed,experienced,0,1,4_7,Friendly; Calm,0,0,1,1,0,0,0,1,0,1,0,1,0,1,0,1,1,0,0,0,0,0.0,1,1,1,0,0,0,0,0,0,0,0,1,0,1,0,1,0,0
Duckie,cat,Domestic Shorthair Mix,kitten_puppy,Tabby,Energetic; Playful; Affectionate,apartment,moderate,experienced,0,1,4_7,Playful; Affectionate; Independent,1,0,0,0,1,0,0,1,0,1,0,1,0,0,0,1,1,0,0,0,0,0.666667,0,0,0,0,0,1,1,1,0,0,0,1,0,1,0,1,0,1
Shelter Rescue,dog,Labrador Retriever Mix,kitten_puppy,Brown,Friendly; Energetic; Playful; Affectionate,apartment,relaxed,first_time,0,1,0_3,Affectionate,1,0,0,1,0,0,1,0,0,1,1,0,0,0,1,0,1,0,0,0,0,0.5,1,0,0,0,0,0,0,1,0,1,0,1,0,1,0,1,0,1
*Luigi,dog,Siberian Husky Mix,young,White,Friendly; Energetic; Playful,house_with_yard,relaxed,experienced,0,0,8_plus,Independent; Protective,0,1,0,1,0,0,0,1,0,0,0,0,1,0,1,0,0,1,0,0,0,0.0,0,0,0,0,0,0,1,0,1,1,0,1,0,1,0,0,0,0
Shelter Rescue,dog,German Shepherd Mix,kitten_puppy,Brown,Friendly; Energetic; Playful; Protective,apartment,high,experienced,0,1,8_plus,Independent; Protective,1,0,0,0,0,1,0,1,0,1,0,0,1,0,1,0,1,0,0,0,0,0.353553,1,0,0,0,0,0,1,0,1,1,0,1,0,1,0,0,1,0
Noche,dog,Labrador Retriever Mix,young,Black,Friendly; Energetic; Playful; Affectionate,house_no_yard,relaxed,experienced,1,1,4_7,Calm; Friendly,0,0,1,1,0,0,0,1,1,1,0,1,0,0,1,0,0,1,0,0,0,0.353553,0,1,1,0,0,0,0,0,0,1,0,1,0,1,0,1,0,1
Betsy,dog,Toy Poodle Mix,kitten_puppy,Gray,Friendly; Energetic; Playful; Affectionate,apartment,relaxed,first_time,0,1,8_plus,Affectionate,1,0,0,1,0,0,1,0,0,1,0,0,1,0,1,0,1,0,0,0,0,0.5,1,0,0,0,0,0,0,1,0,1,0,1,0,1,0,1,0,0
Winslow,dog,American Bulldog Mix,young,White,Friendly; Energetic; Playful,house_no_yard,relaxed,experienced,1,1,8_plus,Shy; Friendly; Calm,0,0,1,1,0,0,0,1,1,1,0,0,1,0,1,0,0,1,0,0,0,0.333333,0,1,1,0,1,0,0,0,0,1,0,1,0,1,0,0,0,1
Shelter Rescue,cat,Domestic Shorthair Mix,kitten_puppy,Orange,Energetic; Playful; Affectionate,house_no_yard,moderate,first_time,1,1,0_3,Energetic; Protective; Affectionate,0,0,1,0,1,0,1,0,1,1,1,0,0,0,0,1,1,0,0,0,0,0.666667,0,0,0,1,0,0,0,1,1,0,0,1,0,1,0,1,0,1
Marshmallow,dog,Shih Tzu/Dachshund,young,Brown,Friendly; Calm; Energetic; Playful; Affectionate,apartment,high,experienced,0,0,4_7,Energetic; Shy,1,0,0,0,0,1,0,1,0,0,0,1,0,1,1,0,0,1,0,0,0,0.316228,0,0,0,1,1,0,0,0,0,1,1,1,0,1,0,1,0,1
Shelter Rescue,cat,Domestic Shorthair Mix,kitten_puppy,White,Energetic; Playful; Affectionate,apartment,high,first_time,0,0,4_7,Protective,1,0,0,0,0,1,1,0,0,0,0,1,0,0,0,1,1,0,0,0,0,0.0,0,0,0,0,0,0,0,0,1,0,0,1,0,1,0,1,0,1
Gosht,cat,Domestic Shorthair Mix,young,White,Calm; Independent; Affectionate,house_no_yard,relaxed,first_time,1,0,4_7,Energetic; Friendly,0,0,1,1,0,0,1,0,1,0,0,1,0,0,0,1,0,1,0,0,0,0.0,0,1,0,1,0,0,0,0,0,0,1,0,0,0,1,1,0,1
*Leo,dog,Labrador Retriever Mix,adult,Black,Friendly; Playful; Affectionate,house_with_yard,moderate,first_time,0,0,0_3,Friendly; Energetic; Playful,0,1,0,0,1,0,1,0,0,0,1,0,0,0,1,0,0,0,1,0,0,0.666667,1,1,0,1,0,1,0,0,0,1,0,0,0,1,0,1,0,1
Sparky,dog,Chihuahua Shorthair,young,Black,Friendly; Calm; Energetic; Playful; Affectionate,house_with_yard,high,first_time,1,1,8_plus,Independent; Playful,0,1,0,0,0,1,1,0,1,1,0,0,1,0,1,0,0,1,0,0,0,0.316228,0,0,0,0,0,1,1,0,0,1,1,1,0,1,0,1,0,1
Ava,dog,German Shepherd Mix,young,Black,Friendly; Energetic; Playful; Protective,apartment,high,experienced,0,0,0_3,Calm,1,0,0,0,0,1,0,1,0,0,1,0,0,0,1,0,0,1,0,0,0,0.0,0,0,1,0,0,0,0,0,0,1,0,1,0,1,0,0,1,0
Shelter Rescue,dog,Labrador Retriever Mix,kitten_puppy,Black,Friendly; Energetic; Playful; Affectionate,house_no_yard,high,first_time,0,0,0_3,Energetic; Independent,0,0,1,0,0,1,1,0,0,0,1,0,0,0,1,0,1,0,0,0,0,0.353553,1,0,0,1,0,0,1,0,0,1,0,1,0,1,0,1,0,1
*Gordon,cat,Domestic Shorthair Mix,kitten_puppy,Gray,Energetic; Playful; Affectionate,house_with_yard,high,experienced,0,1,0_3,Shy; Playful,0,1,0,0,0,1,0,1,0,1,1,0,0,0,0,1,1,0,0,0,0,0.408248,0,0,0,0,1,1,0,0,0,0,0,1,0,1,0,1,0,1
*Darcy,dog,Beagle/Treeing Walker Coonhound,senior,White,Friendly; Calm; Energetic; Playful; Independent; Affectionate,house_with_yard,high,first_time,0,0,4_7,Friendly; Independent,0,1,0,0,0,1,1,0,0,0,0,1,0,0,1,0,0,0,0,1,0,0.57735,0,1,0,0,0,0,1,0,0,1,1,1,0,1,1,1,0,1
Shelter Rescue,cat,Domestic Shorthair Mix,kitten_puppy,White,Energetic; Playful; Affectionate,apartment,relaxed,first_time,1,0,4_7,Shy; Energetic,1,0,0,1,0,0,1,0,1,0,0,1,0,0,0,1,1,0,0,0,0,0.408248,1,0,0,1,1,0,0,0,0,0,0,1,0,1,0,1,0,1
Daisy,dog,Harrier Mix,adult,Tricolor,Friendly; Affectionate,house_with_yard,high,experienced,1,1,4_7,Friendly,0,1,0,0,0,1,0,1,1,1,0,1,0,0,1,0,0,0,1,0,0,0.707107,0,1,0,0,0,0,0,0,0,1,0,0,0,0,0,1,0,1
*Felina,dog,Labrador Retriever Mix,young,Black,Friendly; Energetic; Playful; Affectionate,house_with_yard,moderate,first_time,1,0,0_3,Independent; Friendly; Affectionate,0,1,0,0,1,0,1,0,1,0,1,0,0,0,1,0,0,1,0,0,0,0.57735,0,1,0,0,0,0,1,1,0,1,0,1,0,1,0,1,0,1
*Fiona,dog,German Shepherd Mix,young,Black,Friendly; Energetic; Playful; Protective,apartment,relaxed,experienced,0,0,8_plus,Affectionate; Friendly; Independent,1,0,0,1,0,0,0,1,0,0,0,0,1,0,1,0,0,1,0,0,0,0.288675,0,1,0,0,0,0,1,1,0,1,0,1,0,1,0,0,1,0
*Gyoza,cat,Domestic Shorthair Mix,kitten_puppy,Black,Energetic; Playful; Affectionate,apartment,high,experienced,0,1,8_plus,Affectionate; Shy; Playful,1,0,0,0,0,1,0,1,0,1,0,0,1,1,0,1,1,0,0,0,0,0.666667,0,0,0,0,1,1,0,1,0,0,0,1,0,1,0,1,0,1
*Huey,dog,Pit Bull Mix,young,White,Friendly; Energetic; Playful,apartment,moderate,experienced,0,1,8_plus,Playful; Independent,1,0,0,0,1,0,0,1,0,1,0,0,1,0,1,0,0,1,0,0,0,0.408248,0,0,0,0,0,1,1,0,0,1,0,1,0,1,0,0,0,0
Bella,dog,Miniature Schnauzer Mix,adult,White,Friendly; Affectionate,apartment,moderate,first_time,0,1,0_3,Independent,1,0,0,0,1,0,1,0,0,1,1,0,0,0,1,0,0,0,1,0,0,0.0,0,0,0,0,0,0,1,0,0,1,0,0,0,0,0,1,0,1
Shelter Rescue,dog,Boston Terrier/Chihuahua Shorthair,kitten_puppy,Black,Friendly; Calm; Energetic; Playful; Affectionate,house_no_yard,relaxed,experienced,0,1,8_plus,Friendly; Shy,0,0,1,1,0,0,0,1,0,1,0,0,1,0,1,0,1,0,0,0,0,0.316228,0,1,0,0,1,0,0,0,0,1,1,1,0,1,0,1,0,1
Melody,dog,Pit Bull Mix,kitten_puppy,White,Friendly; Energetic; Playful,house_no_yard,moderate,experienced,1,1,0_3,Independent; Protective; Energetic,0,0,1,0,1,0,0,1,1,1,1,0,0,1,1,0,1,0,0,0,0,0.333333,0,0,0,1,0,0,1,0,1,1,0,1,0,1,0,0,0,1
*Nellie,dog,Catahoula/Plott Hound,kitten_puppy,White,Friendly; Energetic; Playful,apartment,relaxed,first_time,0,0,0_3,Protective; Independent; Calm,1,0,0,1,0,0,1,0,0,0,1,0,0,0,1,0,1,0,0,0,0,0.0,1,0,1,0,0,0,1,0,1,1,0,1,0,1,0,0,0,1
*Billy,cat,Manx Mix,kitten_puppy,White,Energetic; Playful; Affectionate,house_with_yard,high,experienced,0,0,4_7,Shy; Friendly,0,1,0,0,0,1,0,1,0,0,0,1,0,0,0,1,1,0,0,0,0,0.0,0,1,0,0,1,0,0,0,0,0,0,1,0,1,0,1,0,1
Myia,dog,Siberian Husky Mix,young,Black,Friendly; Energetic; Playful,apartment,relaxed,experienced,0,0,4_7,Shy; Friendly,1,0,0,1,0,0,0,1,0,0,0,1,0,0,1,0,0,1,0,0,0,0.408248,1,1,0,0,1,0,0,0,0,1,0,1,0,1,0,0,0,0
*Knuckles,cat,Domestic Shorthair Mix,young,Tabby,Calm; Independent; Affectionate,house_no_yard,moderate,experienced,1,1,4_7,Independent; Energetic,0,0,1,0,1,0,0,1,1,1,0,1,0,0,0,1,0,1,0,0,0,0.408248,1,0,0,1,0,0,1,0,0,0,1,0,0,0,1,1,0,1
Stacy,dog,Labrador Retriever Mix,kitten_puppy,Orange,Friendly; Energetic; Playful; Affectionate,apartment,moderate,experienced,1,0,0_3,Energetic; Protective; Affectionate,1,0,0,0,1,0,0,1,1,0,1,0,0,0,1,0,1,0,0,0,0,0.57735,0,0,0,1,0,0,0,1,1,1,0,1,0,1,0,1,0,1
Chief,dog,Pit Bull Mix,kitten_puppy,White,Friendly; Energetic; Playful,house_with_yard,moderate,experienced,0,1,0_3,Playful,0,1,0,0,1,0,0,1,0,1,1,0,0,1,1,0,1,0,0,0,0,0.57735,1,0,0,0,0,1,0,0,0,1,0,1,0,1,0,0,0,1
Eagle,dog,Beagle/German Shepherd,kitten_puppy,Black,Friendly; Energetic; Playful; Affectionate; Protective,house_no_yard,high,experienced,1,0,0_3,Playful; Shy; Energetic,0,0,1,0,0,1,0,1,1,0,1,0,0,0,1,0,1,0,0,0,0,0.516398,0,0,0,1,1,1,0,0,0,1,0,1,0,1,0,1,1,1
Ace,dog,Chihuahua Shorthair Mix,young,White,Friendly; Calm; Energetic; Playful; Affectionate,house_no_yard,high,experienced,1,1,8_plus,Protective; Playful; Energetic,0,0,1,0,0,1,0,1,1,1,0,0,1,0,1,0,0,1,0,0,0,0.516398,0,0,0,1,0,1,0,0,1,1,1,1,0,1,0,1,0,1
Shelter Rescue,dog,Bichon Frise,adult,White,Friendly; Calm; Affectionate,house_no_yard,relaxed,experienced,0,0,8_plus,Protective,0,0,1,1,0,0,0,1,0,0,0,0,1,1,1,0,0,0,1,0,0,0.0,1,0,0,0,0,0,0,0,1,1,1,0,0,0,0,1,0,1
Shelter Rescue,cat,Domestic Shorthair Mix,kitten_puppy,Tabby,Energetic; Playful; Affectionate,apartment,high,experienced,1,0,4_7,Calm,1,0,0,0,0,1,0,1,1,0,0,1,0,0,0,1,1,0,0,0,0,0.0,0,0,1,0,0,0,0,0,0,0,0,1,0,1,0,1,0,1
Geronimo,dog,Pit Bull Mix,young,White,Friendly; Energetic; Playful,house_with_yard,moderate,experienced,1,0,0_3,Playful; Energetic; Friendly,0,1,0,0,1,0,0,1,1,0,1,0,0,0,1,0,0,1,0,0,0,1.0,0,1,0,1,0,1,0,0,0,1,0,1,0,1,0,0,0,1
Hootie,dog,Dachshund Mix,young,White,Friendly; Calm; Energetic; Playful; Affectionate,apartment,moderate,experienced,0,1,8_plus,Playful,1,0,0,0,1,0,0,1,0,1,0,0,1,0,1,0,0,1,0,0,0,0.447214,0,0,0,0,0,1,0,0,0,1,1,1,0,1,0,1,0,1
Bebe,dog,Labrador Retriever Mix,adult,Black,Friendly; Playful; Affectionate,house_no_yard,high,experienced,1,1,0_3,Calm,0,0,1,0,0,1,0,1,1,1,1,0,0,0,1,0,0,0,1,0,0,0.0,0,0,1,0,0,0,0,0,0,1,0,0,0,1,0,1,0,1
*Otter,cat,Siamese Mix,young,Brown,Calm; Playful; Independent; Affectionate,house_with_yard,moderate,first_time,1,1,0_3,Shy; Calm; Playful,0,1,0,0,1,0,1,0,1,1,1,0,0,0,0,1,0,1,0,0,0,0.57735,1,0,1,0,1,1,0,0,0,0,1,0,0,1,1,1,0,1
*Owen,cat,Domestic Shorthair Mix,kitten_puppy,Black,Energetic; Playful; Affectionate,house_no_yard,moderate,experienced,0,1,4_7,Playful; Friendly,0,0,1,0,1,0,0,1,0,1,0,1,0,0,0,1,1,0,0,0,0,0.408248,0,1,0,0,0,1,0,0,0,0,0,1,0,1,0,1,0,0
*Keira,dog,Shiba Inu Mix,kitten_puppy,Brown,Friendly; Energetic; Playful,house_with_yard,moderate,first_time,0,1,8_plus,Calm; Shy; Independent,0,1,0,0,1,0,1,0,0,1,0,0,1,0,1,0,1,0,0,0,0,0.0,0,0,1,0,1,0,1,0,0,1,0,1,0,1,0,0,0,0
Bear,dog,Cardigan Welsh Corgi/Beagle,adult,White,Friendly; Playful; Affectionate,apartment,moderate,first_time,0,1,0_3,Playful; Calm,1,0,0,0,1,0,1,0,0,1,1,0,0,0,1,0,0,0,1,0,0,0.408248,1,0,1,0,0,1,0,0,0,1,0,0,0,1,0,1,0,1
*Rusty,dog,Labrador Retriever Mix,kitten_puppy,Orange,Friendly; Energetic; Playful; Affectionate,house_with_yard,high,experienced,0,1,4_7,Affectionate,0,1,0,0,0,1,0,1,0,1,0,1,0,0,1,0,1,0,0,0,0,0.5,0,0,0,0,0,0,0,1,0,1,0,1,0,1,0,1,0,1
Roo,dog,Great Dane,young,White,Friendly; Energetic; Playful,house_no_yard,high,first_time,0,1,0_3,Shy,0,0,1,0,0,1,1,0,0,1,1,0,0,0,1,0,0,1,0,0,0,0.0,0,0,0,0,1,0,0,0,0,1,0,1,0,1,0,0,0,1
*Ajax,cat,Domestic Shorthair Mix,young,Orange,Calm; Independent; Affectionate,house_with_yard,high,experienced,0,0,4_7,Shy; Independent,0,1,0,0,0,1,0,1,0,0,0,1,0,0,0,1,0,1,0,0,0,0.408248,0,0,0,0,1,0,1,0,0,0,1,0,0,0,1,1,0,0
Shelter Rescue,dog,Chihuahua Shorthair Mix,adult,Brown,Friendly; Calm; Affectionate,house_with_yard,moderate,first_time,0,1,4_7,Affectionate; Energetic,0,1,0,0,1,0,1,0,0,1,0,1,0,1,1,0,0,0,1,0,0,0.408248,1,0,0,1,0,0,0,1,0,1,1,0,0,0,0,1,0,1
*Zachary,dog,Chihuahua Shorthair Mix,kitten_puppy,Black,Friendly; Calm; Energetic; Playful; Affectionate,house_no_yard,high,first_time,0,1,0_3,Protective; Friendly,0,0,1,0,0,1,1,0,0,1,1,0,0,0,1,0,1,0,0,0,0,0.316228,0,1,0,0,0,0,0,0,1,1,1,1,0,1,0,1,0,1
Shelter Rescue,dog,Labrador Retriever Mix,kitten_puppy,Black,Friendly; Energetic; Playful; Affectionate,house_no_yard,moderate,experienced,1,1,0_3,Independent,0,0,1,0,1,0,0,1,1,1,1,0,0,0,1,0,1,0,0,0,0,0.0,0,0,0,0,0,0,1,0,0,1,0,1,0,1,0,1,0,1
Shelter Rescue,cat,Domestic Shorthair Mix,kitten_puppy,Black,Energetic; Playful; Affectionate,house_with_yard,relaxed,first_time,0,0,8_plus,Shy; Energetic,0,1,0,1,0,0,1,0,0,0,0,0,1,1,0,1,1,0,0,0,0,0.408248,0,0,0,1,1,0,0,0,0,0,0,1,0,1,0,1,0,0
Doris,dog,Yorkshire Terrier,adult,Gray,Friendly; Energetic; Affectionate,apartment,relaxed,experienced,0,1,8_plus,Calm; Energetic,1,0,0,1,0,0,0,1,0,1,0,0,1,0,1,0,0,0,1,0,0,0.408248,1,0,1,1,0,0,0,0,0,1,0,1,0,0,0,1,0,0
*Bessie,dog,American Pit Bull Terrier Mix,young,White,Friendly; Energetic; Playful,house_with_yard,moderate,experienced,0,1,8_plus,Friendly; Shy; Independent,0,1,0,0,1,0,0,1,0,1,0,0,1,0,1,0,0,1,0,0,0,0.333333,0,1,0,0,1,0,1,0,0,1,0,1,0,1,0,0,0,1
Shelter Rescue,cat,Domestic Shorthair Mix,kitten_puppy,Gray,Energetic; Playful; Affectionate,house_with_yard,high,first_time,0,0,8_plus,Friendly; Protective,0,1,0,0,0,1,1,0,0,0,0,0,1,0,0,1,1,0,0,0,0,0.0,0,1,0,0,0,0,0,0,1,0,0,1,0,1,0,1,0,0
Shelter Rescue,dog,Cairn Terrier Mix,young,Black,Friendly; Energetic; Playful,house_with_yard,moderate,first_time,1,0,4_7,Protective,0,1,0,0,1,0,1,0,1,0,0,1,0,0,1,0,0,1,0,0,0,0.0,0,0,0,0,0,0,0,0,1,1,0,1,0,1,0,0,0,1
Zeus,cat,Siamese Mix,kitten_puppy,Brown,Energetic; Playful; Affectionate,house_with_yard,high,experienced,0,0,8_plus,Shy,0,1,0,0,0,1,0,1,0,0,0,0,1,1,0,1,1,0,0,0,0,0.0,0,0,0,0,1,0,0,0,0,0,0,1,0,1,0,1,0,0
Chester,cat,Domestic Shorthair Mix,kitten_puppy,Black,Energetic; Playful; Affectionate,apartment,relaxed,experienced,0,1,4_7,Protective; Affectionate,1,0,0,1,0,0,0,1,0,1,0,1,0,0,0,1,1,0,0,0,0,0.408248,1,0,0,0,0,0,0,1,1,0,0,1,0,1,0,1,0,1
Nefertiti,cat,Domestic Shorthair Mix,adult,White,Calm; Independent; Affectionate,house_with_yard,high,experienced,0,0,8_plus,Friendly; Calm,0,1,0,0,0,1,0,1,0,0,0,0,1,0,0,1,0,0,1,0,0,0.408248,0,1,1,0,0,0,0,0,0,0,1,0,0,0,1,1,0,1
Taco,cat,Domestic Shorthair Mix,kitten_puppy,Orange,Energetic; Playful; Affectionate,apartment,moderate,experienced,0,0,0_3,Playful; Affectionate,1,0,0,0,1,0,0,1,0,0,1,0,0,0,0,1,1,0,0,0,0,0.816497,1,0,0,0,0,1,0,1,0,0,0,1,0,1,0,1,0,1
Shelter Rescue,dog,Dachshund/Harrier,kitten_puppy,Black,Friendly; Calm; Energetic; Playful; Affectionate,apartment,high,first_time,0,0,8_plus,Shy; Playful,1,0,0,0,0,1,1,0,0,0,0,0,1,0,1,0,1,0,0,0,0,0.316228,0,0,0,0,1,1,0,0,0,1,1,1,0,1,0,1,0,1
*Daisy,dog,Boxer/Beagle,kitten_puppy,White,Friendly; Energetic; Playful; Affectionate,house_with_yard,relaxed,first_time,0,1,0_3,Calm,0,1,0,1,0,0,1,0,0,1,1,0,0,1,1,0,1,0,0,0,0,0.0,0,0,1,0,0,0,0,0,0,1,0,1,0,1,0,1,0,1
*Talita,cat,Domestic Shorthair Mix,kitten_puppy,White,Energetic; Playful; Affectionate,house_no_yard,moderate,experienced,1,0,4_7,Calm; Affectionate; Independent,0,0,1,0,1,0,0,1,1,0,0,1,0,1,0,1,1,0,0,0,0,0.333333,0,0,1,0,0,0,1,1,0,0,0,1,0,1,0,1,0,0
*Tabitha,cat,Domestic Shorthair Mix,kitten_puppy,Tricolor,Energetic; Playful; Affectionate,house_with_yard,relaxed,first_time,1,1,8_plus,Affectionate; Energetic,0,1,0,1,0,0,1,0,1,1,0,0,1,0,0,1,1,0,0,0,0,0.816497,0,0,0,1,0,0,0,1,0,0,0,1,0,1,0,1,0,1
*Sheldon,dog,German Shepherd Mix,adult,Brown,Friendly; Energetic; Affectionate; Protective,house_no_yard,relaxed,first_time,0,0,8_plus,Friendly; Playful; Shy,0,0,1,1,0,0,1,0,0,0,0,0,1,1,1,0,0,0,1,0,0,0.288675,0,1,0,0,1,1,0,0,0,1,0,1,0,0,0,1,1,0
Dexter,cat,Domestic Shorthair Mix,kitten_puppy,Tabby,Energetic; Playful; Affectionate,house_with_yard,relaxed,experienced,0,1,4_7,Shy; Affectionate; Friendly,0,1,0,1,0,0,0,1,0,1,0,1,0,1,0,1,1,0,0,0,0,0.333333,0,1,0,0,1,0,0,1,0,0,0,1,0,1,0,1,0,1
Scootches,dog,Miniature Poodle Mix,young,Black,Friendly; Energetic; Playful; Affectionate,house_with_yard,moderate,first_time,0,1,0_3,Shy; Affectionate; Friendly,0,1,0,0,1,0,1,0,0,1,1,0,0,0,1,0,0,1,0,0,0,0.57735,1,1,0,0,1,0,0,1,0,1,0,1,0,1,0,1,0,1
Sadie,dog,Pit Bull Mix,young,Brown,Friendly; Energetic; Playful,house_no_yard,high,experienced,0,0,4_7,Energetic,0,0,1,0,0,1,0,1,0,0,0,1,0,0,1,0,0,1,0,0,0,0.57735,0,0,0,1,0,0,0,0,0,1,0,1,0,1,0,0,0,1
Lucky,dog,Bichon Frise Mix,adult,White,Friendly; Calm; Affectionate,house_with_yard,relaxed,first_time,1,1,0_3,Affectionate; Friendly,0,1,0,1,0,0,1,0,1,1,1,0,0,0,1,0,0,0,1,0,0,0.816497,0,1,0,0,0,0,0,1,0,1,1,0,0,0,0,1,0,1
Shelter Rescue,cat,Domestic Shorthair Mix,kitten_puppy,White,Energetic; Playful; Affectionate,house_no_yard,moderate,first_time,0,1,8_plus,Calm; Affectionate; Playful,0,0,1,0,1,0,1,0,0,1,0,0,1,0,0,1,1,0,0,0,0,0.666667,0,0,1,0,0,1,0,1,0,0,0,1,0,1,0,1,0,0
Charlotte,dog,Boxer,senior,Brown,Friendly; Calm; Energetic; Independent; Affectionate,house_with_yard,relaxed,experienced,1,0,4_7,Playful; Independent,0,1,0,1,0,0,0,1,1,0,0,1,0,0,1,0,0,0,0,1,0,0.316228,0,0,0,0,0,1,1,0,0,1,1,1,0,0,1,1,0,1
Ruby,dog,Pit Bull Mix,kitten_puppy,White,Friendly; Energetic; Playful,house_no_yard,relaxed,experienced,1,1,8_plus,Calm; Energetic,0,0,1,1,0,0,0,1,1,1,0,0,1,0,1,0,1,0,0,0,0,0.408248,1,0,1,1,0,0,0,0,0,1,0,1,0,1,0,0,0,0
Shelter Rescue,cat,Domestic Shorthair Mix,young,Black,Calm; Independent; Affectionate,house_no_yard,high,experienced,1,0,8_plus,Playful; Independent,0,0,1,0,0,1,0,1,1,0,0,0,1,1,0,1,0,1,0,0,0,0.408248,1,0,0,0,0,1,1,0,0,0,1,0,0,0,1,1,0,1
Pluto,dog,Pit Bull Mix,young,White,Friendly; Energetic; Playful,house_no_yard,moderate,experienced,0,1,0_3,Affectionate; Energetic; Calm,0,0,1,0,1,0,0,1,0,1,1,0,0,1,1,0,0,1,0,0,0,0.333333,0,0,1,1,0,0,0,1,0,1,0,1,0,1,0,0,0,0
Shelter Rescue,cat,Domestic Medium Hair Mix,kitten_puppy,Tabby,Energetic; Playful; Affectionate,house_with_yard,moderate,first_time,0,1,8_plus,Shy; Energetic; Playful,0,1,0,0,1,0,1,0,0,1,0,0,1,0,0,1,1,0,0,0,0,0.666667,1,0,0,1,1,1,0,0,0,0,0,1,0,1,0,1,0,1
Fat King Lou,cat,Domestic Shorthair Mix,adult,Black,Calm; Independent; Affectionate,house_with_yard,moderate,experienced,1,1,4_7,Calm; Affectionate; Playful,0,1,0,0,1,0,0,1,1,1,0,1,0,0,0,1,0,0,1,0,0,0.666667,0,0,1,0,0,1,0,1,0,0,1,0,0,0,1,1,0,0
*Mouse,cat,Domestic Shorthair Mix,kitten_puppy,Black,Energetic; Playful; Affectionate,house_with_yard,high,experienced,0,1,0_3,Shy,0,1,0,0,0,1,0,1,0,1,1,0,0,0,0,1,1,0,0,0,0,0.0,1,0,0,0,1,0,0,0,0,0,0,1,0,1,0,1,0,1
Shelter Rescue,cat,Domestic Shorthair Mix,kitten_puppy,Gray,Energetic; Playful; Affectionate,apartment,relaxed,first_time,0,1,8_plus,Energetic; Independent,1,0,0,1,0,0,1,0,0,1,0,0,1,0,0,1,1,0,0,0,0,0.408248,0,0,0,1,0,0,1,0,0,0,0,1,0,1,0,1,0,0
Shelter Rescue,dog,German Shepherd Mix,kitten_puppy,Black,Friendly; Energetic; Playful; Protective,apartment,moderate,experienced,1,0,4_7,Friendly,1,0,0,0,1,0,0,1,1,0,0,1,0,0,1,0,1,0,0,0,0,0.5,1,1,0,0,0,0,0,0,0,1,0,1,0,1,0,0,1,1
Bella,dog,Pit Bull Mix,kitten_puppy,Brown,Friendly; Energetic; Playful,house_with_yard,moderate,first_time,0,1,8_plus,Friendly; Affectionate; Calm,0,1,0,0,1,0,1,0,0,1,0,0,1,1,1,0,1,0,0,0,0,0.333333,0,1,1,0,0,0,0,1,0,1,0,1,0,1,0,0,0,1
Molly,dog,Pit Bull/Pointer,young,White,Friendly; Energetic; Playful,house_no_yard,relaxed,experienced,0,0,8_plus,Calm; Friendly,0,0,1,1,0,0,0,1,0,0,0,0,1,0,1,0,0,1,0,0,0,0.408248,0,1,1,0,0,0,0,0,0,1,0,1,0,1,0,0,0,0
Sheba,dog,Pointer Mix,young,Black,Friendly; Energetic; Playful,house_with_yard,relaxed,first_time,0,0,4_7,Protective; Calm,0,1,0,1,0,0,1,0,0,0,0,1,0,1,1,0,0,1,0,0,0,0.0,0,0,1,0,0,0,0,0,1,1,0,1,0,1,0,0,0,1
Kelvi,dog,Border Collie Mix,adult,Black,Friendly; Energetic; Affectionate,house_no_yard,moderate,experienced,0,1,0_3,Protective; Independent,0,0,1,0,1,0,0,1,0,1,1,0,0,0,1,0,0,0,1,0,0,0.0,0,0,0,0,0,0,1,0,1,1,0,1,0,0,0,1,0,1
*Jubilee,cat,Domestic Shorthair Mix,kitten_puppy,Gray,Energetic; Playful; Affectionate,house_with_yard,high,first_time,0,1,0_3,Calm; Protective; Independent,0,1,0,0,0,1,1,0,0,1,1,0,0,0,0,1,1,0,0,0,0,0.0,0,0,1,0,0,0,1,0,1,0,0,1,0,1,0,1,0,1
Rocco,dog,Labrador Retriever Mix,kitten_puppy,Brown,Friendly; Energetic; Playful; Affectionate,house_no_yard,relaxed,first_time,1,0,0_3,Shy; Independent; Energetic,0,0,1,1,0,0,1,0,1,0,1,0,0,0,1,0,1,0,0,0,0,0.288675,0,0,0,1,1,0,1,0,0,1,0,1,0,1,0,1,0,1
Lana,cat,Domestic Shorthair Mix,kitten_puppy,White,Energetic; Playful; Affectionate,house_with_yard,relaxed,first_time,0,1,4_7,Energetic,0,1,0,1,0,0,1,0,0,1,0,1,0,1,0,1,1,0,0,0,0,0.57735,0,0,0,1,0,0,0,0,0,0,0,1,0,1,0,1,0,1
Emo,cat,Domestic Medium Hair Mix,kitten_puppy,Black,Energetic; Playful; Affectionate,house_with_yard,moderate,first_time,1,1,4_7,Shy; Affectionate; Calm,0,1,0,0,1,0,1,0,1,1,0,1,0,0,0,1,1,0,0,0,0,0.333333,0,0,1,0,1,0,0,1,0,0,0,1,0,1,0,1,0,1
Shelter Rescue,dog,Labrador Retriever Mix,kitten_puppy,Tricolor,Friendly; Energetic; Playful; Affectionate,apartment,high,experienced,0,1,8_plus,Independent; Protective; Calm,1,0,0,0,0,1,0,1,0,1,0,0,1,1,1,0,1,0,0,0,0,0.0,0,0,1,0,0,0,1,0,1,1,0,1,0,1,0,1,0,0
Shadow,dog,Jack Russell Terrier Mix,senior,Tricolor,Friendly; Calm; Energetic; Independent; Affectionate,apartment,relaxed,first_time,0,1,8_plus,Calm,1,0,0,1,0,0,1,0,0,1,0,0,1,0,1,0,0,0,0,1,0,0.447214,0,0,1,0,0,0,0,0,0,1,1,1,0,0,1,1,0,1
*Finnegan,dog,German Wirehaired Pointer Mix,adult,Brown,Friendly; Energetic; Affectionate,house_with_yard,moderate,experienced,0,1,0_3,Independent,0,1,0,0,1,0,0,1,0,1,1,0,0,1,1,0,0,0,1,0,0,0.0,1,0,0,0,0,0,1,0,0,1,0,1,0,0,0,1,0,1
*Austin,cat,Domestic Shorthair Mix,kitten_puppy,Orange,Energetic; Playful; Affectionate,apartment,relaxed,first_time,0,1,0_3,Calm; Energetic; Protective,1,0,0,1,0,0,1,0,0,1,1,0,0,0,0,1,1,0,0,0,0,0.333333,1,0,1,1,0,0,0,0,1,0,0,1,0,1,0,1,0,1
*Burt,cat,Domestic Shorthair Mix,kitten_puppy,Black,Energetic; Playful; Affectionate,house_no_yard,relaxed,experienced,0,1,4_7,Calm; Playful,0,0,1,1,0,0,0,1,0,1,0,1,0,0,0,1,1,0,0,0,0,0.408248,1,0,1,0,0,1,0,0,0,0,0,1,0,1,0,1,0,1
Shelter Rescue,dog,Chihuahua Shorthair Mix,young,Brown,Friendly; Calm; Energetic; Playful; Affectionate,house_no_yard,relaxed,experienced,1,1,4_7,Energetic,0,0,1,1,0,0,0,1,1,1,0,1,0,0,1,0,0,1,0,0,0,0.447214,0,0,0,1,0,0,0,0,0,1,1,1,0,1,0,1,0,1
*Lanai,cat,Domestic Shorthair Mix,kitten_puppy,Black,Energetic; Playful; Affectionate,apartment,high,first_time,0,1,8_plus,Playful; Protective,1,0,0,0,0,1,1,0,0,1,0,0,1,0,0,1,1,0,0,0,0,0.408248,0,0,0,0,0,1,0,0,1,0,0,1,0,1,0,1,0,1
*Lonnie G.,dog,Pit Bull Mix,young,Black,Friendly; Energetic; Playful,apartment,high,experienced,1,0,0_3,Friendly; Calm; Shy,1,0,0,0,0,1,0,1,1,0,1,0,0,0,1,0,0,1,0,0,0,0.333333,1,1,1,0,1,0,0,0,0,1,0,1,0,1,0,0,0,1
Firebolt,cat,Siamese Mix,adult,Brown,Calm; Playful; Independent; Affectionate,house_no_yard,relaxed,experienced,0,0,4_7,Calm,0,0,1,1,0,0,0,1,0,0,0,1,0,0,0,1,0,0,1,0,0,0.5,0,0,1,0,0,0,0,0,0,0,1,0,0,1,1,1,0,1
Koda,dog,Boxer Mix,adult,White,Friendly; Energetic; Affectionate,house_with_yard,moderate,experienced,0,1,8_plus,Energetic,0,1,0,0,1,0,0,1,0,1,0,0,1,0,1,0,0,0,1,0,0,0.57735,0,0,0,1,0,0,0,0,0,1,0,1,0,0,0,1,0,1
Tia,cat,Domestic Shorthair Mix,kitten_puppy,Orange,Energetic; Playful; Affectionate,house_with_yard,high,first_time,1,1,0_3,Shy; Protective; Friendly,0,1,0,0,0,1,1,0,1,1,1,0,0,0,0,1,1,0,0,0,0,0.0,0,1,0,0,1,0,0,0,1,0,0,1,0,1,0,1,0,1
Lily,cat,Domestic Medium Hair Mix,adult,Gray,Calm; Independent; Affectionate,house_no_yard,high,first_time,1,1,8_plus,Friendly,0,0,1,0,0,1,1,0,1,1,0,0,1,0,0,1,0,0,1,0,0,0.0,0,1,0,0,0,0,0,0,0,0,1,0,0,0,1,1,0,1
*Genevieve,dog,Labrador Retriever Mix,young,Black,Friendly; Energetic; Playful; Affectionate,house_with_yard,moderate,first_time,0,0,4_7,Friendly,0,1,0,0,1,0,1,0,0,0,0,1,0,1,1,0,0,1,0,0,0,0.5,1,1,0,0,0,0,0,0,0,1,0,1,0,1,0,1,0,1
Pumpkin,dog,Labrador Retriever Mix,young,Brown,Friendly; Energetic; Playful; Affectionate,house_no_yard,moderate,experienced,0,1,8_plus,Friendly,0,0,1,0,1,0,0,1,0,1,0,0,1,0,1,0,0,1,0,0,0,0.5,0,1,0,0,0,0,0,0,0,1,0,1,0,1,0,1,0,1
*Whim,dog,Anatol Shepherd Mix,kitten_puppy,White,Friendly; Energetic; Playful; Protective,house_with_yard,moderate,first_time,0,1,0_3,Independent; Friendly; Calm,0,1,0,0,1,0,1,0,0,1,1,0,0,0,1,0,1,0,0,0,0,0.288675,0,1,1,0,0,0,1,0,0,1,0,1,0,1,0,0,1,1
Nala,dog,Pointer Mix,kitten_puppy,Brown,Friendly; Energetic; Playful,apartment,relaxed,first_time,0,1,0_3,Shy; Energetic; Playful,1,0,0,1,0,0,1,0,0,1,1,0,0,0,1,0,1,0,0,0,0,0.666667,0,0,0,1,1,1,0,0,0,1,0,1,0,1,0,0,0,1
Tiki,cat,Domestic Shorthair Mix,kitten_puppy,Black,Energetic; Playful; Affectionate,house_no_yard,high,experienced,0,0,8_plus,Independent; Friendly; Playful,0,0,1,0,0,1,0,1,0,0,0,0,1,1,0,1,1,0,0,0,0,0.333333,0,1,0,0,0,1,1,0,0,0,0,1,0,1,0,1,0,0
*Fava,cat,Domestic Shorthair Mix,kitten_puppy,Tricolor,Energetic; Playful; Affectionate,house_no_yard,high,experienced,1,0,4_7,Calm,0,0,1,0,0,1,0,1,1,0,0,1,0,0,0,1,1,0,0,0,0,0.0,0,0,1,0,0,0,0,0,0,0,0,1,0,1,0,1,0,1
*Lalaini,cat,Domestic Shorthair Mix,young,Brown,Calm; Independent; Affectionate,house_with_yard,moderate,first_time,0,0,8_plus,Calm; Friendly,0,1,0,0,1,0,1,0,0,0,0,0,1,0,0,1,0,1,0,0,0,0.408248,0,1,1,0,0,0,0,0,0,0,1,0,0,0,1,1,0,1
*Bubbles,cat,Domestic Shorthair Mix,kitten_puppy,White,Energetic; Playful; Affectionate,house_with_yard,moderate,experienced,1,1,0_3,Playful,0,1,0,0,1,0,0,1,1,1,1,0,0,0,0,1,1,0,0,0,0,0.57735,0,0,0,0,0,1,0,0,0,0,0,1,0,1,0,1,0,1
Shelter Rescue,dog,Pit Bull Mix,kitten_puppy,Black,Friendly; Energetic; Playful,house_no_yard,moderate,experienced,1,0,0_3,Friendly,0,0,1,0,1,0,0,1,1,0,1,0,0,0,1,0,1,0,0,0,0,0.57735,0,1,0,0,0,0,0,0,0,1,0,1,0,1,0,0,0,1
*Twix,cat,Domestic Shorthair Mix,kitten_puppy,Black,Energetic; Playful; Affectionate,apartment,high,experienced,0,1,8_plus,Playful,1,0,0,0,0,1,0,1,0,1,0,0,1,0,0,1,1,0,0,0,0,0.57735,0,0,0,0,0,1,0,0,0,0,0,1,0,1,0,1,0,1
Penelope,dog,Miniature Pinscher Mix,kitten_puppy,White,Friendly; Energetic; Playful,house_no_yard,high,first_time,0,0,0_3,Calm,0,0,1,0,0,1,1,0,0,0,1,0,0,0,1,0,1,0,0,0,0,0.0,0,0,1,0,0,0,0,0,0,1,0,1,0,1,0,0,0,1
Macie,dog,Black Mouth Cur Mix,young,Black,Friendly; Energetic; Playful,house_with_yard,moderate,first_time,0,0,4_7,Affectionate; Energetic; Independent,0,1,0,0,1,0,1,0,0,0,0,1,0,1,1,0,0,1,0,0,0,0.333333,0,0,0,1,0,0,1,1,0,1,0,1,0,1,0,0,0,1
Rosie,dog,Pit Bull Mix,kitten_puppy,White,Friendly; Energetic; Playful,apartment,relaxed,first_time,0,0,4_7,Energetic; Independent; Friendly,1,0,0,1,0,0,1,0,0,0,0,1,0,0,1,0,1,0,0,0,0,0.666667,0,1,0,1,0,0,1,0,0,1,0,1,0,1,0,0,0,0
Luna,dog,Chihuahua Shorthair,kitten_puppy,Tricolor,Friendly; Calm; Energetic; Playful; Affectionate,house_no_yard,relaxed,first_time,0,0,0_3,Friendly,0,0,1,1,0,0,1,0,0,0,1,0,0,0,1,0,1,0,0,0,0,0.447214,0,1,0,0,0,0,0,0,0,1,1,1,0,1,0,1,0,1
Shelter Rescue,dog,Norwich Terrier Mix,young,White,Friendly; Energetic; Playful,house_no_yard,relaxed,first_time,0,0,8_plus,Shy,0,0,1,1,0,0,1,0,0,0,0,0,1,0,1,0,0,1,0,0,0,0.0,0,0,0,0,1,0,0,0,0,1,0,1,0,1,0,0,0,0
Cookie,dog,Staffordshire Mix,adult,Black,Friendly; Affectionate,house_no_yard,relaxed,experienced,1,0,8_plus,Calm; Shy,0,0,1,1,0,0,0,1,1,0,0,0,1,0,1,0,0,0,1,0,0,0.0,0,0,1,0,1,0,0,0,0,1,0,0,0,0,0,1,0,0
*Champ,dog,Pit Bull Mix,young,White,Friendly; Energetic; Playful,house_no_yard,moderate,first_time,0,1,0_3,Affectionate,0,0,1,0,1,0,1,0,0,1,1,0,0,0,1,0,0,1,0,0,0,0.0,0,0,0,0,0,0,0,1,0,1,0,1,0,1,0,0,0,0
*Leonel,cat,Domestic Shorthair Mix,kitten_puppy,Black,Energetic; Playful; Affectionate,house_with_yard,high,experienced,0,0,4_7,Shy; Affectionate,0,1,0,0,0,1,0,1,0,0,0,1,0,0,0,1,1,0,0,0,0,0.408248,1,0,0,0,1,0,0,1,0,0,0,1,0,1,0,1,0,1
*Poppy,dog,Jack Russell Terrier Mix,young,Tricolor,Friendly; Energetic; Playful,house_with_yard,high,experienced,1,0,4_7,Shy; Protective,0,1,0,0,0,1,0,1,1,0,0,1,0,0,1,0,0,1,0,0,0,0.0,0,0,0,0,1,0,0,0,1,1,0,1,0,1,0,0,0,1
Binkey,dog,Rottweiler Mix,kitten_puppy,Black,Friendly; Energetic; Playful,house_no_yard,relaxed,first_time,0,0,0_3,Energetic; Protective; Friendly,0,0,1,1,0,0,1,0,0,0,1,0,0,0,1,0,1,0,0,0,0,0.666667,0,1,0,1,0,0,0,0,1,1,0,1,0,1,0,0,0,1
Shelter Rescue,cat,Domestic Shorthair Mix,kitten_puppy,White,Energetic; Playful; Affectionate,house_with_yard,high,experienced,0,0,0_3,Affectionate,0,1,0,0,0,1,0,1,0,0,1,0,0,1,0,1,1,0,0,0,0,0.57735,0,0,0,0,0,0,0,1,0,0,0,1,0,1,0,1,0,1
*Jersey,dog,German Shepherd Mix,adult,Brown,Friendly; Energetic; Affectionate; Protective,house_no_yard,moderate,first_time,1,1,8_plus,Affectionate; Friendly,0,0,1,0,1,0,1,0,1,1,0,0,1,0,1,0,0,0,1,0,0,0.707107,0,1,0,0,0,0,0,1,0,1,0,1,0,0,0,1,1,1
Felix,dog,Bearded Collie,adult,Black,Friendly; Energetic; Affectionate,house_no_yard,moderate,first_time,1,0,4_7,Playful; Independent; Friendly,0,0,1,0,1,0,1,0,1,0,0,1,0,0,1,0,0,0,1,0,0,0.333333,0,1,0,0,0,1,1,0,0,1,0,1,0,0,0,1,0,1
Gryffindor,cat,Domestic Longhair Mix,kitten_puppy,Tabby,Energetic; Playful; Affectionate,apartment,relaxed,first_time,0,1,8_plus,Energetic,1,0,0,1,0,0,1,0,0,1,0,0,1,1,0,1,1,0,0,0,0,0.57735,0,0,0,1,0,0,0,0,0,0,0,1,0,1,0,1,0,1
Zack,cat,Domestic Shorthair Mix,kitten_puppy,Orange,Energetic; Playful; Affectionate,apartment,high,experienced,1,1,8_plus,Friendly; Shy,1,0,0,0,0,1,0,1,1,1,0,0,1,0,0,1,1,0,0,0,0,0.0,0,1,0,0,1,0,0,0,0,0,0,1,0,1,0,1,0,1
Shelter Rescue,cat,Domestic Shorthair,kitten_puppy,Orange,Energetic; Playful; Affectionate,apartment,moderate,first_time,1,0,0_3,Protective,1,0,0,0,1,0,1,0,1,0,1,0,0,1,0,1,1,0,0,0,0,0.0,1,0,0,0,0,0,0,0,1,0,0,1,0,1,0,1,0,1
Shelter Rescue,dog,Labrador Retriever Mix,kitten_puppy,Tricolor,Friendly; Energetic; Playful; Affectionate,apartment,moderate,first_time,0,0,0_3,Calm; Independent,1,0,0,0,1,0,1,0,0,0,1,0,0,0,1,0,1,0,0,0,0,0.0,0,0,1,0,0,0,1,0,0,1,0,1,0,1,0,1,0,0
Chloe,dog,Dachshund Longhair Mix,kitten_puppy,Black,Friendly; Calm; Energetic; Playful; Affectionate,house_with_yard,high,experienced,0,0,0_3,Friendly,0,1,0,0,0,1,0,1,0,0,1,0,0,0,1,0,1,0,0,0,0,0.447214,0,1,0,0,0,0,0,0,0,1,1,1,0,1,0,1,0,1
*Dusty,dog,Chihuahua Shorthair Mix,kitten_puppy,Black,Friendly; Calm; Energetic; Playful; Affectionate,apartment,moderate,experienced,0,0,0_3,Affectionate,1,0,0,0,1,0,0,1,0,0,1,0,0,0,1,0,1,0,0,0,0,0.447214,0,0,0,0,0,0,0,1,0,1,1,1,0,1,0,1,0,1
Shelter Rescue,dog,Weimaraner Mix,kitten_puppy,Brown,Friendly; Energetic; Playful,apartment,moderate,experienced,0,0,8_plus,Calm,1,0,0,0,1,0,0,1,0,0,0,0,1,1,1,0,1,0,0,0,0,0.0,0,0,1,0,0,0,0,0,0,1,0,1,0,1,0,0,0,0
Moose,cat,Domestic Shorthair Mix,kitten_puppy,Tricolor,Energetic; Playful; Affectionate,apartment,relaxed,first_time,0,0,4_7,Independent; Protective; Calm,1,0,0,1,0,0,1,0,0,0,0,1,0,0,0,1,1,0,0,0,0,0.0,0,0,1,0,0,0,1,0,1,0,0,1,0,1,0,1,0,0
*Rudolph,cat,Domestic Shorthair Mix,kitten_puppy,Black,Energetic; Playful; Affectionate,house_with_yard,high,first_time,0,1,0_3,Affectionate,0,1,0,0,0,1,1,0,0,1,1,0,0,1,0,1,1,0,0,0,0,0.57735,0,0,0,0,0,0,0,1,0,0,0,1,0,1,0,1,0,1
*Toffee,dog,Chihuahua Longhair Mix,kitten_puppy,Tricolor,Friendly; Calm; Energetic; Playful; Affectionate,apartment,moderate,first_time,1,0,0_3,Independent; Calm,1,0,0,0,1,0,1,0,1,0,1,0,0,1,1,0,1,0,0,0,0,0.316228,0,0,1,0,0,0,1,0,0,1,1,1,0,1,0,1,0,1
Lady,dog,Australian Kelpie Mix,adult,Black,Friendly; Affectionate,apartment,moderate,experienced,0,1,4_7,Shy; Friendly; Independent,1,0,0,0,1,0,0,1,0,1,0,1,0,0,1,0,0,0,1,0,0,0.408248,1,1,0,0,1,0,1,0,0,1,0,0,0,0,0,1,0,1
Horus,cat,Domestic Shorthair Mix,adult,White,Calm; Independent; Affectionate,apartment,moderate,first_time,0,0,0_3,Energetic; Calm; Protective,1,0,0,0,1,0,1,0,0,0,1,0,0,0,0,1,0,0,1,0,0,0.333333,0,0,1,1,0,0,0,0,1,0,1,0,0,0,1,1,0,1
Shelter Rescue,dog,Miniature Schnauzer Mix,kitten_puppy,Black,Friendly; Energetic; Playful,apartment,high,experienced,1,1,8_plus,Independent,1,0,0,0,0,1,0,1,1,1,0,0,1,0,1,0,1,0,0,0,0,0.0,1,0,0,0,0,0,1,0,0,1,0,1,0,1,0,0,0,0
Bella,dog,Blue Lacy Mix,kitten_puppy,White,Friendly; Energetic; Playful,house_no_yard,high,experienced,1,0,0_3,Shy,0,0,1,0,0,1,0,1,1,0,1,0,0,1,1,0,1,0,0,0,0,0.0,0,0,0,0,1,0,0,0,0,1,0,1,0,1,0,0,0,1
*Clove,dog,German Shepherd/Chow Chow,young,Black,Friendly; Energetic; Playful; Protective,apartment,relaxed,experienced,1,0,8_plus,Shy; Energetic; Playful,1,0,0,1,0,0,0,1,1,0,0,0,1,0,1,0,0,1,0,0,0,0.57735,0,0,0,1,1,1,0,0,0,1,0,1,0,1,0,0,1,0
Shelter Rescue,cat,Domestic Shorthair Mix,kitten_puppy,Gray,Energetic; Playful; Affectionate,house_no_yard,moderate,first_time,0,0,4_7,Independent; Affectionate,0,0,1,0,1,0,1,0,0,0,0,1,0,1,0,1,1,0,0,0,0,0.408248,0,0,0,0,0,0,1,1,0,0,0,1,0,1,0,1,0,0
Razzle,dog,Wire Hair Fox Terrier Mix,young,White,Friendly; Energetic; Playful,apartment,moderate,experienced,0,1,4_7,Independent; Friendly; Protective,1,0,0,0,1,0,0,1,0,1,0,1,0,0,1,0,0,1,0,0,0,0.333333,0,1,0,0,0,0,1,0,1,1,0,1,0,1,0,0,0,0
Porsche,dog,Pit Bull Mix,kitten_puppy,White,Friendly; Energetic; Playful,house_with_yard,moderate,first_time,0,1,8_plus,Playful; Calm; Affectionate,0,1,0,0,1,0,1,0,0,1,0,0,1,1,1,0,1,0,0,0,0,0.333333,1,0,1,0,0,1,0,1,0,1,0,1,0,1,0,0,0,1
*Betty,cat,Domestic Shorthair Mix,kitten_puppy,Black,Energetic; Playful; Affectionate,house_with_yard,high,experienced,1,1,0_3,Independent; Affectionate; Calm,0,1,0,0,0,1,0,1,1,1,1,0,0,0,0,1,1,0,0,0,0,0.333333,1,0,1,0,0,0,1,1,0,0,0,1,0,1,0,1,0,1
*Julius,cat,Domestic Shorthair Mix,kitten_puppy,Tabby,Energetic; Playful; Affectionate,house_no_yard,moderate,first_time,0,1,4_7,Energetic; Independent; Protective,0,0,1,0,1,0,1,0,0,1,0,1,0,0,0,1,1,0,0,0,0,0.333333,0,0,0,1,0,0,1,0,1,0,0,1,0,1,0,1,0,0
Shelter Rescue,dog,Labrador Retriever Mix,kitten_puppy,Black,Friendly; Energetic; Playful; Affectionate,house_with_yard,moderate,experienced,1,0,4_7,Playful; Independent,0,1,0,0,1,0,0,1,1,0,0,1,0,0,1,0,1,0,0,0,0,0.353553,1,0,0,0,0,1,1,0,0,1,0,1,0,1,0,1,0,1
Rufio,dog,Boxer Mix,young,White,Friendly; Energetic; Playful,house_no_yard,high,experienced,0,0,4_7,Affectionate,0,0,1,0,0,1,0,1,0,0,0,1,0,0,1,0,0,1,0,0,0,0.0,0,0,0,0,0,0,0,1,0,1,0,1,0,1,0,0,0,0
Shelter Rescue,cat,Domestic Shorthair Mix,young,Gray,Calm; Independent; Affectionate,house_no_yard,high,experienced,0,0,8_plus,Shy,0,0,1,0,0,1,0,1,0,0,0,0,1,0,0,1,0,1,0,0,0,0.0,0,0,0,0,1,0,0,0,0,0,1,0,0,0,1,1,0,0
Sammie,dog,Black Mouth Cur Mix,kitten_puppy,Black,Friendly; Energetic; Playful,house_with_yard,moderate,first_time,0,1,4_7,Independent; Protective,0,1,0,0,1,0,1,0,0,1,0,1,0,0,1,0,1,0,0,0,0,0.0,0,0,0,0,0,0,1,0,1,1,0,1,0,1,0,0,0,1
Rico,cat,Domestic Shorthair Mix,kitten_puppy,Orange,Energetic; Playful; Affectionate,house_no_yard,high,first_time,1,0,8_plus,Shy; Affectionate; Independent,0,0,1,0,0,1,1,0,1,0,0,0,1,0,0,1,1,0,0,0,0,0.333333,0,0,0,0,1,0,1,1,0,0,0,1,0,1,0,1,0,0
Shelter Rescue,dog,Miniature Schnauzer Mix,young,White,Friendly; Energetic; Playful,house_no_yard,relaxed,first_time,0,1,4_7,Affectionate,0,0,1,1,0,0,1,0,0,1,0,1,0,0,1,0,0,1,0,0,0,0.0,0,0,0,0,0,0,0,1,0,1,0,1,0,1,0,0,0,0
Cookie,dog,Pit Bull Mix,young,White,Friendly; Energetic; Playful,house_no_yard,high,experienced,0,0,8_plus,Shy,0,0,1,0,0,1,0,1,0,0,0,0,1,0,1,0,0,1,0,0,0,0.0,0,0,0,0,1,0,0,0,0,1,0,1,0,1,0,0,0,0
*Thunderpaw,cat,Domestic Shorthair Mix,young,White,Calm; Independent; Affectionate,apartment,high,experienced,1,0,0_3,Playful; Shy; Friendly,1,0,0,0,0,1,0,1,1,0,1,0,0,1,0,1,0,1,0,0,0,0.0,0,1,0,0,1,1,0,0,0,0,1,0,0,0,1,1,0,1
*Marco,cat,Domestic Shorthair Mix,kitten_puppy,Black,Energetic; Playful; Affectionate,house_with_yard,relaxed,experienced,1,1,0_3,Affectionate; Calm,0,1,0,1,0,0,0,1,1,1,1,0,0,0,0,1,1,0,0,0,0,0.408248,0,0,1,0,0,0,0,1,0,0,0,1,0,1,0,1,0,1
*Obsidian,cat,Domestic Shorthair Mix,kitten_puppy,Black,Energetic; Playful; Affectionate,house_with_yard,high,experienced,1,1,0_3,Independent; Affectionate,0,1,0,0,0,1,0,1,1,1,1,0,0,0,0,1,1,0,0,0,0,0.408248,1,0,0,0,0,0,1,1,0,0,0,1,0,1,0,1,0,1
Rex,cat,Domestic Shorthair Mix,adult,Orange,Calm; Independent; Affectionate,house_with_yard,high,experienced,0,0,0_3,Protective; Playful,0,1,0,0,0,1,0,1,0,0,1,0,0,0,0,1,0,0,1,0,0,0.0,0,0,0,0,0,1,0,0,1,0,1,0,0,0,1,1,0,0
Ruger,dog,Australian Cattle Dog/Pointer,young,Orange,Friendly; Energetic; Playful,house_no_yard,moderate,first_time,0,1,4_7,Independent; Affectionate; Protective,0,0,1,0,1,0,1,0,0,1,0,1,0,0,1,0,0,1,0,0,0,0.0,0,0,0,0,0,0,1,1,1,1,0,1,0,1,0,0,0,0
Shelter Rescue,dog,German Shepherd Mix,kitten_puppy,White,Friendly; Energetic; Playful; Protective,apartment,relaxed,first_time,0,0,4_7,Shy; Playful,1,0,0,1,0,0,1,0,0,0,0,1,0,0,1,0,1,0,0,0,0,0.353553,0,0,0,0,1,1,0,0,0,1,0,1,0,1,0,0,1,0
Zeus,dog,Labrador Retriever Mix,adult,Brown,Friendly; Playful; Affectionate,house_with_yard,relaxed,experienced,0,1,4_7,Protective; Independent; Shy,0,1,0,1,0,0,0,1,0,1,0,1,0,0,1,0,0,0,1,0,0,0.0,1,0,0,0,1,0,1,0,1,1,0,0,0,1,0,1,0,1
*Olga,cat,Domestic Shorthair Mix,kitten_puppy,Gray,Energetic; Playful; Affectionate,apartment,high,experienced,0,1,4_7,Independent; Affectionate; Protective,1,0,0,0,0,1,0,1,0,1,0,1,0,1,0,1,1,0,0,0,0,0.333333,0,0,0,0,0,0,1,1,1,0,0,1,0,1,0,1,0,1
*Morris,dog,Jack Russell Terrier Mix,kitten_puppy,White,Friendly; Energetic; Playful,house_no_yard,high,first_time,0,1,8_plus,Independent; Friendly,0,0,1,0,0,1,1,0,0,1,0,0,1,0,1,0,1,0,0,0,0,0.408248,1,1,0,0,0,0,1,0,0,1,0,1,0,1,0,0,0,1
Mr. Fluffers,cat,Domestic Shorthair Mix,kitten_puppy,Orange,Energetic; Playful; Affectionate,apartment,high,first_time,1,0,0_3,Energetic; Affectionate,1,0,0,0,0,1,1,0,1,0,1,0,0,1,0,1,1,0,0,0,0,0.816497,0,0,0,1,0,0,0,1,0,0,0,1,0,1,0,1,0,1
Leo,dog,Pit Bull Mix,adult,Orange,Friendly; Energetic; Affectionate,apartment,moderate,first_time,0,0,4_7,Independent,1,0,0,0,1,0,1,0,0,0,0,1,0,0,1,0,0,0,1,0,0,0.0,0,0,0,0,0,0,1,0,0,1,0,1,0,0,0,1,0,0
Shelter Rescue,cat,Domestic Shorthair Mix,kitten_puppy,Tricolor,Energetic; Playful; Affectionate,apartment,moderate,experienced,1,0,4_7,Friendly; Playful,1,0,0,0,1,0,0,1,1,0,0,1,0,1,0,1,1,0,0,0,0,0.408248,0,1,0,0,0,1,0,0,0,0,0,1,0,1,0,1,0,1
Shelter Rescue,cat,Domestic Shorthair Mix,kitten_puppy,Black,Energetic; Playful; Affectionate,apartment,relaxed,experienced,1,1,0_3,Independent; Shy,1,0,0,1,0,0,0,1,1,1,1,0,0,0,0,1,1,0,0,0,0,0.0,1,0,0,0,1,0,1,0,0,0,0,1,0,1,0,1,0,1
Olivia,dog,Chihuahua Shorthair Mix,young,White,Friendly; Calm; Energetic; Playful; Affectionate,house_no_yard,moderate,experienced,0,1,4_7,Playful; Friendly,0,0,1,0,1,0,0,1,0,1,0,1,0,0,1,0,0,1,0,0,0,0.632456,0,1,0,0,0,1,0,0,0,1,1,1,0,1,0,1,0,1
Shelter Rescue,cat,Domestic Shorthair Mix,kitten_puppy,Orange,Energetic; Playful; Affectionate,house_with_yard,moderate,first_time,0,0,0_3,Calm; Shy,0,1,0,0,1,0,1,0,0,0,1,0,0,1,0,1,1,0,0,0,0,0.0,0,0,1,0,1,0,0,0,0,0,0,1,0,1,0,1,0,1
*Diamond,dog,Australian Cattle Dog Mix,kitten_puppy,White,Friendly; Energetic; Playful,house_with_yard,moderate,experienced,0,1,8_plus,Affectionate; Shy; Calm,0,1,0,0,1,0,0,1,0,1,0,0,1,0,1,0,1,0,0,0,0,0.0,0,0,1,0,1,0,0,1,0,1,0,1,0,1,0,0,0,0
*Boss,dog,Pembroke Welsh Corgi,adult,Tricolor,Friendly; Affectionate,apartment,high,experienced,0,0,4_7,Energetic; Affectionate,1,0,0,0,0,1,0,1,0,0,0,1,0,0,1,0,0,0,1,0,0,0.5,0,0,0,1,0,0,0,1,0,1,0,0,0,0,0,1,0,0
Michi,dog,Doberman Pinsch/Labrador Retriever,young,Brown,Friendly; Energetic; Playful; Affectionate,house_with_yard,moderate,first_time,0,0,4_7,Independent,0,1,0,0,1,0,1,0,0,0,0,1,0,1,1,0,0,1,0,0,0,0.0,0,0,0,0,0,0,1,0,0,1,0,1,0,1,0,1,0,1
Shelter Rescue,dog,Chihuahua Shorthair Mix,adult,White,Friendly; Calm; Affectionate,house_no_yard,high,experienced,0,0,8_plus,Friendly; Playful; Protective,0,0,1,0,0,1,0,1,0,0,0,0,1,0,1,0,0,0,1,0,0,0.333333,0,1,0,0,0,1,0,0,1,1,1,0,0,0,0,1,0,1
Cleo,dog,Australian Cattle Dog Mix,young,Orange,Friendly; Energetic; Playful,house_no_yard,moderate,first_time,1,1,4_7,Affectionate; Playful,0,0,1,0,1,0,1,0,1,1,0,1,0,0,1,0,0,1,0,0,0,0.408248,0,0,0,0,0,1,0,1,0,1,0,1,0,1,0,0,0,1
Ginger,cat,Domestic Shorthair Mix,kitten_puppy,Orange,Energetic; Playful; Affectionate,house_no_yard,relaxed,first_time,1,0,8_plus,Protective; Playful; Friendly,0,0,1,1,0,0,1,0,1,0,0,0,1,0,0,1,1,0,0,0,0,0.333333,0,1,0,0,0,1,0,0,1,0,0,1,0,1,0,1,0,0
Shelter Rescue,cat,Domestic Shorthair Mix,kitten_puppy,Orange,Energetic; Playful; Affectionate,house_with_yard,moderate,experienced,0,1,4_7,Friendly; Playful,0,1,0,0,1,0,0,1,0,1,0,1,0,0,0,1,1,0,0,0,0,0.408248,0,1,0,0,0,1,0,0,0,0,0,1,0,1,0,1,0,1
*Mason,dog,Collie Smooth/Labrador Retriever,young,White,Friendly; Energetic; Playful; Affectionate,house_with_yard,high,experienced,1,1,0_3,Protective; Affectionate; Independent,0,1,0,0,0,1,0,1,1,1,1,0,0,0,1,0,0,1,0,0,0,0.288675,0,0,0,0,0,0,1,1,1,1,0,1,0,1,0,1,0,1
Bo Bo,dog,Labrador Retriever Mix,young,White,Friendly; Energetic; Playful; Affectionate,house_no_yard,moderate,first_time,1,0,8_plus,Friendly,0,0,1,0,1,0,1,0,1,0,0,0,1,0,1,0,0,1,0,0,0,0.5,0,1,0,0,0,0,0,0,0,1,0,1,0,1,0,1,0,1
*Mocha,dog,Beagle/Black Mouth Cur,young,Black,Friendly; Energetic; Playful; Affectionate,house_no_yard,relaxed,experienced,0,0,4_7,Playful; Friendly,0,0,1,1,0,0,0,1,0,0,0,1,0,0,1,0,0,1,0,0,0,0.707107,1,1,0,0,0,1,0,0,0,1,0,1,0,1,0,1,0,1
Miu,dog,Pit Bull Mix,kitten_puppy,Gray,Friendly; Energetic; Playful,house_with_yard,moderate,experienced,0,1,8_plus,Friendly,0,1,0,0,1,0,0,1,0,1,0,0,1,0,1,0,1,0,0,0,0,0.57735,0,1,0,0,0,0,0,0,0,1,0,1,0,1,0,0,0,1
*Landry,dog,Pit Bull Mix,kitten_puppy,Black,Friendly; Energetic; Playful,house_with_yard,moderate,first_time,0,0,4_7,Energetic; Protective,0,1,0,0,1,0,1,0,0,0,0,1,0,0,1,0,1,0,0,0,0,0.408248,1,0,0,1,0,0,0,0,1,1,0,1,0,1,0,0,0,1
*Doodlebug,dog,Chihuahua Shorthair Mix,young,Black,Friendly; Calm; Energetic; Playful; Affectionate,house_with_yard,high,first_time,0,1,8_plus,Friendly; Affectionate,0,1,0,0,0,1,1,0,0,1,0,0,1,0,1,0,0,1,0,0,0,0.632456,1,1,0,0,0,0,0,1,0,1,1,1,0,1,0,1,0,1
*Tess,cat,Domestic Shorthair Mix,kitten_puppy,Tricolor,Energetic; Playful; Affectionate,house_no_yard,relaxed,first_time,0,1,0_3,Calm,0,0,1,1,0,0,1,0,0,1,1,0,0,1,0,1,1,0,0,0,0,0.0,0,0,1,0,0,0,0,0,0,0,0,1,0,1,0,1,0,1
Hugo,dog,Labrador Retriever/Boxer,adult,Brown,Friendly; Energetic; Playful; Affectionate,house_no_yard,moderate,first_time,0,0,0_3,Affectionate; Playful; Energetic,0,0,1,0,1,0,1,0,0,0,1,0,0,1,1,0,0,0,1,0,0,0.866025,0,0,0,1,0,1,0,1,0,1,0,1,0,1,0,1,0,1
Shelter Rescue,cat,Domestic Shorthair Mix,kitten_puppy,Tabby,Energetic; Playful; Affectionate,apartment,relaxed,first_time,1,1,8_plus,Protective,1,0,0,1,0,0,1,0,1,1,0,0,1,0,0,1,1,0,0,0,0,0.0,0,0,0,0,0,0,0,0,1,0,0,1,0,1,0,1,0,0
*Grace,cat,Domestic Medium Hair Mix,kitten_puppy,White,Energetic; Playful; Affectionate,house_no_yard,high,experienced,0,1,4_7,Calm; Affectionate; Playful,0,0,1,0,0,1,0,1,0,1,0,1,0,1,0,1,1,0,0,0,0,0.666667,0,0,1,0,0,1,0,1,0,0,0,1,0,1,0,1,0,1
Tucker,dog,Labrador Retriever Mix,kitten_puppy,White,Friendly; Energetic; Playful; Affectionate,house_with_yard,moderate,first_time,0,0,4_7,Shy,0,1,0,0,1,0,1,0,0,0,0,1,0,0,1,0,1,0,0,0,0,0.0,0,0,0,0,1,0,0,0,0,1,0,1,0,1,0,1,0,1
Shelter Rescue,cat,Domestic Shorthair Mix,kitten_puppy,Tricolor,Energetic; Playful; Affectionate,apartment,high,experienced,0,0,8_plus,Energetic,1,0,0,0,0,1,0,1,0,0,0,0,1,0,0,1,1,0,0,0,0,0.57735,0,0,0,1,0,0,0,0,0,0,0,1,0,1,0,1,0,1
Ramona,cat,Domestic Shorthair Mix,kitten_puppy,Tricolor,Energetic; Playful; Affectionate,apartment,high,first_time,0,0,8_plus,Independent,1,0,0,0,0,1,1,0,0,0,0,0,1,0,0,1,1,0,0,0,0,0.0,1,0,0,0,0,0,1,0,0,0,0,1,0,1,0,1,0,0
*Poppy,cat,Domestic Medium Hair Mix,kitten_puppy,Black,Energetic; Playful; Affectionate,house_with_yard,high,experienced,1,1,0_3,Shy; Playful; Friendly,0,1,0,0,0,1,0,1,1,1,1,0,0,0,0,1,1,0,0,0,0,0.333333,0,1,0,0,1,1,0,0,0,0,0,1,0,1,0,1,0,1
*Stewart,cat,Domestic Medium Hair Mix,kitten_puppy,White,Energetic; Playful; Affectionate,apartment,moderate,first_time,1,1,8_plus,Affectionate; Protective,1,0,0,0,1,0,1,0,1,1,0,0,1,0,0,1,1,0,0,0,0,0.408248,1,0,0,0,0,0,0,1,1,0,0,1,0,1,0,1,0,1
Tesla,cat,Domestic Shorthair Mix,kitten_puppy,Black,Energetic; Playful; Affectionate,apartment,high,experienced,0,1,0_3,Independent; Affectionate,1,0,0,0,0,1,0,1,0,1,1,0,0,0,0,1,1,0,0,0,0,0.408248,0,0,0,0,0,0,1,1,0,0,0,1,0,1,0,1,0,1
*Mia,cat,Domestic Longhair Mix,kitten_puppy,Black,Energetic; Playful; Affectionate,apartment,moderate,first_time,1,1,8_plus,Calm; Friendly; Playful,1,0,0,0,1,0,1,0,1,1,0,0,1,1,0,1,1,0,0,0,0,0.333333,1,1,1,0,0,1,0,0,0,0,0,1,0,1,0,1,0,1
Talloulah,dog,Boxer Mix,young,White,Friendly; Energetic; Playful,house_with_yard,moderate,experienced,1,1,0_3,Friendly,0,1,0,0,1,0,0,1,1,1,1,0,0,1,1,0,0,1,0,0,0,0.57735,0,1,0,0,0,0,0,0,0,1,0,1,0,1,0,0,0,1
Blue Cheese,dog,Pit Bull Mix,adult,White,Friendly; Energetic; Affectionate,house_no_yard,relaxed,experienced,1,0,0_3,Calm,0,0,1,1,0,0,0,1,1,0,1,0,0,0,1,0,0,0,1,0,0,0.0,0,0,1,0,0,0,0,0,0,1,0,1,0,0,0,1,0,1
Tara,dog,Dogue De Bordeaux/Labrador Retriever,young,White,Friendly; Energetic; Playful; Affectionate,apartment,high,experienced,0,0,4_7,Calm,1,0,0,0,0,1,0,1,0,0,0,1,0,0,1,0,0,1,0,0,0,0.0,0,0,1,0,0,0,0,0,0,1,0,1,0,1,0,1,0,0
Shelter Rescue,dog,Chihuahua Shorthair Mix,young,White,Friendly; Calm; Energetic; Playful; Affectionate,house_no_yard,relaxed,experienced,0,1,0_3,Affectionate; Calm; Shy,0,0,1,1,0,0,0,1,0,1,1,0,0,0,1,0,0,1,0,0,0,0.516398,1,0,1,0,1,0,0,1,0,1,1,1,0,1,0,1,0,1
Charlotte,cat,Domestic Shorthair Mix,young,Tricolor,Calm; Independent; Affectionate,house_with_yard,moderate,first_time,0,1,4_7,Playful,0,1,0,0,1,0,1,0,0,1,0,1,0,0,0,1,0,1,0,0,0,0.0,0,0,0,0,0,1,0,0,0,0,1,0,0,0,1,1,0,0
Shelter Rescue,cat,Domestic Medium Hair Mix,kitten_puppy,Black,Energetic; Playful; Affectionate,house_no_yard,moderate,first_time,1,1,0_3,Playful,0,0,1,0,1,0,1,0,1,1,1,0,0,0,0,1,1,0,0,0,0,0.57735,0,0,0,0,0,1,0,0,0,0,0,1,0,1,0,1,0,1
Logan,cat,Domestic Shorthair Mix,adult,Tabby,Calm; Independent; Affectionate,house_no_yard,relaxed,first_time,0,0,8_plus,Energetic; Protective,0,0,1,1,0,0,1,0,0,0,0,0,1,0,0,1,0,0,1,0,0,0.0,0,0,0,1,0,0,0,0,1,0,1,0,0,0,1,1,0,1
Shelter Rescue,dog,Standard Schnauzer,kitten_puppy,Orange,Friendly; Energetic; Playful,house_no_yard,relaxed,first_time,1,0,0_3,Protective,0,0,1,1,0,0,1,0,1,0,1,0,0,1,1,0,1,0,0,0,0,0.0,1,0,0,0,0,0,0,0,1,1,0,1,0,1,0,0,0,1
Shelter Rescue,cat,Domestic Shorthair,kitten_puppy,White,Energetic; Playful; Affectionate,apartment,high,first_time,1,0,4_7,Shy; Calm; Protective,1,0,0,0,0,1,1,0,1,0,0,1,0,0,0,1,1,0,0,0,0,0.0,0,0,1,0,1,0,0,0,1,0,0,1,0,1,0,1,0,1
*Barbie,dog,Pit Bull Mix,young,White,Friendly; Energetic; Playful,apartment,moderate,first_time,0,0,8_plus,Friendly,1,0,0,0,1,0,1,0,0,0,0,0,1,0,1,0,0,1,0,0,0,0.57735,0,1,0,0,0,0,0,0,0,1,0,1,0,1,0,0,0,0
*Hannah Blue,dog,Blue Lacy Mix,young,White,Friendly; Energetic; Playful,house_no_yard,high,first_time,0,0,8_plus,Friendly; Energetic; Playful,0,0,1,0,0,1,1,0,0,0,0,0,1,0,1,0,0,1,0,0,0,1.0,0,1,0,1,0,1,0,0,0,1,0,1,0,1,0,0,0,1
Pearl,cat,Domestic Shorthair Mix,senior,Tricolor,Calm; Independent,house_no_yard,relaxed,experienced,0,1,8_plus,Friendly; Playful,0,0,1,1,0,0,0,1,0,1,0,0,1,0,0,1,0,0,0,1,0,0.0,0,1,0,0,0,1,0,0,0,0,1,0,0,0,1,0,0,1
Major,dog,American Staffordshire Terrier,adult,White,Friendly; Energetic; Affectionate,house_with_yard,moderate,first_time,1,1,8_plus,Calm; Independent; Protective,0,1,0,0,1,0,1,0,1,1,0,0,1,0,1,0,0,0,1,0,0,0.0,0,0,1,0,0,0,1,0,1,1,0,1,0,0,0,1,0,1
Lady,dog,Pit Bull Mix,kitten_puppy,White,Friendly; Energetic; Playful,house_no_yard,high,first_time,0,1,0_3,Calm; Playful,0,0,1,0,0,1,1,0,0,1,1,0,0,0,1,0,1,0,0,0,0,0.408248,0,0,1,0,0,1,0,0,0,1,0,1,0,1,0,0,0,1
*Gabriel,cat,Domestic Shorthair Mix,kitten_puppy,White,Energetic; Playful; Affectionate,house_with_yard,relaxed,first_time,0,0,0_3,Friendly; Affectionate,0,1,0,1,0,0,1,0,0,0,1,0,0,1,0,1,1,0,0,0,0,0.408248,0,1,0,0,0,0,0,1,0,0,0,1,0,1,0,1,0,1
Snowflake,cat,Domestic Shorthair Mix,kitten_puppy,Tricolor,Energetic; Playful; Affectionate,apartment,high,first_time,1,0,8_plus,Friendly; Calm,1,0,0,0,0,1,1,0,1,0,0,0,1,0,0,1,1,0,0,0,0,0.0,0,1,1,0,0,0,0,0,0,0,0,1,0,1,0,1,0,0
Prince,cat,Domestic Shorthair Mix,kitten_puppy,Black,Energetic; Playful; Affectionate,apartment,high,first_time,1,0,0_3,Playful; Friendly,1,0,0,0,0,1,1,0,1,0,1,0,0,0,0,1,1,0,0,0,0,0.408248,0,1,0,0,0,1,0,0,0,0,0,1,0,1,0,1,0,1
Shelter Rescue,dog,Labrador Retriever Mix,kitten_puppy,Brown,Friendly; Energetic; Playful; Affectionate,house_with_yard,high,first_time,0,0,8_plus,Affectionate; Playful,0,1,0,0,0,1,1,0,0,0,0,0,1,1,1,0,1,0,0,0,0,0.707107,0,0,0,0,0,1,0,1,0,1,0,1,0,1,0,1,0,1
Jackson,cat,Domestic Shorthair Mix,kitten_puppy,Black,Energetic; Playful; Affectionate,house_with_yard,relaxed,experienced,1,1,4_7,Friendly,0,1,0,1,0,0,0,1,1,1,0,1,0,1,0,1,1,0,0,0,0,0.0,0,1,0,0,0,0,0,0,0,0,0,1,0,1,0,1,0,1
*Augusta,dog,Chihuahua Shorthair Mix,young,Brown,Friendly; Calm; Energetic; Playful; Affectionate,apartment,high,experienced,0,0,8_plus,Affectionate; Calm; Shy,1,0,0,0,0,1,0,1,0,0,0,0,1,0,1,0,0,1,0,0,0,0.516398,0,0,1,0,1,0,0,1,0,1,1,1,0,1,0,1,0,1
*Blueboy,cat,Domestic Shorthair Mix,kitten_puppy,Gray,Energetic; Playful; Affectionate,apartment,relaxed,first_time,1,0,8_plus,Shy,1,0,0,1,0,0,1,0,1,0,0,0,1,1,0,1,1,0,0,0,0,0.0,1,0,0,0,1,0,0,0,0,0,0,1,0,1,0,1,0,0
*Speedygonz,dog,Chihuahua Shorthair Mix,young,White,Friendly; Calm; Energetic; Playful; Affectionate,house_with_yard,moderate,first_time,0,0,4_7,Energetic; Independent,0,1,0,0,1,0,1,0,0,0,0,1,0,0,1,0,0,1,0,0,0,0.316228,0,0,0,1,0,0,1,0,0,1,1,1,0,1,0,1,0,1
Oso,dog,Border Collie Mix,kitten_puppy,Black,Friendly; Energetic; Playful,house_no_yard,relaxed,experienced,1,1,4_7,Energetic; Protective; Independent,0,0,1,1,0,0,0,1,1,1,0,1,0,0,1,0,1,0,0,0,0,0.333333,0,0,0,1,0,0,1,0,1,1,0,1,0,1,0,0,0,1
Moose,dog,Landseer Mix,young,Black,Friendly; Energetic; Playful,house_no_yard,moderate,first_time,1,0,8_plus,Independent,0,0,1,0,1,0,1,0,1,0,0,0,1,0,1,0,0,1,0,0,0,0.0,0,0,0,0,0,0,1,0,0,1,0,1,0,1,0,0,0,0
*Lakota,dog,German Shepherd Mix,adult,Black,Friendly; Energetic; Affectionate; Protective,apartment,high,first_time,0,1,4_7,Playful; Affectionate,1,0,0,0,0,1,1,0,0,1,0,1,0,0,1,0,0,0,1,0,0,0.353553,0,0,0,0,0,1,0,1,0,1,0,1,0,0,0,1,1,0
*Emma,cat,Domestic Shorthair Mix,kitten_puppy,Black,Energetic; Playful; Affectionate,house_with_yard,moderate,experienced,0,1,8_plus,Playful; Affectionate; Calm,0,1,0,0,1,0,0,1,0,1,0,0,1,0,0,1,1,0,0,0,0,0.666667,0,0,1,0,0,1,0,1,0,0,0,1,0,1,0,1,0,1
Buster,dog,Chihuahua Shorthair Mix,young,Brown,Friendly; Calm; Energetic; Playful; Affectionate,house_with_yard,moderate,first_time,0,0,8_plus,Playful; Independent,0,1,0,0,1,0,1,0,0,0,0,0,1,0,1,0,0,1,0,0,0,0.316228,1,0,0,0,0,1,1,0,0,1,1,1,0,1,0,1,0,1
Lola,dog,Jack Russell Terrier/Welsh Terrier,kitten_puppy,Black,Friendly; Energetic; Playful,apartment,high,first_time,1,0,8_plus,Calm; Affectionate,1,0,0,0,0,1,1,0,1,0,0,0,1,0,1,0,1,0,0,0,0,0.0,0,0,1,0,0,0,0,1,0,1,0,1,0,1,0,0,0,0
Shelter Rescue,cat,Domestic Medium Hair Mix,kitten_puppy,White,Energetic; Playful; Affectionate,apartment,high,experienced,1,1,4_7,Protective; Friendly; Shy,1,0,0,0,0,1,0,1,1,1,0,1,0,0,0,1,1,0,0,0,0,0.0,0,1,0,0,1,0,0,0,1,0,0,1,0,1,0,1,0,1
Rachel,cat,Domestic Shorthair Mix,kitten_puppy,Black,Energetic; Playful; Affectionate,house_with_yard,relaxed,experienced,0,0,8_plus,Protective; Friendly,0,1,0,1,0,0,0,1,0,0,0,0,1,1,0,1,1,0,0,0,0,0.0,0,1,0,0,0,0,0,0,1,0,0,1,0,1,0,1,0,0
*Lisa Marie,dog,Chihuahua Shorthair Mix,kitten_puppy,Brown,Friendly; Calm; Energetic; Playful; Affectionate,house_with_yard,high,experienced,0,0,8_plus,Playful; Affectionate; Protective,0,1,0,0,0,1,0,1,0,0,0,0,1,0,1,0,1,0,0,0,0,0.516398,0,0,0,0,0,1,0,1,1,1,1,1,0,1,0,1,0,1
Shelter Rescue,cat,Domestic Shorthair Mix,kitten_puppy,White,Energetic; Playful; Affectionate,house_no_yard,moderate,first_time,0,0,0_3,Protective,0,0,1,0,1,0,1,0,0,0,1,0,0,0,0,1,1,0,0,0,0,0.0,0,0,0,0,0,0,0,0,1,0,0,1,0,1,0,1,0,0
Shelter Rescue,cat,Domestic Shorthair Mix,adult,Tabby,Calm; Independent; Affectionate,house_with_yard,high,first_time,1,1,8_plus,Protective,0,1,0,0,0,1,1,0,1,1,0,0,1,0,0,1,0,0,1,0,0,0.0,0,0,0,0,0,0,0,0,1,0,1,0,0,0,1,1,0,1
Avi,cat,Domestic Longhair Mix,senior,Black,Calm; Independent,apartment,relaxed,experienced,0,1,0_3,Independent; Affectionate,1,0,0,1,0,0,0,1,0,1,1,0,0,0,0,1,0,0,0,1,0,0.5,0,0,0,0,0,0,1,1,0,0,1,0,0,0,1,0,0,1
Max,dog,Border Collie,kitten_puppy,White,Friendly; Energetic; Playful,house_no_yard,high,first_time,0,1,0_3,Friendly; Protective; Playful,0,0,1,0,0,1,1,0,0,1,1,0,0,0,1,0,1,0,0,0,0,0.666667,0,1,0,0,0,1,0,0,1,1,0,1,0,1,0,0,0,1
*Betty,dog,Beagle Mix,adult,Tricolor,Friendly; Playful; Affectionate,house_no_yard,moderate,first_time,1,0,0_3,Independent; Affectionate; Friendly,0,0,1,0,1,0,1,0,1,0,1,0,0,0,1,0,0,0,1,0,0,0.666667,0,1,0,0,0,0,1,1,0,1,0,0,0,1,0,1,0,1
Queen,dog,Pit Bull Mix,adult,Brown,Friendly; Energetic; Affectionate,house_no_yard,moderate,first_time,0,1,4_7,Protective; Affectionate,0,0,1,0,1,0,1,0,0,1,0,1,0,0,1,0,0,0,1,0,0,0.408248,1,0,0,0,0,0,0,1,1,1,0,1,0,0,0,1,0,1
Luna,cat,Domestic Shorthair Mix,senior,Gray,Calm; Independent,apartment,moderate,experienced,0,0,8_plus,Affectionate; Energetic,1,0,0,0,1,0,0,1,0,0,0,0,1,0,0,1,0,0,0,1,0,0.0,0,0,0,1,0,0,0,1,0,0,1,0,0,0,1,0,0,1
*Sparkle,cat,Domestic Shorthair Mix,young,White,Calm; Independent; Affectionate,house_no_yard,relaxed,first_time,1,1,0_3,Energetic,0,0,1,1,0,0,1,0,1,1,1,0,0,0,0,1,0,1,0,0,0,0.0,0,0,0,1,0,0,0,0,0,0,1,0,0,0,1,1,0,1
Bob,cat,Domestic Shorthair Mix,kitten_puppy,Tabby,Energetic; Playful; Affectionate,house_no_yard,high,experienced,0,0,8_plus,Playful; Independent; Calm,0,0,1,0,0,1,0,1,0,0,0,0,1,0,0,1,1,0,0,0,0,0.333333,0,0,1,0,0,1,1,0,0,0,0,1,0,1,0,1,0,0
Puffy,dog,Labrador Retriever/Anatol Shepherd,young,White,Friendly; Energetic; Playful; Affectionate; Protective,apartment,moderate,first_time,0,0,0_3,Independent; Protective; Playful,1,0,0,0,1,0,1,0,0,0,1,0,0,0,1,0,0,1,0,0,0,0.516398,0,0,0,0,0,1,1,0,1,1,0,1,0,1,0,1,1,0
*Baxter,cat,Domestic Shorthair Mix,kitten_puppy,Tabby,Energetic; Playful; Affectionate,house_no_yard,moderate,first_time,1,0,8_plus,Energetic; Affectionate,0,0,1,0,1,0,1,0,1,0,0,0,1,0,0,1,1,0,0,0,0,0.816497,0,0,0,1,0,0,0,1,0,0,0,1,0,1,0,1,0,0
Moose,dog,Cardigan Welsh Corgi Mix,kitten_puppy,Black,Friendly; Energetic; Playful,house_with_yard,relaxed,experienced,0,0,4_7,Shy; Playful; Friendly,0,1,0,1,0,0,0,1,0,0,0,1,0,0,1,0,1,0,0,0,0,0.666667,0,1,0,0,1,1,0,0,0,1,0,1,0,1,0,0,0,1
Ruby Dee,dog,Boxer/Plott Hound,kitten_puppy,White,Friendly; Energetic; Playful,apartment,moderate,first_time,1,0,0_3,Independent; Shy,1,0,0,0,1,0,1,0,1,0,1,0,0,0,1,0,1,0,0,0,0,0.0,0,0,0,0,1,0,1,0,0,1,0,1,0,1,0,0,0,0
Ducky,dog,Chihuahua Shorthair Mix,adult,Orange,Friendly; Calm; Affectionate,apartment,moderate,experienced,0,0,0_3,Protective; Energetic; Friendly,1,0,0,0,1,0,0,1,0,0,1,0,0,0,1,0,0,0,1,0,0,0.333333,0,1,0,1,0,0,0,0,1,1,1,0,0,0,0,1,0,1
Penelope,cat,Domestic Medium Hair Mix,kitten_puppy,Tricolor,Energetic; Playful; Affectionate,apartment,relaxed,experienced,1,1,8_plus,Friendly; Shy; Affectionate,1,0,0,1,0,0,0,1,1,1,0,0,1,0,0,1,1,0,0,0,0,0.333333,0,1,0,0,1,0,0,1,0,0,0,1,0,1,0,1,0,1
Blake,dog,Australian Cattle Dog Mix,young,White,Friendly; Energetic; Playful,house_with_yard,moderate,experienced,0,1,8_plus,Shy; Friendly,0,1,0,0,1,0,0,1,0,1,0,0,1,0,1,0,0,1,0,0,0,0.408248,1,1,0,0,1,0,0,0,0,1,0,1,0,1,0,0,0,1
Shelter Rescue,dog,Cocker Spaniel/Labrador Retriever,kitten_puppy,White,Friendly; Energetic; Playful; Affectionate,house_with_yard,moderate,first_time,1,1,4_7,Protective,0,1,0,0,1,0,1,0,1,1,0,1,0,1,1,0,1,0,0,0,0,0.0,0,0,0,0,0,0,0,0,1,1,0,1,0,1,0,1,0,1
Zoe,cat,Domestic Shorthair Mix,kitten_puppy,Black,Energetic; Playful; Affectionate,house_no_yard,high,experienced,0,1,8_plus,Calm; Protective; Independent,0,0,1,0,0,1,0,1,0,1,0,0,1,0,0,1,1,0,0,0,0,0.0,0,0,1,0,0,0,1,0,1,0,0,1,0,1,0,1,0,0
Shelter Rescue,dog,Labrador Retriever Mix,kitten_puppy,Brown,Friendly; Energetic; Playful; Affectionate,house_with_yard,high,experienced,0,1,4_7,Shy; Calm; Independent,0,1,0,0,0,1,0,1,0,1,0,1,0,0,1,0,1,0,0,0,0,0.0,0,0,1,0,1,0,1,0,0,1,0,1,0,1,0,1,0,1
Honey,dog,Pit Bull Mix,young,White,Friendly; Energetic; Playful,house_no_yard,relaxed,experienced,0,0,4_7,Shy,0,0,1,1,0,0,0,1,0,0,0,1,0,0,1,0,0,1,0,0,0,0.0,1,0,0,0,1,0,0,0,0,1,0,1,0,1,0,0,0,0
Cataleya,dog,Boxer,adult,White,Friendly; Energetic; Affectionate,house_no_yard,relaxed,experienced,1,1,4_7,Playful; Affectionate; Calm,0,0,1,1,0,0,0,1,1,1,0,1,0,0,1,0,0,0,1,0,0,0.333333,0,0,1,0,0,1,0,1,0,1,0,1,0,0,0,1,0,1
*Mars,dog,Chihuahua Shorthair Mix,young,White,Friendly; Calm; Energetic; Playful; Affectionate,house_with_yard,relaxed,first_time,1,0,8_plus,Shy; Calm,0,1,0,1,0,0,1,0,1,0,0,0,1,0,1,0,0,1,0,0,0,0.316228,0,0,1,0,1,0,0,0,0,1,1,1,0,1,0,1,0,1
Tula,dog,Golden Retriever/Collie Rough,kitten_puppy,Brown,Friendly; Energetic; Playful; Affectionate,house_with_yard,moderate,first_time,1,1,8_plus,Protective; Shy,0,1,0,0,1,0,1,0,1,1,0,0,1,0,1,0,1,0,0,0,0,0.0,1,0,0,0,1,0,0,0,1,1,0,1,0,1,0,1,0,1
Bella,cat,Domestic Shorthair Mix,adult,White,Calm; Independent; Affectionate,house_no_yard,moderate,experienced,1,1,0_3,Friendly; Shy; Playful,0,0,1,0,1,0,0,1,1,1,1,0,0,0,0,1,0,0,1,0,0,0.0,1,1,0,0,1,1,0,0,0,0,1,0,0,0,1,1,0,1
Shelter Rescue,dog,Bull Terrier Mix,kitten_puppy,Black,Friendly; Energetic; Playful,house_no_yard,relaxed,experienced,1,1,4_7,Energetic,0,0,1,1,0,0,0,1,1,1,0,1,0,0,1,0,1,0,0,0,0,0.57735,0,0,0,1,0,0,0,0,0,1,0,1,0,1,0,0,0,1
Brisket,dog,Pit Bull Mix,young,White,Friendly; Energetic; Playful,apartment,high,experienced,0,1,8_plus,Shy; Calm,1,0,0,0,0,1,0,1,0,1,0,0,1,0,1,0,0,1,0,0,0,0.0,0,0,1,0,1,0,0,0,0,1,0,1,0,1,0,0,0,0
*April,cat,Manx Mix,kitten_puppy,Black,Energetic; Playful; Affectionate,house_with_yard,high,experienced,1,1,4_7,Independent,0,1,0,0,0,1,0,1,1,1,0,1,0,0,0,1,1,0,0,0,0,0.0,0,0,0,0,0,0,1,0,0,0,0,1,0,1,0,1,0,1
Tyson,dog,American Bulldog Mix,adult,White,Friendly; Energetic; Affectionate,apartment,relaxed,first_time,0,0,0_3,Shy; Protective; Calm,1,0,0,1,0,0,1,0,0,0,1,0,0,0,1,0,0,0,1,0,0,0.0,0,0,1,0,1,0,0,0,1,1,0,1,0,0,0,1,0,0
Roxie,dog,Rottweiler,adult,Black,Friendly; Affectionate,apartment,relaxed,experienced,0,1,8_plus,Independent; Affectionate,1,0,0,1,0,0,0,1,0,1,0,0,1,1,1,0,0,0,1,0,0,0.5,0,0,0,0,0,0,1,1,0,1,0,0,0,0,0,1,0,1
Shelter Rescue,dog,Pomeranian Mix,adult,Brown,Friendly; Affectionate,house_no_yard,relaxed,experienced,0,1,8_plus,Playful,0,0,1,1,0,0,0,1,0,1,0,0,1,0,1,0,0,0,1,0,0,0.0,1,0,0,0,0,1,0,0,0,1,0,0,0,0,0,1,0,1
*Betsy Lou,dog,Shetland Sheepdog Mix,young,Tricolor,Friendly; Energetic; Playful,house_with_yard,relaxed,first_time,0,1,4_7,Calm; Energetic,0,1,0,1,0,0,1,0,0,1,0,1,0,0,1,0,0,1,0,0,0,0.408248,1,0,1,1,0,0,0,0,0,1,0,1,0,1,0,0,0,1
*Henry,cat,Domestic Shorthair Mix,kitten_puppy,White,Energetic; Playful; Affectionate,house_no_yard,relaxed,experienced,0,0,8_plus,Energetic; Protective,0,0,1,1,0,0,0,1,0,0,0,0,1,0,0,1,1,0,0,0,0,0.408248,0,0,0,1,0,0,0,0,1,0,0,1,0,1,0,1,0,0
*Coop,dog,Dachshund Mix,adult,Orange,Friendly; Calm; Affectionate,house_with_yard,high,first_time,1,0,8_plus,Affectionate,0,1,0,0,0,1,1,0,1,0,0,0,1,0,1,0,0,0,1,0,0,0.57735,0,0,0,0,0,0,0,1,0,1,1,0,0,0,0,1,0,1
*Jackson,cat,Domestic Shorthair Mix,kitten_puppy,Black,Energetic; Playful; Affectionate,house_no_yard,relaxed,experienced,0,1,8_plus,Independent; Playful,0,0,1,1,0,0,0,1,0,1,0,0,1,0,0,1,1,0,0,0,0,0.408248,0,0,0,0,0,1,1,0,0,0,0,1,0,1,0,1,0,0
*Stitch,dog,Pit Bull Mix,young,Black,Friendly; Energetic; Playful,house_no_yard,moderate,experienced,1,0,4_7,Affectionate; Playful; Protective,0,0,1,0,1,0,0,1,1,0,0,1,0,0,1,0,0,1,0,0,0,0.333333,0,0,0,0,0,1,0,1,1,1,0,1,0,1,0,0,0,0
Talia,dog,Black Mouth Cur Mix,young,Brown,Friendly; Energetic; Playful,house_with_yard,relaxed,experienced,0,0,8_plus,Friendly; Playful,0,1,0,1,0,0,0,1,0,0,0,0,1,1,1,0,0,1,0,0,0,0.816497,0,1,0,0,0,1,0,0,0,1,0,1,0,1,0,0,0,1
Blue,dog,Pit Bull,young,White,Friendly; Energetic; Playful,house_with_yard,moderate,experienced,1,1,8_plus,Playful; Shy,0,1,0,0,1,0,0,1,1,1,0,0,1,0,1,0,0,1,0,0,0,0.408248,0,0,0,0,1,1,0,0,0,1,0,1,0,1,0,0,0,1
Hope,dog,Catahoula Mix,kitten_puppy,White,Friendly; Energetic; Playful,apartment,moderate,first_time,1,0,8_plus,Affectionate; Protective,1,0,0,0,1,0,1,0,1,0,0,0,1,0,1,0,1,0,0,0,0,0.0,0,0,0,0,0,0,0,1,1,1,0,1,0,1,0,0,0,0
Shelter Rescue,cat,Domestic Shorthair Mix,kitten_puppy,Gray,Energetic; Playful; Affectionate,house_no_yard,moderate,first_time,0,1,8_plus,Calm,0,0,1,0,1,0,1,0,0,1,0,0,1,1,0,1,1,0,0,0,0,0.0,0,0,1,0,0,0,0,0,0,0,0,1,0,1,0,1,0,0
Jazz,dog,German Shepherd Mix,adult,Black,Friendly; Energetic; Affectionate; Protective,house_no_yard,high,first_time,1,0,8_plus,Calm; Protective,0,0,1,0,0,1,1,0,1,0,0,0,1,1,1,0,0,0,1,0,0,0.353553,0,0,1,0,0,0,0,0,1,1,0,1,0,0,0,1,1,1
Shelter Rescue,dog,Border Collie Mix,kitten_puppy,White,Friendly; Energetic; Playful,house_with_yard,moderate,first_time,0,1,0_3,Playful,0,1,0,0,1,0,1,0,0,1,1,0,0,0,1,0,1,0,0,0,0,0.57735,0,0,0,0,0,1,0,0,0,1,0,1,0,1,0,0,0,1
*Ryan,dog,Chihuahua Shorthair Mix,senior,White,Friendly; Calm; Independent; Affectionate,house_no_yard,relaxed,experienced,0,0,4_7,Protective; Energetic; Calm,0,0,1,1,0,0,0,1,0,0,0,1,0,0,1,0,0,0,0,1,0,0.288675,0,0,1,1,0,0,0,0,1,1,1,0,0,0,1,1,0,1
*Diego R,dog,Dachshund Longhair Mix,adult,Black,Friendly; Calm; Affectionate,apartment,moderate,experienced,1,1,0_3,Playful; Protective; Independent,1,0,0,0,1,0,0,1,1,1,1,0,0,1,1,0,0,0,1,0,0,0.0,1,0,0,0,0,1,1,0,1,1,1,0,0,0,0,1,0,1
Cosmo,cat,Domestic Shorthair Mix,kitten_puppy,Orange,Energetic; Playful; Affectionate,house_with_yard,relaxed,experienced,0,1,0_3,Protective; Affectionate; Calm,0,1,0,1,0,0,0,1,0,1,1,0,0,0,0,1,1,0,0,0,0,0.333333,0,0,1,0,0,0,0,1,1,0,0,1,0,1,0,1,0,1
*Poppy,dog,Pit Bull Mix,young,White,Friendly; Energetic; Playful,house_no_yard,moderate,first_time,0,1,8_plus,Friendly; Playful; Protective,0,0,1,0,1,0,1,0,0,1,0,0,1,0,1,0,0,1,0,0,0,0.666667,0,1,0,0,0,1,0,0,1,1,0,1,0,1,0,0,0,1
Cranberry,cat,Domestic Longhair Mix,senior,Tricolor,Calm; Independent,apartment,moderate,experienced,1,1,8_plus,Friendly; Calm,1,0,0,0,1,0,0,1,1,1,0,0,1,0,0,1,0,0,0,1,0,0.5,0,1,1,0,0,0,0,0,0,0,1,0,0,0,1,0,0,1
Duke,dog,German Shepherd,adult,Brown,Friendly; Energetic; Affectionate; Protective,apartment,moderate,experienced,1,0,4_7,Shy; Friendly,1,0,0,0,1,0,0,1,1,0,0,1,0,0,1,0,0,0,1,0,0,0.353553,1,1,0,0,1,0,0,0,0,1,0,1,0,0,0,1,1,0
*Bello,cat,Domestic Shorthair Mix,kitten_puppy,Tabby,Energetic; Playful; Affectionate,house_with_yard,moderate,first_time,1,0,4_7,Energetic; Independent; Affectionate,0,1,0,0,1,0,1,0,1,0,0,1,0,0,0,1,1,0,0,0,0,0.666667,0,0,0,1,0,0,1,1,0,0,0,1,0,1,0,1,0,1
Hope,dog,Miniature Poodle,adult,Gray,Friendly; Playful; Affectionate,house_no_yard,relaxed,experienced,0,1,8_plus,Friendly; Affectionate; Energetic,0,0,1,1,0,0,0,1,0,1,0,0,1,0,1,0,0,0,1,0,0,0.666667,1,1,0,1,0,0,0,1,0,1,0,0,0,1,0,1,0,1
Gary,cat,Domestic Shorthair Mix,adult,Tabby,Calm; Independent; Affectionate,house_no_yard,moderate,experienced,0,0,0_3,Affectionate; Independent; Shy,0,0,1,0,1,0,0,1,0,0,1,0,0,0,0,1,0,0,1,0,0,0.666667,1,0,0,0,1,0,1,1,0,0,1,0,0,0,1,1,0,1
Kena,dog,Black Mouth Cur Mix,kitten_puppy,White,Friendly; Energetic; Playful,house_with_yard,high,first_time,0,0,4_7,Protective,0,1,0,0,0,1,1,0,0,0,0,1,0,0,1,0,1,0,0,0,0,0.0,0,0,0,0,0,0,0,0,1,1,0,1,0,1,0,0,0,1
*Annabelle,dog,Siberian Husky Mix,young,White,Friendly; Energetic; Playful,apartment,relaxed,first_time,1,1,8_plus,Friendly; Calm; Shy,1,0,0,1,0,0,1,0,1,1,0,0,1,0,1,0,0,1,0,0,0,0.333333,1,1,1,0,1,0,0,0,0,1,0,1,0,1,0,0,0,1
*Pixie,cat,Domestic Shorthair Mix,kitten_puppy,Tricolor,Energetic; Playful; Affectionate,house_with_yard,moderate,first_time,0,0,4_7,Friendly; Energetic,0,1,0,0,1,0,1,0,0,0,0,1,0,0,0,1,1,0,0,0,0,0.408248,0,1,0,1,0,0,0,0,0,0,0,1,0,1,0,1,0,1
Maverick,cat,Domestic Shorthair Mix,kitten_puppy,Black,Energetic; Playful; Affectionate,apartment,high,first_time,1,0,8_plus,Independent,1,0,0,0,0,1,1,0,1,0,0,0,1,1,0,1,1,0,0,0,0,0.0,0,0,0,0,0,0,1,0,0,0,0,1,0,1,0,1,0,0
*Petey,cat,Domestic Shorthair Mix,kitten_puppy,White,Energetic; Playful; Affectionate,house_with_yard,relaxed,experienced,1,1,0_3,Calm,0,1,0,1,0,0,0,1,1,1,1,0,0,0,0,1,1,0,0,0,0,0.0,0,0,1,0,0,0,0,0,0,0,0,1,0,1,0,1,0,1
Shelter Rescue,cat,Domestic Medium Hair Mix,kitten_puppy,Tabby,Energetic; Playful; Affectionate,house_no_yard,high,experienced,0,1,8_plus,Energetic; Affectionate; Shy,0,0,1,0,0,1,0,1,0,1,0,0,1,0,0,1,1,0,0,0,0,0.666667,0,0,0,1,1,0,0,1,0,0,0,1,0,1,0,1,0,1
Bailey,dog,Boxer Mix,adult,Brown,Friendly; Energetic; Affectionate,house_with_yard,high,first_time,1,0,0_3,Friendly; Shy; Playful,0,1,0,0,0,1,1,0,1,0,1,0,0,0,1,0,0,0,1,0,0,0.333333,1,1,0,0,1,1,0,0,0,1,0,1,0,0,0,1,0,1
Odin,dog,Siberian Husky Mix,young,Black,Friendly; Energetic; Playful,apartment,moderate,experienced,0,0,4_7,Affectionate,1,0,0,0,1,0,0,1,0,0,0,1,0,0,1,0,0,1,0,0,0,0.0,1,0,0,0,0,0,0,1,0,1,0,1,0,1,0,0,0,0
*Matt,cat,Domestic Medium Hair Mix,kitten_puppy,Black,Energetic; Playful; Affectionate,house_with_yard,high,experienced,0,0,0_3,Playful,0,1,0,0,0,1,0,1,0,0,1,0,0,0,0,1,1,0,0,0,0,0.57735,0,0,0,0,0,1,0,0,0,0,0,1,0,1,0,1,0,1
Poppy,dog,Chihuahua Shorthair/Boston Terrier,young,White,Friendly; Calm; Energetic; Playful; Affectionate,house_with_yard,moderate,experienced,1,1,8_plus,Independent,0,1,0,0,1,0,0,1,1,1,0,0,1,0,1,0,0,1,0,0,0,0.0,0,0,0,0,0,0,1,0,0,1,1,1,0,1,0,1,0,1
Shelter Rescue,dog,Chihuahua Shorthair Mix,young,White,Friendly; Calm; Energetic; Playful; Affectionate,house_with_yard,moderate,experienced,0,1,0_3,Affectionate; Friendly,0,1,0,0,1,0,0,1,0,1,1,0,0,0,1,0,0,1,0,0,0,0.632456,0,1,0,0,0,0,0,1,0,1,1,1,0,1,0,1,0,1
Gray,cat,Domestic Shorthair Mix,kitten_puppy,White,Energetic; Playful; Affectionate,house_with_yard,high,first_time,0,0,4_7,Friendly,0,1,0,0,0,1,1,0,0,0,0,1,0,0,0,1,1,0,0,0,0,0.0,0,1,0,0,0,0,0,0,0,0,0,1,0,1,0,1,0,1
Shelter Rescue,cat,Domestic Shorthair Mix,kitten_puppy,Tabby,Energetic; Playful; Affectionate,house_with_yard,high,first_time,0,0,4_7,Independent,0,1,0,0,0,1,1,0,0,0,0,1,0,0,0,1,1,0,0,0,0,0.0,1,0,0,0,0,0,1,0,0,0,0,1,0,1,0,1,0,1
Duke,dog,German Shepherd Mix,young,Black,Friendly; Energetic; Playful; Protective,house_with_yard,high,experienced,0,0,4_7,Independent,0,1,0,0,0,1,0,1,0,0,0,1,0,0,1,0,0,1,0,0,0,0.0,0,0,0,0,0,0,1,0,0,1,0,1,0,1,0,0,1,1
*Molly Blue,dog,Border Collie Mix,young,Black,Friendly; Energetic; Playful,apartment,high,experienced,1,1,8_plus,Independent; Shy; Playful,1,0,0,0,0,1,0,1,1,1,0,0,1,1,1,0,0,1,0,0,0,0.333333,0,0,0,0,1,1,1,0,0,1,0,1,0,1,0,0,0,1
*Jaime,cat,Domestic Shorthair Mix,kitten_puppy,Orange,Energetic; Playful; Affectionate,apartment,moderate,experienced,1,0,4_7,Shy; Protective; Affectionate,1,0,0,0,1,0,0,1,1,0,0,1,0,0,0,1,1,0,0,0,0,0.333333,0,0,0,0,1,0,0,1,1,0,0,1,0,1,0,1,0,1
Buddy,cat,Domestic Shorthair Mix,adult,Orange,Calm; Independent; Affectionate,house_no_yard,high,first_time,0,0,8_plus,Calm; Friendly; Energetic,0,0,1,0,0,1,1,0,0,0,0,0,1,0,0,1,0,0,1,0,0,0.333333,0,1,1,1,0,0,0,0,0,0,1,0,0,0,1,1,0,1
Emma,dog,Labrador Retriever Mix,kitten_puppy,Black,Friendly; Energetic; Playful; Affectionate,house_no_yard,relaxed,first_time,0,0,8_plus,Independent; Friendly,0,0,1,1,0,0,1,0,0,0,0,0,1,0,1,0,1,0,0,0,0,0.353553,0,1,0,0,0,0,1,0,0,1,0,1,0,1,0,1,0,0
Sierra,dog,Chihuahua Shorthair Mix,kitten_puppy,Black,Friendly; Calm; Energetic; Playful; Affectionate,apartment,relaxed,experienced,1,1,0_3,Affectionate; Shy; Independent,1,0,0,1,0,0,0,1,1,1,1,0,0,0,1,0,1,0,0,0,0,0.258199,0,0,0,0,1,0,1,1,0,1,1,1,0,1,0,1,0,1
*Mindy Lou,dog,Australian Shepherd Mix,young,Brown,Friendly; Energetic; Playful; Protective,house_with_yard,high,first_time,0,1,0_3,Playful,0,1,0,0,0,1,1,0,0,1,1,0,0,0,1,0,0,1,0,0,0,0.5,1,0,0,0,0,1,0,0,0,1,0,1,0,1,0,0,1,1
*Yolanda,cat,Domestic Shorthair Mix,young,Black,Calm; Independent; Affectionate,house_with_yard,high,first_time,0,1,4_7,Playful; Independent,0,1,0,0,0,1,1,0,0,1,0,1,0,0,0,1,0,1,0,0,0,0.408248,0,0,0,0,0,1,1,0,0,0,1,0,0,0,1,1,0,0
Shelter Rescue,dog,Chihuahua Shorthair Mix,kitten_puppy,White,Friendly; Calm; Energetic; Playful; Affectionate,apartment,relaxed,first_time,1,0,8_plus,Playful; Calm; Protective,1,0,0,1,0,0,1,0,1,0,0,0,1,1,1,0,1,0,0,0,0,0.516398,0,0,1,0,0,1,0,0,1,1,1,1,0,1,0,1,0,1
Shelter Rescue,dog,Golden Retriever Mix,kitten_puppy,Brown,Friendly; Energetic; Playful; Affectionate,house_with_yard,high,experienced,0,0,8_plus,Shy; Affectionate; Protective,0,1,0,0,0,1,0,1,0,0,0,0,1,0,1,0,1,0,0,0,0,0.288675,1,0,0,0,1,0,0,1,1,1,0,1,0,1,0,1,0,1
*Clark,dog,Chihuahua Shorthair Mix,young,Black,Friendly; Calm; Energetic; Playful; Affectionate,apartment,high,experienced,0,1,8_plus,Protective; Affectionate,1,0,0,0,0,1,0,1,0,1,0,0,1,1,1,0,0,1,0,0,0,0.316228,0,0,0,0,0,0,0,1,1,1,1,1,0,1,0,1,0,1
*Minnie,dog,Pit Bull Mix,adult,White,Friendly; Energetic; Affectionate,house_with_yard,relaxed,experienced,0,0,0_3,Shy; Friendly,0,1,0,1,0,0,0,1,0,0,1,0,0,0,1,0,0,0,1,0,0,0.408248,0,1,0,0,1,0,0,0,0,1,0,1,0,0,0,1,0,1
*Hannah,cat,Domestic Shorthair Mix,kitten_puppy,Tricolor,Energetic; Playful; Affectionate,house_with_yard,moderate,experienced,0,1,8_plus,Calm; Affectionate; Protective,0,1,0,0,1,0,0,1,0,1,0,0,1,1,0,1,1,0,0,0,0,0.333333,0,0,1,0,0,0,0,1,1,0,0,1,0,1,0,1,0,0
Mimi,dog,Boston Terrier Mix,kitten_puppy,White,Friendly; Energetic; Playful,house_no_yard,relaxed,first_time,0,0,4_7,Energetic; Protective; Playful,0,0,1,1,0,0,1,0,0,0,0,1,0,0,1,0,1,0,0,0,0,0.666667,0,0,0,1,0,1,0,0,1,1,0,1,0,1,0,0,0,1
Weez,cat,Domestic Shorthair Mix,kitten_puppy,White,Energetic; Playful; Affectionate,house_no_yard,high,first_time,0,1,0_3,Calm,0,0,1,0,0,1,1,0,0,1,1,0,0,0,0,1,1,0,0,0,0,0.0,0,0,1,0,0,0,0,0,0,0,0,1,0,1,0,1,0,1
*Sophie,dog,Labrador Retriever Mix,young,Orange,Friendly; Energetic; Playful; Affectionate,apartment,relaxed,first_time,0,1,0_3,Protective; Independent; Energetic,1,0,0,1,0,0,1,0,0,1,1,0,0,0,1,0,0,1,0,0,0,0.288675,0,0,0,1,0,0,1,0,1,1,0,1,0,1,0,1,0,1
Benji,dog,Australian Cattle Dog Mix,adult,Black,Friendly; Affectionate,house_with_yard,high,experienced,0,1,0_3,Playful; Affectionate; Independent,0,1,0,0,0,1,0,1,0,1,1,0,0,0,1,0,0,0,1,0,0,0.408248,0,0,0,0,0,1,1,1,0,1,0,0,0,0,0,1,0,1
Skyla Belle,cat,Domestic Shorthair Mix,adult,White,Calm; Independent; Affectionate,apartment,high,experienced,0,0,0_3,Energetic; Independent,1,0,0,0,0,1,0,1,0,0,1,0,0,1,0,1,0,0,1,0,0,0.408248,1,0,0,1,0,0,1,0,0,0,1,0,0,0,1,1,0,1
Gunner,dog,Labrador Retriever Mix,kitten_puppy,Black,Friendly; Energetic; Playful; Affectionate,apartment,moderate,first_time,1,0,4_7,Affectionate,1,0,0,0,1,0,1,0,1,0,0,1,0,0,1,0,1,0,0,0,0,0.5,0,0,0,0,0,0,0,1,0,1,0,1,0,1,0,1,0,0
*Lucy,cat,Domestic Shorthair Mix,kitten_puppy,Orange,Energetic; Playful; Affectionate,apartment,moderate,first_time,0,1,4_7,Shy; Playful,1,0,0,0,1,0,1,0,0,1,0,1,0,0,0,1,1,0,0,0,0,0.408248,0,0,0,0,1,1,0,0,0,0,0,1,0,1,0,1,0,1
Domino,dog,Pit Bull Mix,kitten_puppy,Black,Friendly; Energetic; Playful,apartment,moderate,first_time,0,1,0_3,Independent; Energetic,1,0,0,0,1,0,1,0,0,1,1,0,0,0,1,0,1,0,0,0,0,0.408248,1,0,0,1,0,0,1,0,0,1,0,1,0,1,0,0,0,1
Sawyer,dog,Dachshund Wirehair/Miniature Poodle,kitten_puppy,Brown,Friendly; Calm; Energetic; Playful; Affectionate,house_no_yard,relaxed,experienced,1,0,0_3,Playful; Calm,0,0,1,1,0,0,0,1,1,0,1,0,0,0,1,0,1,0,0,0,0,0.632456,1,0,1,0,0,1,0,0,0,1,1,1,0,1,0,1,0,1
Shelter Rescue,dog,Australian Cattle Dog/Rat Terrier,kitten_puppy,Gray,Friendly; Energetic; Playful,apartment,high,experienced,0,0,0_3,Friendly,1,0,0,0,0,1,0,1,0,0,1,0,0,0,1,0,1,0,0,0,0,0.57735,1,1,0,0,0,0,0,0,0,1,0,1,0,1,0,0,0,1
Piper,cat,Domestic Shorthair Mix,kitten_puppy,Gray,Energetic; Playful; Affectionate,apartment,moderate,experienced,1,0,8_plus,Calm; Affectionate,1,0,0,0,1,0,0,1,1,0,0,0,1,1,0,1,1,0,0,0,0,0.408248,0,0,1,0,0,0,0,1,0,0,0,1,0,1,0,1,0,0
Big Chief,dog,German Shepherd Mix,adult,Black,Friendly; Energetic; Affectionate; Protective,apartment,moderate,experienced,0,0,8_plus,Energetic; Protective; Affectionate,1,0,0,0,1,0,0,1,0,0,0,0,1,1,1,0,0,0,1,0,0,0.866025,0,0,0,1,0,0,0,1,1,1,0,1,0,0,0,1,1,0
Shelter Rescue,dog,Rat Terrier Mix,kitten_puppy,Tricolor,Friendly; Energetic; Playful,house_with_yard,moderate,first_time,0,0,4_7,Calm; Shy; Playful,0,1,0,0,1,0,1,0,0,0,0,1,0,0,1,0,1,0,0,0,0,0.333333,0,0,1,0,1,1,0,0,0,1,0,1,0,1,0,0,0,1
Shelter Rescue,dog,Dachshund Mix,young,Black,Friendly; Calm; Energetic; Playful; Affectionate,apartment,moderate,first_time,0,0,0_3,Independent; Friendly,1,0,0,0,1,0,1,0,0,0,1,0,0,0,1,0,0,1,0,0,0,0.316228,1,1,0,0,0,0,1,0,0,1,1,1,0,1,0,1,0,1
*Medusa,cat,Domestic Shorthair Mix,adult,Tricolor,Calm; Independent; Affectionate,house_no_yard,relaxed,first_time,1,1,4_7,Protective; Independent; Shy,0,0,1,1,0,0,1,0,1,1,0,1,0,0,0,1,0,0,1,0,0,0.333333,0,0,0,0,1,0,1,0,1,0,1,0,0,0,1,1,0,1
*Mystere,cat,Domestic Shorthair Mix,kitten_puppy,Black,Energetic; Playful; Affectionate,house_with_yard,relaxed,first_time,0,1,8_plus,Shy; Calm,0,1,0,1,0,0,1,0,0,1,0,0,1,1,0,1,1,0,0,0,0,0.0,0,0,1,0,1,0,0,0,0,0,0,1,0,1,0,1,0,0
Juliet,dog,Chihuahua Longhair Mix,young,White,Friendly; Calm; Energetic; Playful; Affectionate,apartment,high,experienced,1,0,0_3,Shy; Calm,1,0,0,0,0,1,0,1,1,0,1,0,0,0,1,0,0,1,0,0,0,0.316228,0,0,1,0,1,0,0,0,0,1,1,1,0,1,0,1,0,1
Shelter Rescue,dog,Labrador Retriever Mix,kitten_puppy,Black,Friendly; Energetic; Playful; Affectionate,house_with_yard,relaxed,first_time,0,0,0_3,Calm,0,1,0,1,0,0,1,0,0,0,1,0,0,0,1,0,1,0,0,0,0,0.0,1,0,1,0,0,0,0,0,0,1,0,1,0,1,0,1,0,1
Shelter Rescue,cat,Domestic Shorthair Mix,kitten_puppy,Tricolor,Energetic; Playful; Affectionate,apartment,moderate,first_time,0,0,8_plus,Playful; Independent,1,0,0,0,1,0,1,0,0,0,0,0,1,0,0,1,1,0,0,0,0,0.408248,0,0,0,0,0,1,1,0,0,0,0,1,0,1,0,1,0,0
Cooper,cat,Domestic Shorthair Mix,kitten_puppy,Gray,Energetic; Playful; Affectionate,apartment,relaxed,experienced,1,1,0_3,Affectionate,1,0,0,1,0,0,0,1,1,1,1,0,0,0,0,1,1,0,0,0,0,0.57735,0,0,0,0,0,0,0,1,0,0,0,1,0,1,0,1,0,1
Sadie Mae,dog,Treeing Walker Coonhound Mix,adult,Tricolor,Friendly; Energetic; Affectionate,house_no_yard,moderate,first_time,1,1,0_3,Friendly; Independent; Affectionate,0,0,1,0,1,0,1,0,1,1,1,0,0,0,1,0,0,0,1,0,0,0.666667,1,1,0,0,0,0,1,1,0,1,0,1,0,0,0,1,0,1
Mr.Whiskers,cat,Domestic Shorthair Mix,kitten_puppy,Gray,Energetic; Playful; Affectionate,house_with_yard,high,experienced,0,1,0_3,Protective; Friendly,0,1,0,0,0,1,0,1,0,1,1,0,0,0,0,1,1,0,0,0,0,0.0,0,1,0,0,0,0,0,0,1,0,0,1,0,1,0,1,0,1
*Derek,dog,Boxer Mix,young,Black,Friendly; Energetic; Playful,house_with_yard,moderate,experienced,0,0,4_7,Playful; Independent,0,1,0,0,1,0,0,1,0,0,0,1,0,0,1,0,0,1,0,0,0,0.408248,0,0,0,0,0,1,1,0,0,1,0,1,0,1,0,0,0,1
*Harmony,cat,Domestic Shorthair Mix,kitten_puppy,Gray,Energetic; Playful; Affectionate,house_with_yard,moderate,experienced,0,1,0_3,Calm; Playful,0,1,0,0,1,0,0,1,0,1,1,0,0,0,0,1,1,0,0,0,0,0.408248,1,0,1,0,0,1,0,0,0,0,0,1,0,1,0,1,0,1
Marcus,dog,Shih Tzu Mix,kitten_puppy,White,Friendly; Calm; Energetic; Playful; Affectionate,house_with_yard,high,experienced,1,0,8_plus,Affectionate; Energetic; Friendly,0,1,0,0,0,1,0,1,1,0,0,0,1,0,1,0,1,0,0,0,0,0.774597,0,1,0,1,0,0,0,1,0,1,1,1,0,1,0,1,0,1
Shelter Rescue,cat,Domestic Shorthair Mix,kitten_puppy,Tabby,Energetic; Playful; Affectionate,apartment,high,experienced,1,0,8_plus,Protective,1,0,0,0,0,1,0,1,1,0,0,0,1,0,0,1,1,0,0,0,0,0.0,1,0,0,0,0,0,0,0,1,0,0,1,0,1,0,1,0,1
*Hamm,dog,Great Pyrenees,adult,White,Friendly; Affectionate,apartment,relaxed,first_time,0,0,4_7,Playful; Calm; Friendly,1,0,0,1,0,0,1,0,0,0,0,1,0,0,1,0,0,0,1,0,0,0.408248,0,1,1,0,0,1,0,0,0,1,0,0,0,0,0,1,0,0
Chloe,cat,Domestic Shorthair Mix,kitten_puppy,Tricolor,Energetic; Playful; Affectionate,apartment,moderate,experienced,0,0,8_plus,Affectionate; Independent,1,0,0,0,1,0,0,1,0,0,0,0,1,1,0,1,1,0,0,0,0,0.408248,0,0,0,0,0,0,1,1,0,0,0,1,0,1,0,1,0,0
Moosifer,cat,Domestic Shorthair Mix,kitten_puppy,Black,Energetic; Playful; Affectionate,house_with_yard,relaxed,experienced,0,0,0_3,Calm; Affectionate; Protective,0,1,0,1,0,0,0,1,0,0,1,0,0,0,0,1,1,0,0,0,0,0.333333,1,0,1,0,0,0,0,1,1,0,0,1,0,1,0,1,0,1
*Dexie,dog,Labrador Retriever Mix,kitten_puppy,Brown,Friendly; Energetic; Playful; Affectionate,apartment,moderate,experienced,0,0,4_7,Energetic; Friendly,1,0,0,0,1,0,0,1,0,0,0,1,0,0,1,0,1,0,0,0,0,0.707107,0,1,0,1,0,0,0,0,0,1,0,1,0,1,0,1,0,0
Shelter Rescue,dog,Carolina Dog Mix,kitten_puppy,White,Friendly; Energetic; Playful,apartment,high,experienced,0,1,8_plus,Shy; Independent; Friendly,1,0,0,0,0,1,0,1,0,1,0,0,1,0,1,0,1,0,0,0,0,0.333333,0,1,0,0,1,0,1,0,0,1,0,1,0,1,0,0,0,0
*Bellatrix,cat,Domestic Medium Hair Mix,kitten_puppy,Tabby,Energetic; Playful; Affectionate,house_with_yard,moderate,first_time,0,1,0_3,Friendly; Affectionate; Energetic,0,1,0,0,1,0,1,0,0,1,1,0,0,1,0,1,1,0,0,0,0,0.666667,0,1,0,1,0,0,0,1,0,0,0,1,0,1,0,1,0,1
Pretty Boy,cat,Siamese Mix,adult,Brown,Calm; Playful; Independent; Affectionate,house_no_yard,moderate,experienced,0,0,4_7,Protective,0,0,1,0,1,0,0,1,0,0,0,1,0,0,0,1,0,0,1,0,0,0.0,0,0,0,0,0,0,0,0,1,0,1,0,0,1,1,1,0,0
Lotus,dog,Australian Cattle Dog Mix,adult,Orange,Friendly; Affectionate,house_with_yard,moderate,experienced,1,0,4_7,Playful; Affectionate,0,1,0,0,1,0,0,1,1,0,0,1,0,0,1,0,0,0,1,0,0,0.5,0,0,0,0,0,1,0,1,0,1,0,0,0,0,0,1,0,1
*Anderson,dog,Border Collie Mix,young,Black,Friendly; Energetic; Playful,house_no_yard,relaxed,experienced,1,1,4_7,Independent; Protective; Playful,0,0,1,1,0,0,0,1,1,1,0,1,0,0,1,0,0,1,0,0,0,0.333333,1,0,0,0,0,1,1,0,1,1,0,1,0,1,0,0,0,1
*Natasha,cat,Domestic Medium Hair Mix,kitten_puppy,Orange,Energetic; Playful; Affectionate,house_no_yard,relaxed,experienced,0,1,4_7,Shy; Friendly; Calm,0,0,1,1,0,0,0,1,0,1,0,1,0,0,0,1,1,0,0,0,0,0.0,0,1,1,0,1,0,0,0,0,0,0,1,0,1,0,1,0,0
*Allie,dog,Chihuahua Shorthair/Pug,adult,Brown,Friendly; Calm; Affectionate,apartment,relaxed,experienced,1,1,0_3,Independent; Affectionate,1,0,0,1,0,0,0,1,1,1,1,0,0,1,1,0,0,0,1,0,0,0.408248,0,0,0,0,0,0,1,1,0,1,1,0,0,0,0,1,0,1
Shelter Rescue,cat,Domestic Shorthair Mix,kitten_puppy,Black,Energetic; Playful; Affectionate,apartment,high,experienced,0,0,8_plus,Friendly; Energetic,1,0,0,0,0,1,0,1,0,0,0,0,1,0,0,1,1,0,0,0,0,0.408248,0,1,0,1,0,0,0,0,0,0,0,1,0,1,0,1,0,0
*Dermott,dog,Labrador Retriever/German Shepherd,kitten_puppy,Brown,Friendly; Energetic; Playful; Affectionate; Protective,house_with_yard,high,first_time,0,0,0_3,Energetic; Playful,0,1,0,0,0,1,1,0,0,0,1,0,0,0,1,0,1,0,0,0,0,0.632456,0,0,0,1,0,1,0,0,0,1,0,1,0,1,0,1,1,1
Clyde,dog,Belgian Malinois Mix,young,Black,Friendly; Energetic; Playful,apartment,moderate,experienced,0,1,0_3,Friendly,1,0,0,0,1,0,0,1,0,1,1,0,0,0,1,0,0,1,0,0,0,0.57735,0,1,0,0,0,0,0,0,0,1,0,1,0,1,0,0,0,0
Sailor,cat,Domestic Shorthair Mix,young,White,Calm; Independent; Affectionate,apartment,moderate,experienced,0,1,0_3,Independent; Shy; Friendly,1,0,0,0,1,0,0,1,0,1,1,0,0,0,0,1,0,1,0,0,0,0.333333,0,1,0,0,1,0,1,0,0,0,1,0,0,0,1,1,0,1
Shelter Rescue,dog,Chihuahua Longhair Mix,young,Brown,Friendly; Calm; Energetic; Playful; Affectionate,apartment,moderate,experienced,1,1,8_plus,Energetic; Protective; Calm,1,0,0,0,1,0,0,1,1,1,0,0,1,0,1,0,0,1,0,0,0,0.516398,0,0,1,1,0,0,0,0,1,1,1,1,0,1,0,1,0,1
Timmie,dog,Dachshund Mix,kitten_puppy,Brown,Friendly; Calm; Energetic; Playful; Affectionate,apartment,high,first_time,1,1,0_3,Playful; Protective,1,0,0,0,0,1,1,0,1,1,1,0,0,0,1,0,1,0,0,0,0,0.316228,0,0,0,0,0,1,0,0,1,1,1,1,0,1,0,1,0,1
Alice,cat,Domestic Shorthair Mix,young,Black,Calm; Independent; Affectionate,apartment,relaxed,experienced,0,0,8_plus,Protective; Playful,1,0,0,1,0,0,0,1,0,0,0,0,1,1,0,1,0,1,0,0,0,0.0,0,0,0,0,0,1,0,0,1,0,1,0,0,0,1,1,0,1
Sweetie Pie,dog,Australian Shepherd Mix,kitten_puppy,Black,Friendly; Energetic; Playful; Protective,apartment,high,first_time,0,0,8_plus,Affectionate,1,0,0,0,0,1,1,0,0,0,0,0,1,0,1,0,1,0,0,0,0,0.0,0,0,0,0,0,0,0,1,0,1,0,1,0,1,0,0,1,0
Mcgregor,cat,Domestic Shorthair Mix,kitten_puppy,White,Energetic; Playful; Affectionate,house_no_yard,moderate,experienced,0,0,0_3,Affectionate; Shy; Friendly,0,0,1,0,1,0,0,1,0,0,1,0,0,0,0,1,1,0,0,0,0,0.333333,1,1,0,0,1,0,0,1,0,0,0,1,0,1,0,1,0,1
Shelter Rescue,dog,Labrador Retriever Mix,kitten_puppy,Brown,Friendly; Energetic; Playful; Affectionate,house_no_yard,relaxed,experienced,1,1,4_7,Independent; Energetic,0,0,1,1,0,0,0,1,1,1,0,1,0,0,1,0,1,0,0,0,0,0.353553,0,0,0,1,0,0,1,0,0,1,0,1,0,1,0,1,0,1
Oliver,dog,Labrador Retriever Mix,young,Black,Friendly; Energetic; Playful; Affectionate,house_no_yard,relaxed,experienced,1,0,4_7,Shy,0,0,1,1,0,0,0,1,1,0,0,1,0,0,1,0,0,1,0,0,0,0.0,0,0,0,0,1,0,0,0,0,1,0,1,0,1,0,1,0,0
$Kittlez,cat,Domestic Shorthair Mix,kitten_puppy,Tabby,Energetic; Playful; Affectionate,house_with_yard,relaxed,first_time,0,1,8_plus,Energetic,0,1,0,1,0,0,1,0,0,1,0,0,1,1,0,1,1,0,0,0,0,0.57735,0,0,0,1,0,0,0,0,0,0,0,1,0,1,0,1,0,1
*Bartholomew,dog,American Staffordshire Terrier Mix,young,White,Friendly; Energetic; Playful,house_no_yard,relaxed,first_time,0,1,0_3,Energetic; Playful,0,0,1,1,0,0,1,0,0,1,1,0,0,0,1,0,0,1,0,0,0,0.816497,0,0,0,1,0,1,0,0,0,1,0,1,0,1,0,0,0,1
*Topo Chica,dog,Chihuahua Shorthair Mix,young,Brown,Friendly; Calm; Energetic; Playful; Affectionate,house_with_yard,high,experienced,1,0,4_7,Calm; Shy,0,1,0,0,0,1,0,1,1,0,0,1,0,0,1,0,0,1,0,0,0,0.316228,0,0,1,0,1,0,0,0,0,1,1,1,0,1,0,1,0,1
Arya,dog,German Shepherd Mix,adult,Brown,Friendly; Energetic; Affectionate; Protective,apartment,high,first_time,0,0,8_plus,Friendly; Independent; Affectionate,1,0,0,0,0,1,1,0,0,0,0,0,1,0,1,0,0,0,1,0,0,0.57735,0,1,0,0,0,0,1,1,0,1,0,1,0,0,0,1,1,0
Jinx,dog,Greyhound Mix,young,White,Friendly; Energetic; Playful,house_with_yard,moderate,first_time,0,1,8_plus,Independent,0,1,0,0,1,0,1,0,0,1,0,0,1,1,1,0,0,1,0,0,0,0.0,0,0,0,0,0,0,1,0,0,1,0,1,0,1,0,0,0,1
*Petey,dog,Border Terrier Mix,adult,White,Friendly; Energetic; Affectionate,apartment,relaxed,experienced,0,1,8_plus,Protective; Energetic; Affectionate,1,0,0,1,0,0,0,1,0,1,0,0,1,0,1,0,0,0,1,0,0,0.666667,1,0,0,1,0,0,0,1,1,1,0,1,0,0,0,1,0,1
Mamas,dog,Pit Bull Mix,young,Orange,Friendly; Energetic; Playful,house_no_yard,moderate,experienced,0,0,8_plus,Calm; Friendly,0,0,1,0,1,0,0,1,0,0,0,0,1,0,1,0,0,1,0,0,0,0.408248,0,1,1,0,0,0,0,0,0,1,0,1,0,1,0,0,0,0
Lobo,dog,Siberian Husky Mix,kitten_puppy,White,Friendly; Energetic; Playful,house_no_yard,relaxed,experienced,0,1,0_3,Protective; Friendly; Independent,0,0,1,1,0,0,0,1,0,1,1,0,0,0,1,0,1,0,0,0,0,0.333333,1,1,0,0,0,0,1,0,1,1,0,1,0,1,0,0,0,1
*Beaux,dog,Catahoula Mix,young,Gray,Friendly; Energetic; Playful,house_with_yard,high,first_time,0,0,0_3,Independent; Friendly; Energetic,0,1,0,0,0,1,1,0,0,0,1,0,0,0,1,0,0,1,0,0,0,0.666667,0,1,0,1,0,0,1,0,0,1,0,1,0,1,0,0,0,1
*Ginger,cat,Siamese Mix,kitten_puppy,Brown,Energetic; Playful; Affectionate,apartment,moderate,experienced,0,0,4_7,Calm,1,0,0,0,1,0,0,1,0,0,0,1,0,0,0,1,1,0,0,0,0,0.0,0,0,1,0,0,0,0,0,0,0,0,1,0,1,0,1,0,0
Osais,dog,Labrador Retriever Mix,kitten_puppy,Black,Friendly; Energetic; Playful; Affectionate,house_no_yard,moderate,first_time,0,1,8_plus,Independent; Calm,0,0,1,0,1,0,1,0,0,1,0,0,1,0,1,0,1,0,0,0,0,0.0,0,0,1,0,0,0,1,0,0,1,0,1,0,1,0,1,0,0
*Cotton,dog,Pit Bull Mix,young,White,Friendly; Energetic; Playful,house_with_yard,moderate,experienced,1,1,8_plus,Playful; Shy; Friendly,0,1,0,0,1,0,0,1,1,1,0,0,1,0,1,0,0,1,0,0,0,0.666667,0,1,0,0,1,1,0,0,0,1,0,1,0,1,0,0,0,1
Shelter Rescue,cat,Domestic Shorthair Mix,kitten_puppy,Tricolor,Energetic; Playful; Affectionate,apartment,relaxed,first_time,0,0,4_7,Playful; Friendly,1,0,0,1,0,0,1,0,0,0,0,1,0,0,0,1,1,0,0,0,0,0.408248,1,1,0,0,0,1,0,0,0,0,0,1,0,1,0,1,0,1
*Cocoa,cat,Domestic Shorthair Mix,kitten_puppy,Black,Energetic; Playful; Affectionate,apartment,high,first_time,0,0,4_7,Energetic; Friendly,1,0,0,0,0,1,1,0,0,0,0,1,0,0,0,1,1,0,0,0,0,0.408248,0,1,0,1,0,0,0,0,0,0,0,1,0,1,0,1,0,1
*Carlos,cat,Domestic Shorthair Mix,kitten_puppy,Black,Energetic; Playful; Affectionate,apartment,moderate,first_time,1,0,4_7,Playful; Shy; Independent,1,0,0,0,1,0,1,0,1,0,0,1,0,0,0,1,1,0,0,0,0,0.333333,0,0,0,0,1,1,1,0,0,0,0,1,0,1,0,1,0,1
Riku,dog,Collie Smooth/Labrador Retriever,kitten_puppy,Orange,Friendly; Energetic; Playful; Affectionate,house_with_yard,moderate,experienced,1,1,0_3,Independent; Friendly,0,1,0,0,1,0,0,1,1,1,1,0,0,1,1,0,1,0,0,0,0,0.353553,0,1,0,0,0,0,1,0,0,1,0,1,0,1,0,1,0,1
Hot Rod,cat,Domestic Shorthair Mix,kitten_puppy,Orange,Energetic; Playful; Affectionate,apartment,moderate,experienced,1,0,4_7,Affectionate,1,0,0,0,1,0,0,1,1,0,0,1,0,0,0,1,1,0,0,0,0,0.57735,0,0,0,0,0,0,0,1,0,0,0,1,0,1,0,1,0,1
Dolly,dog,Bichon Frise Mix,adult,White,Friendly; Calm; Affectionate,apartment,moderate,first_time,0,1,8_plus,Shy; Friendly; Independent,1,0,0,0,1,0,1,0,0,1,0,0,1,0,1,0,0,0,1,0,0,0.333333,0,1,0,0,1,0,1,0,0,1,1,0,0,0,0,1,0,1
*Bogart,cat,Domestic Shorthair Mix,kitten_puppy,Gray,Energetic; Playful; Affectionate,apartment,moderate,experienced,1,0,0_3,Independent; Energetic; Shy,1,0,0,0,1,0,0,1,1,0,1,0,0,0,0,1,1,0,0,0,0,0.333333,0,0,0,1,1,0,1,0,0,0,0,1,0,1,0,1,0,1
*Snert,dog,Norfolk Terrier Mix,young,Black,Friendly; Energetic; Playful,house_with_yard,high,experienced,1,1,4_7,Playful; Calm; Affectionate,0,1,0,0,0,1,0,1,1,1,0,1,0,0,1,0,0,1,0,0,0,0.333333,0,0,1,0,0,1,0,1,0,1,0,1,0,1,0,0,0,1
*Sabrina,cat,Domestic Shorthair Mix,kitten_puppy,Black,Energetic; Playful; Affectionate,house_no_yard,relaxed,first_time,0,0,8_plus,Calm; Affectionate; Energetic,0,0,1,1,0,0,1,0,0,0,0,0,1,0,0,1,1,0,0,0,0,0.666667,1,0,1,1,0,0,0,1,0,0,0,1,0,1,0,1,0,0
Chachi,dog,Yorkshire Terrier/Cairn Terrier,young,Brown,Friendly; Energetic; Playful,house_no_yard,moderate,first_time,0,1,8_plus,Protective,0,0,1,0,1,0,1,0,0,1,0,0,1,0,1,0,0,1,0,0,0,0.0,0,0,0,0,0,0,0,0,1,1,0,1,0,1,0,0,0,0
*Elle,cat,Domestic Shorthair Mix,kitten_puppy,Tricolor,Energetic; Playful; Affectionate,house_no_yard,relaxed,first_time,0,1,4_7,Friendly,0,0,1,1,0,0,1,0,0,1,0,1,0,1,0,1,1,0,0,0,0,0.0,1,1,0,0,0,0,0,0,0,0,0,1,0,1,0,1,0,0
Kai,dog,Siberian Husky Mix,young,White,Friendly; Energetic; Playful,house_with_yard,moderate,first_time,0,0,0_3,Energetic; Calm,0,1,0,0,1,0,1,0,0,0,1,0,0,0,1,0,0,1,0,0,0,0.408248,0,0,1,1,0,0,0,0,0,1,0,1,0,1,0,0,0,1
Gigi,dog,Pit Bull Mix,young,White,Friendly; Energetic; Playful,house_no_yard,relaxed,experienced,0,0,8_plus,Affectionate,0,0,1,1,0,0,0,1,0,0,0,0,1,0,1,0,0,1,0,0,0,0.0,0,0,0,0,0,0,0,1,0,1,0,1,0,1,0,0,0,0
Abigail,dog,Miniature Poodle Mix,young,Brown,Friendly; Energetic; Playful; Affectionate,house_with_yard,relaxed,first_time,1,0,0_3,Independent,0,1,0,1,0,0,1,0,1,0,1,0,0,1,1,0,0,1,0,0,0,0.0,1,0,0,0,0,0,1,0,0,1,0,1,0,1,0,1,0,1
*Margie,cat,Domestic Shorthair Mix,kitten_puppy,Black,Energetic; Playful; Affectionate,house_with_yard,relaxed,first_time,1,1,8_plus,Friendly,0,1,0,1,0,0,1,0,1,1,0,0,1,0,0,1,1,0,0,0,0,0.0,0,1,0,0,0,0,0,0,0,0,0,1,0,1,0,1,0,0
Sparkle,dog,Chihuahua Shorthair Mix,kitten_puppy,White,Friendly; Calm; Energetic; Playful; Affectionate,apartment,high,first_time,0,0,4_7,Shy; Calm; Friendly,1,0,0,0,0,1,1,0,0,0,0,1,0,0,1,0,1,0,0,0,0,0.516398,0,1,1,0,1,0,0,0,0,1,1,1,0,1,0,1,0,1
*Friday,cat,Domestic Shorthair Mix,kitten_puppy,White,Energetic; Playful; Affectionate,house_no_yard,moderate,first_time,1,1,4_7,Affectionate,0,0,1,0,1,0,1,0,1,1,0,1,0,0,0,1,1,0,0,0,0,0.57735,0,0,0,0,0,0,0,1,0,0,0,1,0,1,0,1,0,1
*Rosemary,cat,Domestic Shorthair Mix,adult,Tabby,Calm; Independent; Affectionate,apartment,high,first_time,1,1,8_plus,Shy; Independent,1,0,0,0,0,1,1,0,1,1,0,0,1,0,0,1,0,0,1,0,0,0.408248,0,0,0,0,1,0,1,0,0,0,1,0,0,0,1,1,0,1
Gezebel,cat,Domestic Shorthair Mix,kitten_puppy,Black,Energetic; Playful; Affectionate,house_no_yard,high,first_time,0,0,0_3,Affectionate,0,0,1,0,0,1,1,0,0,0,1,0,0,0,0,1,1,0,0,0,0,0.57735,1,0,0,0,0,0,0,1,0,0,0,1,0,1,0,1,0,1
Shelter Rescue,dog,Labrador Retriever Mix,kitten_puppy,White,Friendly; Energetic; Playful; Affectionate,house_with_yard,moderate,first_time,0,0,4_7,Friendly,0,1,0,0,1,0,1,0,0,0,0,1,0,0,1,0,1,0,0,0,0,0.5,0,1,0,0,0,0,0,0,0,1,0,1,0,1,0,1,0,1
Freddie,dog,Australian Kelpie Mix,young,Black,Friendly; Energetic; Playful,house_with_yard,relaxed,experienced,1,1,4_7,Energetic; Playful; Protective,0,1,0,1,0,0,0,1,1,1,0,1,0,1,1,0,0,1,0,0,0,0.666667,0,0,0,1,0,1,0,0,1,1,0,1,0,1,0,0,0,1
Ms. Birdy,cat,Domestic Shorthair Mix,kitten_puppy,Tricolor,Energetic; Playful; Affectionate,apartment,moderate,experienced,0,0,4_7,Calm,1,0,0,0,1,0,0,1,0,0,0,1,0,0,0,1,1,0,0,0,0,0.0,0,0,1,0,0,0,0,0,0,0,0,1,0,1,0,1,0,0
Chicken,cat,Domestic Shorthair Mix,kitten_puppy,White,Energetic; Playful; Affectionate,apartment,moderate,first_time,1,0,8_plus,Independent; Friendly,1,0,0,0,1,0,1,0,1,0,0,0,1,0,0,1,1,0,0,0,0,0.0,0,1,0,0,0,0,1,0,0,0,0,1,0,1,0,1,0,0
Drax,cat,Domestic Shorthair Mix,kitten_puppy,Black,Energetic; Playful; Affectionate,apartment,high,first_time,0,1,4_7,Affectionate,1,0,0,0,0,1,1,0,0,1,0,1,0,0,0,1,1,0,0,0,0,0.57735,0,0,0,0,0,0,0,1,0,0,0,1,0,1,0,1,0,1
*Jasper,cat,Domestic Shorthair Mix,adult,Black,Calm; Independent; Affectionate,house_with_yard,relaxed,experienced,0,1,4_7,Affectionate; Calm,0,1,0,1,0,0,0,1,0,1,0,1,0,0,0,1,0,0,1,0,0,0.816497,1,0,1,0,0,0,0,1,0,0,1,0,0,0,1,1,0,1
Teal,dog,Chihuahua Shorthair Mix,young,Brown,Friendly; Calm; Energetic; Playful; Affectionate,apartment,moderate,first_time,0,1,4_7,Affectionate; Energetic; Protective,1,0,0,0,1,0,1,0,0,1,0,1,0,0,1,0,0,1,0,0,0,0.516398,0,0,0,1,0,0,0,1,1,1,1,1,0,1,0,1,0,1
*Buttercup,dog,Australian Cattle Dog,kitten_puppy,Black,Friendly; Energetic; Playful,apartment,moderate,experienced,0,0,8_plus,Friendly,1,0,0,0,1,0,0,1,0,0,0,0,1,0,1,0,1,0,0,0,0,0.57735,0,1,0,0,0,0,0,0,0,1,0,1,0,1,0,0,0,0
Shelter Rescue,dog,Dachshund/Chihuahua Shorthair,young,Brown,Friendly; Calm; Energetic; Playful; Affectionate,house_with_yard,relaxed,first_time,1,1,8_plus,Energetic; Affectionate; Shy,0,1,0,1,0,0,1,0,1,1,0,0,1,1,1,0,0,1,0,0,0,0.516398,0,0,0,1,1,0,0,1,0,1,1,1,0,1,0,1,0,1
*Emily,cat,Domestic Shorthair Mix,kitten_puppy,Tricolor,Energetic; Playful; Affectionate,house_with_yard,moderate,experienced,0,1,0_3,Friendly; Affectionate,0,1,0,0,1,0,0,1,0,1,1,0,0,1,0,1,1,0,0,0,0,0.408248,0,1,0,0,0,0,0,1,0,0,0,1,0,1,0,1,0,1
Rose,dog,Great Pyrenees Mix,adult,White,Friendly; Affectionate,apartment,relaxed,first_time,1,1,4_7,Calm,1,0,0,1,0,0,1,0,1,1,0,1,0,0,1,0,0,0,1,0,0,0.0,0,0,1,0,0,0,0,0,0,1,0,0,0,0,0,1,0,1
Shelter Rescue,dog,Australian Cattle Dog Mix,kitten_puppy,White,Friendly; Energetic; Playful,house_with_yard,high,first_time,0,0,0_3,Protective; Calm,0,1,0,0,0,1,1,0,0,0,1,0,0,1,1,0,1,0,0,0,0,0.0,0,0,1,0,0,0,0,0,1,1,0,1,0,1,0,0,0,1
Baby,dog,Labrador Retriever Mix,young,Black,Friendly; Energetic; Playful; Affectionate,apartment,moderate,experienced,1,0,8_plus,Protective; Shy,1,0,0,0,1,0,0,1,1,0,0,0,1,0,1,0,0,1,0,0,0,0.0,0,0,0,0,1,0,0,0,1,1,0,1,0,1,0,1,0,0
*Hailey,dog,Rat Terrier Mix,young,Black,Friendly; Energetic; Playful,apartment,relaxed,experienced,0,1,4_7,Protective; Playful,1,0,0,1,0,0,0,1,0,1,0,1,0,0,1,0,0,1,0,0,0,0.408248,0,0,0,0,0,1,0,0,1,1,0,1,0,1,0,0,0,0
*Percy,dog,Dutch Shepherd,young,Brown,Friendly; Energetic; Playful; Protective,house_with_yard,relaxed,experienced,0,1,4_7,Affectionate; Friendly; Calm,0,1,0,1,0,0,0,1,0,1,0,1,0,0,1,0,0,1,0,0,0,0.288675,0,1,1,0,0,0,0,1,0,1,0,1,0,1,0,0,1,1
Lucy,cat,Domestic Medium Hair Mix,kitten_puppy,Tricolor,Energetic; Playful; Affectionate,apartment,relaxed,first_time,1,1,4_7,Calm; Independent,1,0,0,1,0,0,1,0,1,1,0,1,0,0,0,1,1,0,0,0,0,0.0,0,0,1,0,0,0,1,0,0,0,0,1,0,1,0,1,0,1
Monster,dog,Chihuahua Shorthair Mix,kitten_puppy,White,Friendly; Calm; Energetic; Playful; Affectionate,apartment,moderate,experienced,0,0,4_7,Friendly; Affectionate,1,0,0,0,1,0,0,1,0,0,0,1,0,1,1,0,1,0,0,0,0,0.632456,0,1,0,0,0,0,0,1,0,1,1,1,0,1,0,1,0,1
*Iris,dog,Anatol Shepherd Mix,young,Brown,Friendly; Energetic; Playful; Protective,house_no_yard,high,experienced,1,1,4_7,Affectionate; Energetic; Playful,0,0,1,0,0,1,0,1,1,1,0,1,0,1,1,0,0,1,0,0,0,0.57735,0,0,0,1,0,1,0,1,0,1,0,1,0,1,0,0,1,1
Zoey,dog,Australian Shepherd/Labrador Retriever,kitten_puppy,White,Friendly; Energetic; Playful; Affectionate; Protective,house_no_yard,moderate,experienced,0,0,0_3,Independent,0,0,1,0,1,0,0,1,0,0,1,0,0,1,1,0,1,0,0,0,0,0.0,1,0,0,0,0,0,1,0,0,1,0,1,0,1,0,1,1,1
Cane,dog,American Bulldog Mix,young,Black,Friendly; Energetic; Playful,apartment,high,experienced,0,1,4_7,Calm; Affectionate; Protective,1,0,0,0,0,1,0,1,0,1,0,1,0,0,1,0,0,1,0,0,0,0.0,0,0,1,0,0,0,0,1,1,1,0,1,0,1,0,0,0,0
Lana,dog,Keeshond Mix,young,Black,Friendly; Energetic; Playful,house_with_yard,relaxed,first_time,0,1,0_3,Friendly; Energetic,0,1,0,1,0,0,1,0,0,1,1,0,0,1,1,0,0,1,0,0,0,0.816497,0,1,0,1,0,0,0,0,0,1,0,1,0,1,0,0,0,1
Sally,dog,Labrador Retriever Mix,senior,White,Friendly; Calm; Playful; Independent; Affectionate,house_with_yard,moderate,experienced,0,1,4_7,Calm; Independent; Playful,0,1,0,0,1,0,0,1,0,1,0,1,0,0,1,0,0,0,0,1,0,0.774597,0,0,1,0,0,1,1,0,0,1,1,0,0,1,1,1,0,1
*Paul,cat,Domestic Shorthair Mix,kitten_puppy,White,Energetic; Playful; Affectionate,house_with_yard,moderate,experienced,0,0,0_3,Friendly; Shy,0,1,0,0,1,0,0,1,0,0,1,0,0,0,0,1,1,0,0,0,0,0.0,0,1,0,0,1,0,0,0,0,0,0,1,0,1,0,1,0,1
*Lance,dog,Chihuahua Shorthair/Jack Russell Terrier,young,White,Friendly; Calm; Energetic; Playful; Affectionate,house_no_yard,moderate,first_time,0,1,4_7,Affectionate,0,0,1,0,1,0,1,0,0,1,0,1,0,0,1,0,0,1,0,0,0,0.447214,0,0,0,0,0,0,0,1,0,1,1,1,0,1,0,1,0,1
Shelter Rescue,dog,Cairn Terrier Mix,young,Black,Friendly; Energetic; Playful,apartment,relaxed,first_time,0,0,0_3,Shy; Calm,1,0,0,1,0,0,1,0,0,0,1,0,0,0,1,0,0,1,0,0,0,0.0,1,0,1,0,1,0,0,0,0,1,0,1,0,1,0,0,0,0
Bentley,dog,Chihuahua Shorthair/Cardigan Welsh Corgi,adult,Black,Friendly; Calm; Affectionate,apartment,high,experienced,1,1,0_3,Playful; Shy; Calm,1,0,0,0,0,1,0,1,1,1,1,0,0,0,1,0,0,0,1,0,0,0.333333,0,0,1,0,1,1,0,0,0,1,1,0,0,0,0,1,0,1
*Bette,cat,Siamese Mix,kitten_puppy,Brown,Energetic; Playful; Affectionate,apartment,moderate,first_time,0,0,8_plus,Calm,1,0,0,0,1,0,1,0,0,0,0,0,1,0,0,1,1,0,0,0,0,0.0,1,0,1,0,0,0,0,0,0,0,0,1,0,1,0,1,0,0
*Runt Baby,dog,Labrador Retriever Mix,adult,White,Friendly; Playful; Affectionate,house_no_yard,relaxed,experienced,0,0,0_3,Affectionate; Shy; Friendly,0,0,1,1,0,0,0,1,0,0,1,0,0,0,1,0,0,0,1,0,0,0.666667,1,1,0,0,1,0,0,1,0,1,0,0,0,1,0,1,0,1
*Squiggy,dog,Cardigan Welsh Corgi/Australian Cattle Dog,kitten_puppy,White,Friendly; Energetic; Playful,apartment,moderate,experienced,0,1,8_plus,Energetic,1,0,0,0,1,0,0,1,0,1,0,0,1,0,1,0,1,0,0,0,0,0.57735,0,0,0,1,0,0,0,0,0,1,0,1,0,1,0,0,0,0
Shelter Rescue,dog,Labrador Retriever Mix,kitten_puppy,Black,Friendly; Energetic; Playful; Affectionate,house_no_yard,relaxed,experienced,1,0,8_plus,Energetic,0,0,1,1,0,0,0,1,1,0,0,0,1,1,1,0,1,0,0,0,0,0.5,0,0,0,1,0,0,0,0,0,1,0,1,0,1,0,1,0,0
*Starburst,cat,Domestic Shorthair Mix,kitten_puppy,Black,Energetic; Playful; Affectionate,apartment,high,first_time,0,1,0_3,Shy; Playful,1,0,0,0,0,1,1,0,0,1,1,0,0,0,0,1,1,0,0,0,0,0.408248,1,0,0,0,1,1,0,0,0,0,0,1,0,1,0,1,0,1
Shelter Rescue,dog,Catahoula Mix,kitten_puppy,Brown,Friendly; Energetic; Playful,house_with_yard,moderate,first_time,0,1,4_7,Friendly,0,1,0,0,1,0,1,0,0,1,0,1,0,1,1,0,1,0,0,0,0,0.57735,0,1,0,0,0,0,0,0,0,1,0,1,0,1,0,0,0,1
Darwin,dog,Chihuahua Shorthair/Jack Russell Terrier,kitten_puppy,Tricolor,Friendly; Calm; Energetic; Playful; Affectionate,house_with_yard,moderate,first_time,0,0,4_7,Shy,0,1,0,0,1,0,1,0,0,0,0,1,0,1,1,0,1,0,0,0,0,0.0,0,0,0,0,1,0,0,0,0,1,1,1,0,1,0,1,0,1
Percy,dog,Cocker Spaniel,young,Black,Friendly; Energetic; Playful; Affectionate,house_no_yard,high,first_time,1,1,4_7,Energetic; Calm,0,0,1,0,0,1,1,0,1,1,0,1,0,0,1,0,0,1,0,0,0,0.353553,1,0,1,1,0,0,0,0,0,1,0,1,0,1,0,1,0,1
*Arby,cat,Domestic Shorthair Mix,kitten_puppy,White,Energetic; Playful; Affectionate,house_no_yard,relaxed,first_time,0,1,0_3,Calm; Protective; Energetic,0,0,1,1,0,0,1,0,0,1,1,0,0,1,0,1,1,0,0,0,0,0.333333,1,0,1,1,0,0,0,0,1,0,0,1,0,1,0,1,0,1
Manchitas,dog,Catahoula,young,Brown,Friendly; Energetic; Playful,house_with_yard,moderate,experienced,0,1,8_plus,Playful; Affectionate,0,1,0,0,1,0,0,1,0,1,0,0,1,0,1,0,0,1,0,0,0,0.408248,1,0,0,0,0,1,0,1,0,1,0,1,0,1,0,0,0,1
Mr. Meowgi,cat,Domestic Medium Hair Mix,young,Black,Calm; Independent; Affectionate,house_no_yard,moderate,first_time,0,1,8_plus,Calm; Affectionate; Playful,0,0,1,0,1,0,1,0,0,1,0,0,1,0,0,1,0,1,0,0,0,0.666667,1,0,1,0,0,1,0,1,0,0,1,0,0,0,1,1,0,1
*Dylan,dog,Cairn Terrier/Miniature Schnauzer,kitten_puppy,Black,Friendly; Energetic; Playful,house_no_yard,moderate,first_time,1,1,8_plus,Friendly,0,0,1,0,1,0,1,0,1,1,0,0,1,0,1,0,1,0,0,0,0,0.57735,0,1,0,0,0,0,0,0,0,1,0,1,0,1,0,0,0,1
Coco,dog,Chihuahua Shorthair Mix,adult,Brown,Friendly; Calm; Affectionate,house_with_yard,relaxed,first_time,0,0,4_7,Calm,0,1,0,1,0,0,1,0,0,0,0,1,0,0,1,0,0,0,1,0,0,0.57735,0,0,1,0,0,0,0,0,0,1,1,0,0,0,0,1,0,1
Sagan,dog,Anatol Shepherd Mix,kitten_puppy,Tricolor,Friendly; Energetic; Playful; Protective,house_no_yard,relaxed,experienced,0,0,4_7,Friendly; Protective,0,0,1,1,0,0,0,1,0,0,0,1,0,0,1,0,1,0,0,0,0,0.707107,0,1,0,0,0,0,0,0,1,1,0,1,0,1,0,0,1,0
Freida,dog,German Shepherd,adult,Black,Friendly; Energetic; Affectionate; Protective,apartment,high,first_time,0,0,0_3,Playful; Affectionate; Protective,1,0,0,0,0,1,1,0,0,0,1,0,0,0,1,0,0,0,1,0,0,0.57735,1,0,0,0,0,1,0,1,1,1,0,1,0,0,0,1,1,1
Boomer,dog,Labrador Retriever Mix,kitten_puppy,Brown,Friendly; Energetic; Playful; Affectionate,apartment,relaxed,first_time,0,0,0_3,Shy,1,0,0,1,0,0,1,0,0,0,1,0,0,0,1,0,1,0,0,0,0,0.0,0,0,0,0,1,0,0,0,0,1,0,1,0,1,0,1,0,0
Suzi,cat,Domestic Shorthair Mix,adult,Tricolor,Calm; Independent; Affectionate,house_no_yard,moderate,first_time,0,0,8_plus,Protective; Affectionate; Shy,0,0,1,0,1,0,1,0,0,0,0,0,1,1,0,1,0,0,1,0,0,0.333333,0,0,0,0,1,0,0,1,1,0,1,0,0,0,1,1,0,1
Mogli,dog,Pit Bull Mix,kitten_puppy,Black,Friendly; Energetic; Playful,apartment,relaxed,first_time,0,1,0_3,Friendly; Calm,1,0,0,1,0,0,1,0,0,1,1,0,0,0,1,0,1,0,0,0,0,0.408248,0,1,1,0,0,0,0,0,0,1,0,1,0,1,0,0,0,1
*Sara,dog,German Shepherd Mix,young,Brown,Friendly; Energetic; Playful; Protective,house_no_yard,high,experienced,0,1,8_plus,Protective; Friendly; Calm,0,0,1,0,0,1,0,1,0,1,0,0,1,0,1,0,0,1,0,0,0,0.57735,0,1,1,0,0,0,0,0,1,1,0,1,0,1,0,0,1,1
Shelter Rescue,cat,Domestic Shorthair Mix,kitten_puppy,Black,Energetic; Playful; Affectionate,apartment,relaxed,first_time,0,0,4_7,Friendly; Playful,1,0,0,1,0,0,1,0,0,0,0,1,0,0,0,1,1,0,0,0,0,0.408248,1,1,0,0,0,1,0,0,0,0,0,1,0,1,0,1,0,1
Louise,dog,Anatol Shepherd Mix,kitten_puppy,White,Friendly; Energetic; Playful; Protective,house_with_yard,relaxed,experienced,1,1,8_plus,Independent,0,1,0,1,0,0,0,1,1,1,0,0,1,0,1,0,1,0,0,0,0,0.0,0,0,0,0,0,0,1,0,0,1,0,1,0,1,0,0,1,0
Flicka,cat,Domestic Shorthair Mix,kitten_puppy,White,Energetic; Playful; Affectionate,house_no_yard,moderate,experienced,0,1,4_7,Protective; Shy; Playful,0,0,1,0,1,0,0,1,0,1,0,1,0,0,0,1,1,0,0,0,0,0.333333,0,0,0,0,1,1,0,0,1,0,0,1,0,1,0,1,0,0
*Jaymie,dog,Australian Kelpie Mix,young,Black,Friendly; Energetic; Playful,apartment,high,first_time,1,0,4_7,Affectionate; Shy,1,0,0,0,0,1,1,0,1,0,0,1,0,0,1,0,0,1,0,0,0,0.0,1,0,0,0,1,0,0,1,0,1,0,1,0,1,0,0,0,1
*Shelley,cat,Domestic Shorthair Mix,kitten_puppy,White,Energetic; Playful; Affectionate,house_with_yard,moderate,first_time,1,1,8_plus,Energetic; Playful,0,1,0,0,1,0,1,0,1,1,0,0,1,1,0,1,1,0,0,0,0,0.816497,0,0,0,1,0,1,0,0,0,0,0,1,0,1,0,1,0,1
Spot,cat,Domestic Shorthair Mix,kitten_puppy,Tabby,Energetic; Playful; Affectionate,house_with_yard,moderate,first_time,1,1,4_7,Energetic; Friendly; Protective,0,1,0,0,1,0,1,0,1,1,0,1,0,0,0,1,1,0,0,0,0,0.333333,0,1,0,1,0,0,0,0,1,0,0,1,0,1,0,1,0,1
Morella,cat,Domestic Shorthair Mix,adult,Black,Calm; Independent; Affectionate,house_no_yard,moderate,experienced,1,0,8_plus,Affectionate; Calm,0,0,1,0,1,0,0,1,1,0,0,0,1,0,0,1,0,0,1,0,0,0.816497,0,0,1,0,0,0,0,1,0,0,1,0,0,0,1,1,0,1
*Mariette,cat,Domestic Shorthair Mix,young,Tricolor,Calm; Independent; Affectionate,house_with_yard,high,experienced,1,0,0_3,Friendly; Calm,0,1,0,0,0,1,0,1,1,0,1,0,0,0,0,1,0,1,0,0,0,0.408248,0,1,1,0,0,0,0,0,0,0,1,0,0,0,1,1,0,1
Sweetie,dog,Chihuahua Shorthair Mix,kitten_puppy,Black,Friendly; Calm; Energetic; Playful; Affectionate,house_with_yard,moderate,experienced,0,1,8_plus,Playful; Affectionate,0,1,0,0,1,0,0,1,0,1,0,0,1,1,1,0,1,0,0,0,0,0.632456,0,0,0,0,0,1,0,1,0,1,1,1,0,1,0,1,0,1
Charro,cat,Domestic Shorthair Mix,kitten_puppy,Black,Energetic; Playful; Affectionate,apartment,high,first_time,0,0,0_3,Calm,1,0,0,0,0,1,1,0,0,0,1,0,0,1,0,1,1,0,0,0,0,0.0,0,0,1,0,0,0,0,0,0,0,0,1,0,1,0,1,0,1
*Belle,cat,Domestic Shorthair Mix,kitten_puppy,Black,Energetic; Playful; Affectionate,apartment,high,first_time,0,1,4_7,Shy,1,0,0,0,0,1,1,0,0,1,0,1,0,0,0,1,1,0,0,0,0,0.0,1,0,0,0,1,0,0,0,0,0,0,1,0,1,0,1,0,1
*Aurora,dog,Labrador Retriever Mix,kitten_puppy,White,Friendly; Energetic; Playful; Affectionate,apartment,moderate,experienced,0,0,8_plus,Friendly; Playful,1,0,0,0,1,0,0,1,0,0,0,0,1,1,1,0,1,0,0,0,0,0.707107,0,1,0,0,0,1,0,0,0,1,0,1,0,1,0,1,0,0
Stormy,dog,Border Collie Mix,kitten_puppy,Black,Friendly; Energetic; Playful,house_no_yard,relaxed,first_time,0,1,0_3,Calm,0,0,1,1,0,0,1,0,0,1,1,0,0,1,1,0,1,0,0,0,0,0.0,0,0,1,0,0,0,0,0,0,1,0,1,0,1,0,0,0,1
Gypsy,dog,Labrador Retriever Mix,kitten_puppy,Black,Friendly; Energetic; Playful; Affectionate,apartment,relaxed,experienced,1,1,4_7,Friendly,1,0,0,1,0,0,0,1,1,1,0,1,0,0,1,0,1,0,0,0,0,0.5,0,1,0,0,0,0,0,0,0,1,0,1,0,1,0,1,0,0
Honey,dog,Chihuahua Shorthair Mix,young,White,Friendly; Calm; Energetic; Playful; Affectionate,house_no_yard,moderate,experienced,0,1,8_plus,Protective; Energetic,0,0,1,0,1,0,0,1,0,1,0,0,1,0,1,0,0,1,0,0,0,0.316228,0,0,0,1,0,0,0,0,1,1,1,1,0,1,0,1,0,1
Eddy,cat,Domestic Shorthair Mix,young,Orange,Calm; Independent; Affectionate,house_with_yard,high,first_time,1,1,8_plus,Playful,0,1,0,0,0,1,1,0,1,1,0,0,1,1,0,1,0,1,0,0,0,0.0,0,0,0,0,0,1,0,0,0,0,1,0,0,0,1,1,0,1
Lady,dog,Australian Kelpie Mix,adult,Black,Friendly; Affectionate,apartment,high,experienced,0,1,4_7,Calm; Playful,1,0,0,0,0,1,0,1,0,1,0,1,0,0,1,0,0,0,1,0,0,0.0,0,0,1,0,0,1,0,0,0,1,0,0,0,0,0,1,0,0
Bob,cat,Domestic Shorthair Mix,kitten_puppy,Orange,Energetic; Playful; Affectionate,house_no_yard,moderate,first_time,1,1,4_7,Playful,0,0,1,0,1,0,1,0,1,1,0,1,0,0,0,1,1,0,0,0,0,0.57735,0,0,0,0,0,1,0,0,0,0,0,1,0,1,0,1,0,1
*Wren,dog,Labrador Retriever Mix,kitten_puppy,Black,Friendly; Energetic; Playful; Affectionate,house_no_yard,relaxed,experienced,0,1,8_plus,Friendly; Affectionate; Protective,0,0,1,1,0,0,0,1,0,1,0,0,1,1,1,0,1,0,0,0,0,0.57735,0,1,0,0,0,0,0,1,1,1,0,1,0,1,0,1,0,0
Ginger,dog,Miniature Poodle/Miniature Schnauzer,young,Brown,Friendly; Energetic; Playful; Affectionate,house_no_yard,moderate,experienced,0,0,8_plus,Playful; Protective,0,0,1,0,1,0,0,1,0,0,0,0,1,0,1,0,0,1,0,0,0,0.353553,0,0,0,0,0,1,0,0,1,1,0,1,0,1,0,1,0,0
Cupcake,cat,Domestic Shorthair Mix,kitten_puppy,Black,Energetic; Playful; Affectionate,apartment,relaxed,first_time,0,0,0_3,Protective; Affectionate; Friendly,1,0,0,1,0,0,1,0,0,0,1,0,0,0,0,1,1,0,0,0,0,0.333333,0,1,0,0,0,0,0,1,1,0,0,1,0,1,0,1,0,1
*Norma,dog,Chihuahua Shorthair Mix,adult,Brown,Friendly; Calm; Affectionate,house_no_yard,relaxed,experienced,0,1,0_3,Friendly; Independent,0,0,1,1,0,0,0,1,0,1,1,0,0,0,1,0,0,0,1,0,0,0.408248,0,1,0,0,0,0,1,0,0,1,1,0,0,0,0,1,0,1
*Midnight,cat,Domestic Shorthair Mix,kitten_puppy,Black,Energetic; Playful; Affectionate,apartment,high,first_time,0,1,4_7,Shy,1,0,0,0,0,1,1,0,0,1,0,1,0,0,0,1,1,0,0,0,0,0.0,0,0,0,0,1,0,0,0,0,0,0,1,0,1,0,1,0,1
Mr. Biggy,cat,Domestic Shorthair Mix,kitten_puppy,White,Energetic; Playful; Affectionate,house_with_yard,high,experienced,0,0,8_plus,Calm,0,1,0,0,0,1,0,1,0,0,0,0,1,0,0,1,1,0,0,0,0,0.0,1,0,1,0,0,0,0,0,0,0,0,1,0,1,0,1,0,1
*Desi,cat,Domestic Longhair Mix,kitten_puppy,Tabby,Energetic; Playful; Affectionate,house_with_yard,relaxed,experienced,0,1,8_plus,Calm; Independent; Friendly,0,1,0,1,0,0,0,1,0,1,0,0,1,0,0,1,1,0,0,0,0,0.0,1,1,1,0,0,0,1,0,0,0,0,1,0,1,0,1,0,0
*Rafael,cat,Snowshoe Mix,kitten_puppy,Brown,Energetic; Playful; Affectionate,house_with_yard,high,first_time,0,1,4_7,Independent,0,1,0,0,0,1,1,0,0,1,0,1,0,0,0,1,1,0,0,0,0,0.0,0,0,0,0,0,0,1,0,0,0,0,1,0,1,0,1,0,1
Eva,dog,Chihuahua Shorthair Mix,kitten_puppy,Black,Friendly; Calm; Energetic; Playful; Affectionate,house_with_yard,high,first_time,0,1,4_7,Affectionate; Energetic,0,1,0,0,0,1,1,0,0,1,0,1,0,0,1,0,1,0,0,0,0,0.632456,1,0,0,1,0,0,0,1,0,1,1,1,0,1,0,1,0,1
Hulk,cat,Domestic Shorthair Mix,kitten_puppy,Gray,Energetic; Playful; Affectionate,house_no_yard,high,first_time,1,1,8_plus,Independent; Friendly,0,0,1,0,0,1,1,0,1,1,0,0,1,1,0,1,1,0,0,0,0,0.0,0,1,0,0,0,0,1,0,0,0,0,1,0,1,0,1,0,0
Shelter Rescue,cat,Domestic Shorthair Mix,kitten_puppy,Black,Energetic; Playful; Affectionate,house_no_yard,moderate,first_time,0,1,4_7,Independent,0,0,1,0,1,0,1,0,0,1,0,1,0,0,0,1,1,0,0,0,0,0.0,0,0,0,0,0,0,1,0,0,0,0,1,0,1,0,1,0,0
*Pablo Diego,cat,Domestic Shorthair Mix,kitten_puppy,Black,Energetic; Playful; Affectionate,apartment,moderate,experienced,0,0,4_7,Affectionate; Calm,1,0,0,0,1,0,0,1,0,0,0,1,0,0,0,1,1,0,0,0,0,0.408248,0,0,1,0,0,0,0,1,0,0,0,1,0,1,0,1,0,1
*Mason,dog,Standard Schnauzer Mix,adult,Gray,Friendly; Affectionate,house_no_yard,moderate,first_time,0,0,8_plus,Protective; Affectionate,0,0,1,0,1,0,1,0,0,0,0,0,1,1,1,0,0,0,1,0,0,0.5,0,0,0,0,0,0,0,1,1,1,0,0,0,0,0,1,0,1
Duke,dog,Australian Shepherd/Rhod Ridgeback,young,Orange,Friendly; Energetic; Playful; Protective,house_with_yard,high,first_time,0,0,0_3,Friendly; Shy; Affectionate,0,1,0,0,0,1,1,0,0,0,1,0,0,0,1,0,0,1,0,0,0,0.288675,0,1,0,0,1,0,0,1,0,1,0,1,0,1,0,0,1,1
*Brett,cat,Domestic Shorthair Mix,kitten_puppy,White,Energetic; Playful; Affectionate,apartment,moderate,first_time,1,0,0_3,Shy; Energetic,1,0,0,0,1,0,1,0,1,0,1,0,0,0,0,1,1,0,0,0,0,0.408248,0,0,0,1,1,0,0,0,0,0,0,1,0,1,0,1,0,1
Shelter Rescue,dog,Labrador Retriever/Catahoula,kitten_puppy,Brown,Friendly; Energetic; Playful; Affectionate,house_with_yard,high,experienced,0,1,0_3,Friendly,0,1,0,0,0,1,0,1,0,1,1,0,0,0,1,0,1,0,0,0,0,0.5,0,1,0,0,0,0,0,0,0,1,0,1,0,1,0,1,0,1
Rocky,dog,Catahoula/Rottweiler,young,Black,Friendly; Energetic; Playful,house_with_yard,relaxed,experienced,0,0,0_3,Independent; Affectionate,0,1,0,1,0,0,0,1,0,0,1,0,0,1,1,0,0,1,0,0,0,0.0,0,0,0,0,0,0,1,1,0,1,0,1,0,1,0,0,0,0
Rouge,dog,American Staffordshire Terrier Mix,young,Black,Friendly; Energetic; Playful,apartment,high,experienced,1,1,0_3,Calm,1,0,0,0,0,1,0,1,1,1,1,0,0,1,1,0,0,1,0,0,0,0.0,0,0,1,0,0,0,0,0,0,1,0,1,0,1,0,0,0,0
*Caramello,dog,Labrador Retriever Mix,young,Brown,Friendly; Energetic; Playful; Affectionate,apartment,relaxed,experienced,1,1,8_plus,Protective,1,0,0,1,0,0,0,1,1,1,0,0,1,1,1,0,0,1,0,0,0,0.0,0,0,0,0,0,0,0,0,1,1,0,1,0,1,0,1,0,0
Ojoe,dog,Dutch Shepherd Mix,kitten_puppy,Black,Friendly; Energetic; Playful; Protective,house_with_yard,high,first_time,1,1,8_plus,Energetic; Playful,0,1,0,0,0,1,1,0,1,1,0,0,1,1,1,0,1,0,0,0,0,0.707107,1,0,0,1,0,1,0,0,0,1,0,1,0,1,0,0,1,1
*Sissy,dog,Catahoula Mix,adult,White,Friendly; Affectionate,apartment,moderate,experienced,1,1,4_7,Energetic; Affectionate; Friendly,1,0,0,0,1,0,0,1,1,1,0,1,0,1,1,0,0,0,1,0,0,0.816497,1,1,0,1,0,0,0,1,0,1,0,0,0,0,0,1,0,1
Goldie,dog,Australian Kelpie Mix,kitten_puppy,Brown,Friendly; Energetic; Playful,house_no_yard,moderate,first_time,0,1,4_7,Protective; Calm; Energetic,0,0,1,0,1,0,1,0,0,1,0,1,0,0,1,0,1,0,0,0,0,0.333333,1,0,1,1,0,0,0,0,1,1,0,1,0,1,0,0,0,1
Shelter Rescue,dog,Plott Hound Mix,kitten_puppy,White,Friendly; Energetic; Playful,apartment,relaxed,experienced,0,0,4_7,Independent; Energetic; Playful,1,0,0,1,0,0,0,1,0,0,0,1,0,0,1,0,1,0,0,0,0,0.666667,1,0,0,1,0,1,1,0,0,1,0,1,0,1,0,0,0,0
Deuce,cat,Domestic Shorthair Mix,adult,Orange,Calm; Independent; Affectionate,house_with_yard,moderate,first_time,1,0,0_3,Playful,0,1,0,0,1,0,1,0,1,0,1,0,0,1,0,1,0,0,1,0,0,0.0,0,0,0,0,0,1,0,0,0,0,1,0,0,0,1,1,0,1
*Hotch,dog,German Shepherd Mix,adult,Black,Friendly; Energetic; Affectionate; Protective,apartment,high,first_time,0,0,4_7,Calm; Independent; Friendly,1,0,0,0,0,1,1,0,0,0,0,1,0,1,1,0,0,0,1,0,0,0.288675,0,1,1,0,0,0,1,0,0,1,0,1,0,0,0,1,1,0
Spider Man,cat,Domestic Shorthair Mix,kitten_puppy,Black,Energetic; Playful; Affectionate,apartment,moderate,first_time,0,0,8_plus,Energetic,1,0,0,0,1,0,1,0,0,0,0,0,1,0,0,1,1,0,0,0,0,0.57735,1,0,0,1,0,0,0,0,0,0,0,1,0,1,0,1,0,1
Monkey,cat,Domestic Shorthair Mix,kitten_puppy,Black,Energetic; Playful; Affectionate,house_no_yard,high,first_time,1,1,4_7,Calm; Shy,0,0,1,0,0,1,1,0,1,1,0,1,0,0,0,1,1,0,0,0,0,0.0,0,0,1,0,1,0,0,0,0,0,0,1,0,1,0,1,0,1
Gizmo,cat,Domestic Shorthair Mix,adult,Black,Calm; Independent; Affectionate,house_no_yard,high,first_time,0,0,8_plus,Affectionate; Independent,0,0,1,0,0,1,1,0,0,0,0,0,1,0,0,1,0,0,1,0,0,0.816497,1,0,0,0,0,0,1,1,0,0,1,0,0,0,1,1,0,1
*Nellie,dog,Labrador Retriever Mix,young,White,Friendly; Energetic; Playful; Affectionate,apartment,moderate,first_time,1,0,4_7,Friendly; Energetic; Affectionate,1,0,0,0,1,0,1,0,1,0,0,1,0,0,1,0,0,1,0,0,0,0.866025,0,1,0,1,0,0,0,1,0,1,0,1,0,1,0,1,0,1
*Spencer,dog,Labrador Retriever Mix,senior,Brown,Friendly; Calm; Playful; Independent; Affectionate,apartment,moderate,experienced,0,1,8_plus,Affectionate; Shy; Playful,1,0,0,0,1,0,0,1,0,1,0,0,1,0,1,0,0,0,0,1,0,0.516398,0,0,0,0,1,1,0,1,0,1,1,0,0,1,1,1,0,1
Chocolate,dog,Flat Coat Retriever Mix,adult,Black,Friendly; Playful; Affectionate,house_with_yard,high,first_time,0,1,4_7,Affectionate; Independent,0,1,0,0,0,1,1,0,0,1,0,1,0,0,1,0,0,0,1,0,0,0.408248,0,0,0,0,0,0,1,1,0,1,0,0,0,1,0,1,0,1
Bethany,dog,Pug Mix,kitten_puppy,White,Friendly; Calm; Energetic; Playful; Affectionate,apartment,moderate,first_time,1,0,4_7,Friendly; Playful,1,0,0,0,1,0,1,0,1,0,0,1,0,0,1,0,1,0,0,0,0,0.632456,0,1,0,0,0,1,0,0,0,1,1,1,0,1,0,1,0,1
Lizzie,dog,Dachshund Mix,kitten_puppy,Black,Friendly; Calm; Energetic; Playful; Affectionate,house_with_yard,moderate,first_time,0,1,0_3,Independent,0,1,0,0,1,0,1,0,0,1,1,0,0,0,1,0,1,0,0,0,0,0.0,1,0,0,0,0,0,1,0,0,1,1,1,0,1,0,1,0,1
Schmitz,cat,Domestic Longhair Mix,kitten_puppy,Black,Energetic; Playful; Affectionate,house_no_yard,moderate,first_time,0,0,8_plus,Independent; Shy,0,0,1,0,1,0,1,0,0,0,0,0,1,0,0,1,1,0,0,0,0,0.0,0,0,0,0,1,0,1,0,0,0,0,1,0,1,0,1,0,0
*Jill,dog,Boxer Mix,kitten_puppy,White,Friendly; Energetic; Playful,apartment,high,first_time,1,1,4_7,Playful,1,0,0,0,0,1,1,0,1,1,0,1,0,0,1,0,1,0,0,0,0,0.57735,0,0,0,0,0,1,0,0,0,1,0,1,0,1,0,0,0,1
Romer,dog,Blue Lacy Mix,kitten_puppy,Gray,Friendly; Energetic; Playful,house_with_yard,moderate,first_time,0,0,0_3,Protective; Playful,0,1,0,0,1,0,1,0,0,0,1,0,0,0,1,0,1,0,0,0,0,0.408248,0,0,0,0,0,1,0,0,1,1,0,1,0,1,0,0,0,1
Rufus Jenkin,dog,Cairn Terrier Mix,adult,Brown,Friendly; Energetic; Affectionate,house_with_yard,high,experienced,0,0,0_3,Calm; Independent,0,1,0,0,0,1,0,1,0,0,1,0,0,0,1,0,0,0,1,0,0,0.0,0,0,1,0,0,0,1,0,0,1,0,1,0,0,0,1,0,1
*Summer,cat,Domestic Shorthair Mix,young,Tabby,Calm; Independent; Affectionate,house_no_yard,high,experienced,1,1,0_3,Calm,0,0,1,0,0,1,0,1,1,1,1,0,0,1,0,1,0,1,0,0,0,0.57735,1,0,1,0,0,0,0,0,0,0,1,0,0,0,1,1,0,1
Tyler,dog,Labrador Retriever Mix,adult,Black,Friendly; Playful; Affectionate,house_with_yard,relaxed,experienced,1,0,0_3,Affectionate; Friendly,0,1,0,1,0,0,0,1,1,0,1,0,0,0,1,0,0,0,1,0,0,0.816497,0,1,0,0,0,0,0,1,0,1,0,0,0,1,0,1,0,1
Pearson,dog,Miniature Schnauzer/Miniature Poodle,young,White,Friendly; Energetic; Playful; Affectionate,apartment,moderate,first_time,0,0,0_3,Shy; Calm; Independent,1,0,0,0,1,0,1,0,0,0,1,0,0,0,1,0,0,1,0,0,0,0.0,0,0,1,0,1,0,1,0,0,1,0,1,0,1,0,1,0,0
Smokey,dog,Chihuahua Shorthair Mix,young,Brown,Friendly; Calm; Energetic; Playful; Affectionate,house_no_yard,relaxed,first_time,1,1,8_plus,Friendly,0,0,1,1,0,0,1,0,1,1,0,0,1,1,1,0,0,1,0,0,0,0.447214,0,1,0,0,0,0,0,0,0,1,1,1,0,1,0,1,0,1
Shelter Rescue,dog,Labrador Retriever Mix,kitten_puppy,Brown,Friendly; Energetic; Playful; Affectionate,house_with_yard,moderate,experienced,1,0,0_3,Affectionate; Independent; Friendly,0,1,0,0,1,0,0,1,1,0,1,0,0,1,1,0,1,0,0,0,0,0.57735,0,1,0,0,0,0,1,1,0,1,0,1,0,1,0,1,0,1
*Cody,dog,Pit Bull Mix,young,White,Friendly; Energetic; Playful,apartment,relaxed,first_time,1,0,4_7,Protective; Affectionate,1,0,0,1,0,0,1,0,1,0,0,1,0,0,1,0,0,1,0,0,0,0.0,1,0,0,0,0,0,0,1,1,1,0,1,0,1,0,0,0,0
Shelter Rescue,cat,Domestic Shorthair Mix,kitten_puppy,White,Energetic; Playful; Affectionate,apartment,high,experienced,0,1,0_3,Protective,1,0,0,0,0,1,0,1,0,1,1,0,0,0,0,1,1,0,0,0,0,0.0,0,0,0,0,0,0,0,0,1,0,0,1,0,1,0,1,0,1
Nyla,dog,Vizsla Mix,kitten_puppy,Orange,Friendly; Energetic; Playful,apartment,high,first_time,0,0,0_3,Friendly; Shy; Affectionate,1,0,0,0,0,1,1,0,0,0,1,0,0,0,1,0,1,0,0,0,0,0.333333,0,1,0,0,1,0,0,1,0,1,0,1,0,1,0,0,0,1
Saber,dog,Pit Bull Mix,adult,Orange,Friendly; Energetic; Affectionate,house_no_yard,relaxed,first_time,0,1,8_plus,Playful; Energetic,0,0,1,1,0,0,1,0,0,1,0,0,1,0,1,0,0,0,1,0,0,0.408248,0,0,0,1,0,1,0,0,0,1,0,1,0,0,0,1,0,1
Shelter Rescue,dog,Boxer Mix,kitten_puppy,White,Friendly; Energetic; Playful,house_no_yard,moderate,experienced,0,0,0_3,Independent; Calm,0,0,1,0,1,0,0,1,0,0,1,0,0,1,1,0,1,0,0,0,0,0.0,0,0,1,0,0,0,1,0,0,1,0,1,0,1,0,0,0,0
Bella,dog,Belgian Malinois Mix,kitten_puppy,Black,Friendly; Energetic; Playful,house_with_yard,high,experienced,0,0,0_3,Playful,0,1,0,0,0,1,0,1,0,0,1,0,0,1,1,0,1,0,0,0,0,0.57735,0,0,0,0,0,1,0,0,0,1,0,1,0,1,0,0,0,1
Weezy,dog,Norfolk Terrier Mix,senior,Black,Friendly; Calm; Energetic; Independent; Affectionate,apartment,relaxed,first_time,0,1,4_7,Calm; Protective,1,0,0,1,0,0,1,0,0,1,0,1,0,0,1,0,0,0,0,1,0,0.316228,0,0,1,0,0,0,0,0,1,1,1,1,0,0,1,1,0,1
*Sasha,dog,German Shepherd Mix,young,Black,Friendly; Energetic; Playful; Protective,house_with_yard,moderate,experienced,1,1,0_3,Protective; Playful; Affectionate,0,1,0,0,1,0,0,1,1,1,1,0,0,0,1,0,0,1,0,0,0,0.57735,0,0,0,0,0,1,0,1,1,1,0,1,0,1,0,0,1,1
*Caroline,cat,Domestic Shorthair Mix,kitten_puppy,Black,Energetic; Playful; Affectionate,house_with_yard,moderate,experienced,0,1,4_7,Independent,0,1,0,0,1,0,0,1,0,1,0,1,0,1,0,1,1,0,0,0,0,0.0,1,0,0,0,0,0,1,0,0,0,0,1,0,1,0,1,0,1
Shelter Rescue,dog,Pointer Mix,kitten_puppy,Black,Friendly; Energetic; Playful,house_no_yard,relaxed,experienced,0,0,4_7,Independent; Playful; Calm,0,0,1,1,0,0,0,1,0,0,0,1,0,0,1,0,1,0,0,0,0,0.333333,0,0,1,0,0,1,1,0,0,1,0,1,0,1,0,0,0,0
*Millie,dog,Staffordshire Mix,young,White,Friendly; Energetic; Playful,house_with_yard,relaxed,experienced,0,1,4_7,Calm,0,1,0,1,0,0,0,1,0,1,0,1,0,0,1,0,0,1,0,0,0,0.0,1,0,1,0,0,0,0,0,0,1,0,1,0,1,0,0,0,1
*Dandelion,dog,Australian Cattle Dog Mix,adult,White,Friendly; Affectionate,house_with_yard,relaxed,experienced,0,0,4_7,Friendly,0,1,0,1,0,0,0,1,0,0,0,1,0,0,1,0,0,0,1,0,0,0.707107,0,1,0,0,0,0,0,0,0,1,0,0,0,0,0,1,0,0
*Wylie,dog,Jack Russell Terrier/Standard Schnauzer,kitten_puppy,Brown,Friendly; Energetic; Playful,apartment,high,first_time,1,0,8_plus,Playful; Energetic; Friendly,1,0,0,0,0,1,1,0,1,0,0,0,1,0,1,0,1,0,0,0,0,1.0,0,1,0,1,0,1,0,0,0,1,0,1,0,1,0,0,0,1
Fuzz,cat,Norwegian Forest Cat Mix,adult,White,Calm; Independent; Affectionate,house_with_yard,relaxed,experienced,0,1,8_plus,Playful; Energetic,0,1,0,1,0,0,0,1,0,1,0,0,1,0,0,1,0,0,1,0,0,0.0,0,0,0,1,0,1,0,0,0,0,1,0,0,0,1,1,0,1
Dumplingcake,cat,Snowshoe Mix,adult,White,Calm; Independent; Affectionate,house_with_yard,high,first_time,1,0,8_plus,Shy; Protective; Independent,0,1,0,0,0,1,1,0,1,0,0,0,1,0,0,1,0,0,1,0,0,0.333333,1,0,0,0,1,0,1,0,1,0,1,0,0,0,1,1,0,1
Shelter Rescue,dog,Cairn Terrier Mix,kitten_puppy,Gray,Friendly; Energetic; Playful,house_with_yard,moderate,first_time,0,0,8_plus,Independent,0,1,0,0,1,0,1,0,0,0,0,0,1,0,1,0,1,0,0,0,0,0.0,0,0,0,0,0,0,1,0,0,1,0,1,0,1,0,0,0,0
*Osito,dog,German Shepherd Mix,kitten_puppy,Black,Friendly; Energetic; Playful; Protective,apartment,moderate,experienced,0,1,0_3,Shy,1,0,0,0,1,0,0,1,0,1,1,0,0,1,1,0,1,0,0,0,0,0.0,1,0,0,0,1,0,0,0,0,1,0,1,0,1,0,0,1,1
*Selena,cat,Domestic Shorthair Mix,young,White,Calm; Independent; Affectionate,apartment,moderate,experienced,0,1,0_3,Affectionate,1,0,0,0,1,0,0,1,0,1,1,0,0,0,0,1,0,1,0,0,0,0.57735,0,0,0,0,0,0,0,1,0,0,1,0,0,0,1,1,0,1
*Riley,cat,Domestic Shorthair Mix,kitten_puppy,Black,Energetic; Playful; Affectionate,house_no_yard,high,experienced,1,1,8_plus,Independent,0,0,1,0,0,1,0,1,1,1,0,0,1,0,0,1,1,0,0,0,0,0.0,0,0,0,0,0,0,1,0,0,0,0,1,0,1,0,1,0,0
